negocio,etapa1_cotacao,etapa2_autorizacao,etapa3_cirurgia,etapa4_faturamento,status,ganho,ano,mes,vendedor,cliente,tipo_pagador,estado,produto,linha_produto,valor,receita_ganha,valor_perdido,motivo_perda,etapa_perda,dias_consignacao,dias_pagamento,ciclo_total_dias,dias_cotacao_autorizacao,dias_cirurgia_faturamento,valor_glosado,valor_recuperado,glosa_nao_recuperada
FH-2021-00059,2021-01-02,2021-01-26,2021-02-06,2021-05-03,Ganho,1,2021,2021-02,Ricardo Aragão,Bem-Estar Saúde,Operadora verticalizada,PE,Marcapasso,Cardiologia,115092,115092,0,,,62,149,211,24,86,10365,5953,4412
FH-2021-00015,2021-01-04,2021-01-09,2021-01-11,2021-04-01,Ganho,1,2021,2021-01,Marcelo Bastos,Hospital Estadual de Pernambuco,Hospital público,PE,Cateter para angioplastia,Cardiologia,159307,159307,0,,,55,129,184,5,80,17736,9237,8499
FH-2021-00017,2021-01-06,2021-01-29,,,Perdido,0,2021,2021-01,Ricardo Aragão,Vitalis Rede Integrada,Operadora verticalizada,PE,Placas e parafusos,Ortopedia,711811,0,711811,Autorização expirou,E2 Autorizacao,0,0,0,23,0,0,0,0
FH-2021-00147,2021-01-06,2021-01-11,2021-01-16,2021-03-22,Ganho,1,2021,2021-01,Fábio Correia,Vitalis Rede Integrada,Operadora verticalizada,PE,Material para artroscopia,Ortopedia,111039,111039,0,,,42,162,204,5,65,11111,3913,7198
FH-2021-00149,2021-01-06,,,,Perdido,0,2021,2021-01,Ricardo Aragão,Hospital Metropolitano Norte,Hospital público,PB,Haste intramedular,Ortopedia,178557,0,178557,Cliente com fornecedor exclusivo,E1 Cotacao,0,0,0,0,0,0,0,0
FH-2021-00124,2021-01-08,,,,Perdido,0,2021,2021-01,Tatiana Coelho,Hospital Aurora,Hospital privado,AL,Implante de quadril,Ortopedia,21442,0,21442,Sem contrato para atender,E1 Cotacao,0,0,0,0,0,0,0,0
FH-2021-00317,2021-01-09,2021-01-23,2021-02-01,2021-04-15,Ganho,1,2021,2021-02,Tatiana Coelho,Clínica Ortopédica Boa Viagem,Hospital privado,PE,Implante de quadril,Ortopedia,62456,62456,0,,,17,111,128,14,73,2757,793,1964
FH-2021-00075,2021-01-12,2021-01-26,2021-01-31,2021-03-26,Ganho,1,2021,2021-01,Ricardo Aragão,Bem-Estar Saúde,Operadora verticalizada,PE,Implante de quadril,Ortopedia,411312,411312,0,,,46,177,223,14,54,64553,18421,46132
FH-2021-00321,2021-01-12,,,,Perdido,0,2021,2021-01,Luciana Prado,Hospital Jaguaribe,Hospital privado,AL,Implante de quadril,Ortopedia,49205,0,49205,Sem contrato para atender,E1 Cotacao,0,0,0,0,0,0,0,0
FH-2021-00372,2021-01-12,2021-01-19,2021-01-29,2021-04-19,Ganho,1,2021,2021-01,Ricardo Aragão,Centro Cirúrgico Casa Forte,Hospital privado,PE,Malha e tela cirúrgica,Cirurgia geral,116225,116225,0,,,78,158,236,7,80,12006,3723,8283
FH-2021-00050,2021-01-13,,,,Perdido,0,2021,2021-01,Rogério Lins,Hospital Sete Coqueiros,Hospital privado,PE,Implante de quadril,Ortopedia,30326,0,30326,Cotação respondida fora do prazo,E1 Cotacao,0,0,0,0,0,0,0,0
FH-2021-00096,2021-01-13,2021-02-06,2021-02-24,2021-05-04,Ganho,1,2021,2021-02,Rogério Lins,Hospital Aurora,Hospital privado,AL,Implante de quadril,Ortopedia,43643,43643,0,,,31,106,137,24,69,3313,1097,2216
FH-2021-00214,2021-01-13,2021-01-28,2021-02-07,2021-05-14,Ganho,1,2021,2021-02,Marcelo Bastos,Hospital Costa Verde,Hospital privado,RN,Haste intramedular,Ortopedia,18367,18367,0,,,54,130,184,15,96,965,617,348
FH-2021-00254,2021-01-13,2021-01-16,2021-01-30,2021-04-20,Ganho,1,2021,2021-01,Luciana Prado,Hospital São Rafael de Olinda,Hospital privado,PE,Stent farmacológico,Cardiologia,61069,61069,0,,,43,106,149,3,80,2828,1682,1146
FH-2021-00298,2021-01-14,,,,Perdido,0,2021,2021-01,Tatiana Coelho,Vitalis Rede Integrada,Operadora verticalizada,PE,Placas e parafusos,Ortopedia,45535,0,45535,Preço acima do concorrente,E1 Cotacao,0,0,0,0,0,0,0,0
FH-2021-00340,2021-01-15,2021-01-18,2021-01-30,2021-02-18,Ganho,1,2021,2021-01,Marcelo Bastos,Hospital Vila Nova,Hospital privado,AL,Material para artroscopia,Ortopedia,180927,180927,0,,,40,148,188,3,19,18489,11700,6789
FH-2021-00205,2021-01-16,2021-01-28,2021-02-15,2021-04-03,Perdido,0,2021,2021-02,Tatiana Coelho,Hospital Sete Coqueiros,Hospital privado,PE,Grampeador cirúrgico,Cirurgia geral,26305,0,26305,Glosa não recuperada,E4 Faturamento,19,0,19,12,47,0,0,0
FH-2021-00239,2021-01-16,2021-02-09,2021-02-12,2021-03-31,Perdido,0,2021,2021-02,Luciana Prado,Hospital Casa Amarela,Hospital privado,PE,Grampeador cirúrgico,Cirurgia geral,13480,0,13480,Inadimplência do cliente,E4 Faturamento,44,0,44,24,47,0,0,0
FH-2021-00267,2021-01-22,,,,Perdido,0,2021,2021-01,Fábio Correia,Hospital Ilha do Leite,Hospital privado,PE,Cateter para angioplastia,Cardiologia,85504,0,85504,Cliente com fornecedor exclusivo,E1 Cotacao,0,0,0,0,0,0,0,0
FH-2021-00272,2021-01-22,2021-02-01,2021-02-11,2021-04-16,Ganho,1,2021,2021-02,Fábio Correia,Bem-Estar Saúde,Operadora verticalizada,PE,Implante de quadril,Ortopedia,169329,169329,0,,,47,165,212,10,64,13521,8225,5296
FH-2021-00024,2021-01-23,2021-02-17,2021-03-02,2021-04-22,Ganho,1,2021,2021-03,Ricardo Aragão,Clinipar Integrada,Operadora verticalizada,PE,Implante de quadril,Ortopedia,123670,123670,0,,,77,145,222,25,51,9872,5183,4689
FH-2021-00356,2021-01-23,2021-02-03,2021-02-13,,Perdido,0,2021,2021-02,Ricardo Aragão,Hospital Costa Verde,Hospital privado,RN,Implante de joelho,Ortopedia,124535,0,124535,Troca de fornecedor em sala,E3 Cirurgia,77,0,77,11,0,0,0,0
FH-2021-00007,2021-01-25,,,,Perdido,0,2021,2021-01,Tatiana Coelho,Hospital Nossa Senhora do Carmo,Hospital privado,PE,Haste intramedular,Ortopedia,62388,0,62388,Produto indisponível em estoque,E1 Cotacao,0,0,0,0,0,0,0,0
FH-2021-00200,2021-01-25,2021-02-01,2021-02-14,2021-04-05,Ganho,1,2021,2021-02,Marcelo Bastos,Hospital Casa Amarela,Hospital privado,PE,Material para artroscopia,Ortopedia,170333,170333,0,,,58,124,182,7,50,17011,4961,12050
FH-2021-00354,2021-01-25,2021-02-08,2021-02-25,2021-04-11,Ganho,1,2021,2021-02,Ricardo Aragão,Clinipar Integrada,Operadora verticalizada,PE,Cateter para angioplastia,Cardiologia,142230,142230,0,,,69,146,215,14,45,12311,5235,7076
FH-2021-00038,2021-01-26,,,,Perdido,0,2021,2021-01,Marcelo Bastos,Vitalis Rede Integrada,Operadora verticalizada,PE,Stent farmacológico,Cardiologia,228013,0,228013,Produto indisponível em estoque,E1 Cotacao,0,0,0,0,0,0,0,0
FH-2021-00362,2021-01-26,2021-02-06,2021-02-21,2021-05-17,Ganho,1,2021,2021-02,Luciana Prado,Hospital Ponta Negra,Hospital privado,PE,Haste intramedular,Ortopedia,48184,48184,0,,,36,110,146,11,85,3475,2134,1341
FH-2021-00114,2021-01-27,,,,Perdido,0,2021,2021-01,Paulo Menezes,Hospital Nossa Senhora do Carmo,Hospital privado,PE,Haste intramedular,Ortopedia,95960,0,95960,Cotação respondida fora do prazo,E1 Cotacao,0,0,0,0,0,0,0,0
FH-2021-00121,2021-01-27,2021-02-01,2021-02-17,2021-03-14,Ganho,1,2021,2021-02,Rogério Lins,Hospital Ilha do Leite,Hospital privado,PE,Implante de joelho,Ortopedia,147698,147698,0,,,50,136,186,5,25,15294,7100,8194
FH-2021-00189,2021-01-27,2021-02-22,2021-02-26,2021-05-20,Ganho,1,2021,2021-02,Paulo Menezes,Bem-Estar Saúde,Operadora verticalizada,PE,Placas e parafusos,Ortopedia,277823,277823,0,,,36,118,154,26,83,15768,7661,8107
FH-2021-00042,2021-01-28,2021-02-14,2021-02-19,2021-05-07,Ganho,1,2021,2021-02,Ricardo Aragão,Bem-Estar Saúde,Operadora verticalizada,PE,Implante de joelho,Ortopedia,147288,147288,0,,,68,156,224,17,77,17739,8195,9544
FH-2021-00044,2021-02-01,,,,Perdido,0,2021,2021-02,Fábio Correia,Bem-Estar Saúde,Operadora verticalizada,PE,Malha e tela cirúrgica,Cirurgia geral,14762,0,14762,Produto indisponível em estoque,E1 Cotacao,0,0,0,0,0,0,0,0
FH-2021-00369,2021-02-01,2021-02-20,2021-02-24,2021-05-11,Ganho,1,2021,2021-02,Fábio Correia,Hospital Costa Verde,Hospital privado,RN,Placas e parafusos,Ortopedia,22570,22570,0,,,40,158,198,19,76,1704,1067,637
FH-2021-00165,2021-02-03,2021-02-13,2021-02-27,2021-05-19,Ganho,1,2021,2021-02,Paulo Menezes,Hospital Prazeres,Hospital privado,PE,Grampeador cirúrgico,Cirurgia geral,15871,15871,0,,,46,109,155,10,81,707,348,359
FH-2021-00290,2021-02-03,2021-02-08,2021-02-17,2021-03-25,Ganho,1,2021,2021-02,Rogério Lins,Hospital Ponta Verde,Hospital privado,PE,Implante de joelho,Ortopedia,85902,85902,0,,,27,137,164,5,36,7640,4392,3248
FH-2021-00352,2021-02-03,2021-02-25,2021-03-16,2021-05-25,Ganho,1,2021,2021-03,Marcelo Bastos,Bem-Estar Saúde,Operadora verticalizada,PE,Implante de joelho,Ortopedia,52994,52994,0,,,36,148,184,22,70,2803,1281,1522
FH-2021-00195,2021-02-04,,,,Perdido,0,2021,2021-02,Rogério Lins,Clínica Cardio Espinheiro,Hospital privado,AL,Stent farmacológico,Cardiologia,138796,0,138796,Cotação respondida fora do prazo,E1 Cotacao,0,0,0,0,0,0,0,0
FH-2021-00311,2021-02-04,2021-02-15,2021-02-20,2021-04-18,Ganho,1,2021,2021-02,Paulo Menezes,Bem-Estar Saúde,Operadora verticalizada,PE,Placas e parafusos,Ortopedia,133483,133483,0,,,34,102,136,11,57,5846,4095,1751
FH-2021-00058,2021-02-05,,,,Perdido,0,2021,2021-02,Marcelo Bastos,Hospital Monte Sinai,Hospital privado,PE,Introdutor e guia,Cardiologia,43868,0,43868,Preço acima do concorrente,E1 Cotacao,0,0,0,0,0,0,0,0
FH-2021-00363,2021-02-05,,,,Perdido,0,2021,2021-02,Sérgio Tavares,Hospital Farol de Maceió,Hospital privado,AL,Stent farmacológico,Cardiologia,47945,0,47945,Preço acima do concorrente,E1 Cotacao,0,0,0,0,0,0,0,0
FH-2021-00033,2021-02-06,2021-03-03,2021-03-15,2021-05-05,Ganho,1,2021,2021-03,Ricardo Aragão,Clinipar Integrada,Operadora verticalizada,PE,Grampeador cirúrgico,Cirurgia geral,44555,44555,0,,,68,164,232,25,51,3989,1639,2350
FH-2021-00128,2021-02-06,2021-02-14,2021-03-04,2021-04-29,Ganho,1,2021,2021-03,Marcelo Bastos,Hospital Rio Doce,Hospital privado,AL,Kit de consumo cirúrgico,Cirurgia geral,53471,53471,0,,,37,128,165,8,56,3001,1223,1778
FH-2021-00233,2021-02-06,2021-02-12,2021-03-02,2021-05-03,Ganho,1,2021,2021-03,Sérgio Tavares,Centro Cirúrgico Casa Forte,Hospital privado,PE,Stent farmacológico,Cardiologia,45165,45165,0,,,51,127,178,6,62,5389,2465,2924
FH-2021-00344,2021-02-06,2021-02-23,2021-03-14,2021-06-15,Ganho,1,2021,2021-03,Ricardo Aragão,Hospital Aurora,Hospital privado,AL,Placas e parafusos,Ortopedia,32444,32444,0,,,62,148,210,17,93,2275,1420,855
FH-2021-00219,2021-02-08,2021-02-16,,,Perdido,0,2021,2021-02,Fábio Correia,Bem-Estar Saúde,Operadora verticalizada,PE,Marcapasso,Cardiologia,99916,0,99916,Cirurgia cancelada,E2 Autorizacao,0,0,0,8,0,0,0,0
FH-2021-00163,2021-02-09,2021-02-14,2021-02-23,2021-04-24,Ganho,1,2021,2021-02,Ricardo Aragão,Vitalis Rede Integrada,Operadora verticalizada,PE,Implante de quadril,Ortopedia,222674,222674,0,,,54,160,214,5,60,37104,13699,23405
FH-2021-00095,2021-02-10,2021-02-23,2021-03-11,2021-04-23,Perdido,0,2021,2021-03,Tatiana Coelho,Clínica Ortopédica Boa Viagem,Hospital privado,PE,Placas e parafusos,Ortopedia,67340,0,67340,Nota fiscal não autorizada pelo hospital,E4 Faturamento,16,0,16,13,43,0,0,0
FH-2021-00160,2021-02-10,2021-03-02,2021-03-20,2021-05-28,Ganho,1,2021,2021-03,Fábio Correia,Hospital Rio Doce,Hospital privado,AL,Implante de joelho,Ortopedia,30383,30383,0,,,59,139,198,20,69,2995,2124,871
FH-2021-00251,2021-02-10,2021-02-20,2021-03-07,2021-06-01,Ganho,1,2021,2021-03,Ricardo Aragão,Clinipar Integrada,Operadora verticalizada,PE,Haste intramedular,Ortopedia,96260,96260,0,,,66,170,236,10,86,12601,7720,4881
FH-2021-00328,2021-02-10,,,,Perdido,0,2021,2021-02,Tatiana Coelho,Bem-Estar Saúde,Operadora verticalizada,PE,Implante de quadril,Ortopedia,44796,0,44796,Produto indisponível em estoque,E1 Cotacao,0,0,0,0,0,0,0,0
FH-2021-00169,2021-02-11,,,,Perdido,0,2021,2021-02,Marcelo Bastos,Clínica Ortopédica Boa Viagem,Hospital privado,PE,Stent farmacológico,Cardiologia,149436,0,149436,Produto indisponível em estoque,E1 Cotacao,0,0,0,0,0,0,0,0
FH-2021-00046,2021-02-12,2021-02-27,2021-03-03,2021-05-09,Ganho,1,2021,2021-03,Tatiana Coelho,Hospital Madalena,Hospital privado,AL,Cateter para angioplastia,Cardiologia,50036,50036,0,,,29,104,133,15,67,2312,730,1582
FH-2021-00304,2021-02-13,2021-03-06,2021-03-25,2021-05-17,Ganho,1,2021,2021-03,Luciana Prado,Vitalis Rede Integrada,Operadora verticalizada,PE,Introdutor e guia,Cardiologia,63073,63073,0,,,42,114,156,21,53,3997,1927,2070
FH-2021-00004,2021-02-14,2021-03-04,2021-03-24,2021-04-24,Ganho,1,2021,2021-03,Paulo Menezes,Bem-Estar Saúde,Operadora verticalizada,PE,Stent farmacológico,Cardiologia,16095,16095,0,,,35,128,163,18,31,1409,795,614
FH-2021-00078,2021-02-14,2021-03-04,2021-03-07,2021-04-16,Ganho,1,2021,2021-03,Ricardo Aragão,Hospital Vale do Capibaribe,Hospital privado,PE,Material para artroscopia,Ortopedia,50977,50977,0,,,46,146,192,18,40,4342,2561,1781
FH-2021-00157,2021-02-14,2021-02-22,,,Perdido,0,2021,2021-02,Ricardo Aragão,Hospital Casa Amarela,Hospital privado,PE,Implante de quadril,Ortopedia,45047,0,45047,Cirurgia cancelada,E2 Autorizacao,0,0,0,8,0,0,0,0
FH-2021-00026,2021-02-17,2021-03-11,2021-03-29,2021-05-03,Ganho,1,2021,2021-03,Tatiana Coelho,Hospital Casa Amarela,Hospital privado,PE,Cateter para angioplastia,Cardiologia,186656,186656,0,,,16,109,125,22,35,5130,2081,3049
FH-2021-00152,2021-02-17,2021-03-12,2021-03-23,2021-06-25,Ganho,1,2021,2021-03,Paulo Menezes,Vitalis Rede Integrada,Operadora verticalizada,PE,Marcapasso,Cardiologia,56021,56021,0,,,37,102,139,23,94,3156,1515,1641
FH-2021-00027,2021-02-18,2021-02-23,,,Perdido,0,2021,2021-02,Ricardo Aragão,Bem-Estar Saúde,Operadora verticalizada,PE,Stent farmacológico,Cardiologia,154395,0,154395,Procedimento não autorizado pelo pagador,E2 Autorizacao,0,0,0,5,0,0,0,0
FH-2021-00209,2021-02-18,2021-03-04,2021-03-21,2021-05-22,Ganho,1,2021,2021-03,Rogério Lins,Bem-Estar Saúde,Operadora verticalizada,PE,Introdutor e guia,Cardiologia,48738,48738,0,,,34,108,142,14,62,3565,2259,1306
FH-2021-00174,2021-02-20,,,,Perdido,0,2021,2021-02,Sérgio Tavares,Hospital Monte Sinai,Hospital privado,PE,Implante de quadril,Ortopedia,88153,0,88153,Preço acima do concorrente,E1 Cotacao,0,0,0,0,0,0,0,0
FH-2021-00076,2021-02-21,,,,Perdido,0,2021,2021-02,Ricardo Aragão,Hospital Ponta Verde,Hospital privado,PE,Marcapasso,Cardiologia,167021,0,167021,Preço acima do concorrente,E1 Cotacao,0,0,0,0,0,0,0,0
FH-2021-00171,2021-02-21,2021-03-16,,,Perdido,0,2021,2021-02,Ricardo Aragão,Clinipar Integrada,Operadora verticalizada,PE,Material para artroscopia,Ortopedia,231046,0,231046,Troca de fonte pagadora no meio do processo,E2 Autorizacao,0,0,0,23,0,0,0,0
FH-2021-00198,2021-02-22,2021-03-04,2021-03-12,2021-03-30,Ganho,1,2021,2021-03,Ricardo Aragão,Clinipar Integrada,Operadora verticalizada,PE,Placas e parafusos,Ortopedia,220139,220139,0,,,53,146,199,10,18,28725,10585,18140
FH-2021-00072,2021-02-24,2021-03-20,2021-04-06,2021-05-24,Ganho,1,2021,2021-04,Tatiana Coelho,Hospital Monte Sinai,Hospital privado,PE,Introdutor e guia,Cardiologia,66852,66852,0,,,29,101,130,24,48,2539,1361,1178
FH-2021-00099,2021-02-24,,,,Perdido,0,2021,2021-02,Ricardo Aragão,Clinipar Integrada,Operadora verticalizada,PE,Placas e parafusos,Ortopedia,175124,0,175124,Cliente com fornecedor exclusivo,E1 Cotacao,0,0,0,0,0,0,0,0
FH-2021-00179,2021-02-24,2021-02-27,2021-03-08,2021-05-03,Ganho,1,2021,2021-03,Paulo Menezes,Bem-Estar Saúde,Operadora verticalizada,PE,Implante de quadril,Ortopedia,139141,139141,0,,,45,122,167,3,56,8061,2925,5136
FH-2021-00066,2021-02-26,2021-03-13,2021-03-27,2021-04-21,Ganho,1,2021,2021-03,Rogério Lins,Bem-Estar Saúde,Operadora verticalizada,PE,Placas e parafusos,Ortopedia,153801,153801,0,,,35,140,175,15,25,10865,7945,2920
FH-2021-00156,2021-02-26,,,,Perdido,0,2021,2021-02,Tatiana Coelho,Hospital Nossa Senhora do Carmo,Hospital privado,PE,Material para artroscopia,Ortopedia,202393,0,202393,Preço acima do concorrente,E1 Cotacao,0,0,0,0,0,0,0,0
FH-2021-00364,2021-02-26,,,,Perdido,0,2021,2021-02,Marcelo Bastos,Centro Cirúrgico Casa Forte,Hospital privado,PE,Implante de quadril,Ortopedia,61874,0,61874,Produto indisponível em estoque,E1 Cotacao,0,0,0,0,0,0,0,0
FH-2021-00005,2021-02-27,2021-03-02,2021-03-05,2021-04-25,Ganho,1,2021,2021-03,Ricardo Aragão,Vitalis Rede Integrada,Operadora verticalizada,PE,Grampeador cirúrgico,Cirurgia geral,221280,221280,0,,,58,148,206,3,51,20086,6156,13930
FH-2021-00292,2021-02-27,2021-03-09,2021-03-20,2021-04-18,Ganho,1,2021,2021-03,Ricardo Aragão,Clinipar Integrada,Operadora verticalizada,PE,Introdutor e guia,Cardiologia,484523,484523,0,,,73,154,227,10,29,44259,23598,20661
FH-2021-00330,2021-02-27,2021-03-03,,,Perdido,0,2021,2021-02,Marcelo Bastos,Vitalis Rede Integrada,Operadora verticalizada,PE,Haste intramedular,Ortopedia,349184,0,349184,Autorização expirou,E2 Autorizacao,0,0,0,4,0,0,0,0
FH-2021-00158,2021-02-28,2021-03-23,2021-03-27,2021-06-20,Ganho,1,2021,2021-03,Paulo Menezes,Vitalis Rede Integrada,Operadora verticalizada,PE,Stent farmacológico,Cardiologia,336776,336776,0,,,38,123,161,23,85,18181,5175,13006
FH-2021-00274,2021-02-28,,,,Perdido,0,2021,2021-02,Ricardo Aragão,Clinipar Integrada,Operadora verticalizada,PE,Implante de quadril,Ortopedia,209679,0,209679,Cliente com fornecedor exclusivo,E1 Cotacao,0,0,0,0,0,0,0,0
FH-2021-00223,2021-03-01,2021-03-05,2021-03-23,2021-06-25,Ganho,1,2021,2021-03,Paulo Menezes,Hospital Geral de Maceió,Hospital público,RN,Material para artroscopia,Ortopedia,38015,38015,0,,,37,100,137,4,94,3292,2357,935
FH-2021-00180,2021-03-03,2021-03-20,2021-03-26,2021-06-04,Ganho,1,2021,2021-03,Ricardo Aragão,Clinipar Integrada,Operadora verticalizada,PE,Cateter para angioplastia,Cardiologia,112910,112910,0,,,64,153,217,17,70,11507,3757,7750
FH-2021-00308,2021-03-03,,,,Perdido,0,2021,2021-03,Paulo Menezes,Vitalis Rede Integrada,Operadora verticalizada,PE,Haste intramedular,Ortopedia,87426,0,87426,Preço acima do concorrente,E1 Cotacao,0,0,0,0,0,0,0,0
FH-2021-00082,2021-03-04,2021-03-18,2021-03-21,2021-04-28,Ganho,1,2021,2021-03,Fábio Correia,Clinipar Integrada,Operadora verticalizada,PE,Stent farmacológico,Cardiologia,561681,561681,0,,,44,143,187,14,38,37667,25083,12584
FH-2021-00143,2021-03-04,2021-03-21,2021-03-28,2021-04-15,Ganho,1,2021,2021-03,Marcelo Bastos,Clinipar Integrada,Operadora verticalizada,PE,Kit de consumo cirúrgico,Cirurgia geral,177230,177230,0,,,30,118,148,17,18,14163,7758,6405
FH-2021-00182,2021-03-04,,,,Perdido,0,2021,2021-03,Rogério Lins,Hospital Monte Sinai,Hospital privado,PE,Implante de joelho,Ortopedia,53159,0,53159,Cotação respondida fora do prazo,E1 Cotacao,0,0,0,0,0,0,0,0
FH-2021-00332,2021-03-04,2021-03-25,2021-04-13,2021-07-11,Ganho,1,2021,2021-04,Rogério Lins,Vitalis Rede Integrada,Operadora verticalizada,PE,Introdutor e guia,Cardiologia,172010,172010,0,,,32,120,152,21,89,17766,6807,10959
FH-2021-00240,2021-03-05,2021-03-21,2021-04-09,2021-04-30,Ganho,1,2021,2021-04,Marcelo Bastos,Clínica Cardio Espinheiro,Hospital privado,AL,Marcapasso,Cardiologia,463293,463293,0,,,30,124,154,16,21,49948,23844,26104
FH-2021-00275,2021-03-05,2021-03-20,,,Perdido,0,2021,2021-03,Ricardo Aragão,Clinipar Integrada,Operadora verticalizada,PE,Haste intramedular,Ortopedia,92488,0,92488,Autorização expirou,E2 Autorizacao,0,0,0,15,0,0,0,0
FH-2021-00329,2021-03-05,2021-03-19,2021-03-24,2021-04-16,Ganho,1,2021,2021-03,Paulo Menezes,Vitalis Rede Integrada,Operadora verticalizada,PE,Marcapasso,Cardiologia,72923,72923,0,,,24,110,134,14,23,3447,1635,1812
FH-2021-00136,2021-03-06,2021-03-21,2021-03-24,2021-06-16,Ganho,1,2021,2021-03,Marcelo Bastos,Bem-Estar Saúde,Operadora verticalizada,PE,Kit de consumo cirúrgico,Cirurgia geral,34921,34921,0,,,50,113,163,15,84,2571,1320,1251
FH-2021-00336,2021-03-06,2021-03-22,2021-04-08,2021-05-16,Ganho,1,2021,2021-04,Sérgio Tavares,Clínica Cardio Espinheiro,Hospital privado,AL,Implante de joelho,Ortopedia,96298,96298,0,,,41,124,165,16,38,7168,4240,2928
FH-2021-00126,2021-03-07,,,,Perdido,0,2021,2021-03,Fábio Correia,Hospital Estadual de Pernambuco,Hospital público,PE,Implante de joelho,Ortopedia,50465,0,50465,Preço acima do concorrente,E1 Cotacao,0,0,0,0,0,0,0,0
FH-2021-00232,2021-03-07,2021-03-23,2021-04-05,,Perdido,0,2021,2021-04,Luciana Prado,Hospital Ilha do Leite,Hospital privado,PE,Implante de quadril,Ortopedia,20805,0,20805,Troca de fornecedor em sala,E3 Cirurgia,43,0,43,16,0,0,0,0
FH-2021-00299,2021-03-07,2021-03-22,2021-03-28,2021-06-14,Ganho,1,2021,2021-03,Rogério Lins,Clinipar Integrada,Operadora verticalizada,PE,Material para artroscopia,Ortopedia,94676,94676,0,,,39,140,179,15,78,9018,4843,4175
FH-2021-00348,2021-03-09,2021-03-12,2021-03-14,2021-04-24,Ganho,1,2021,2021-03,Luciana Prado,Vitalis Rede Integrada,Operadora verticalizada,PE,Marcapasso,Cardiologia,111682,111682,0,,,25,126,151,3,41,9209,5493,3716
FH-2021-00371,2021-03-09,,,,Perdido,0,2021,2021-03,Ricardo Aragão,Hospital Monte Sinai,Hospital privado,PE,Material para artroscopia,Ortopedia,113619,0,113619,Cliente com fornecedor exclusivo,E1 Cotacao,0,0,0,0,0,0,0,0
FH-2021-00296,2021-03-10,2021-03-26,,,Perdido,0,2021,2021-03,Ricardo Aragão,Bem-Estar Saúde,Operadora verticalizada,PE,Kit de consumo cirúrgico,Cirurgia geral,248901,0,248901,Autorização expirou,E2 Autorizacao,0,0,0,16,0,0,0,0
FH-2021-00036,2021-03-11,,,,Perdido,0,2021,2021-03,Sérgio Tavares,Hospital Real do Recife,Hospital privado,PB,Grampeador cirúrgico,Cirurgia geral,50537,0,50537,Cotação respondida fora do prazo,E1 Cotacao,0,0,0,0,0,0,0,0
FH-2021-00014,2021-03-12,2021-03-16,2021-03-19,2021-06-08,Ganho,1,2021,2021-03,Rogério Lins,Hospital Piedade,Hospital privado,RN,Introdutor e guia,Cardiologia,57700,57700,0,,,24,139,163,4,81,2843,1316,1527
FH-2021-00097,2021-03-13,2021-03-28,2021-04-08,2021-05-10,Ganho,1,2021,2021-04,Fábio Correia,Clinipar Integrada,Operadora verticalizada,PE,Cateter para angioplastia,Cardiologia,106032,106032,0,,,42,147,189,15,32,7267,3086,4181
FH-2021-00142,2021-03-13,,,,Perdido,0,2021,2021-03,Sérgio Tavares,Clinipar Integrada,Operadora verticalizada,PE,Placas e parafusos,Ortopedia,195254,0,195254,Sem contrato para atender,E1 Cotacao,0,0,0,0,0,0,0,0
FH-2021-00185,2021-03-13,2021-03-22,2021-04-09,,Perdido,0,2021,2021-04,Sérgio Tavares,Bem-Estar Saúde,Operadora verticalizada,PE,Implante de quadril,Ortopedia,191366,0,191366,Material devolvido sem uso,E3 Cirurgia,53,0,53,9,0,0,0,0
FH-2021-00103,2021-03-14,2021-03-17,,,Perdido,0,2021,2021-03,Tatiana Coelho,Hospital Ponta Verde,Hospital privado,PE,Haste intramedular,Ortopedia,33642,0,33642,Cirurgia cancelada,E2 Autorizacao,0,0,0,3,0,0,0,0
FH-2021-00141,2021-03-14,2021-03-24,,,Perdido,0,2021,2021-03,Marcelo Bastos,Bem-Estar Saúde,Operadora verticalizada,PE,Implante de quadril,Ortopedia,86190,0,86190,Autorização expirou,E2 Autorizacao,0,0,0,10,0,0,0,0
FH-2021-00177,2021-03-16,2021-03-27,2021-04-06,2021-06-15,Ganho,1,2021,2021-04,Luciana Prado,Hospital Ilha do Leite,Hospital privado,PE,Cateter para angioplastia,Cardiologia,31420,31420,0,,,35,126,161,11,70,2114,906,1208
FH-2021-00016,2021-03-17,,,,Perdido,0,2021,2021-03,Luciana Prado,Vitalis Rede Integrada,Operadora verticalizada,PE,Placas e parafusos,Ortopedia,117303,0,117303,Produto indisponível em estoque,E1 Cotacao,0,0,0,0,0,0,0,0
FH-2021-00048,2021-03-17,2021-03-22,2021-04-01,2021-06-05,Ganho,1,2021,2021-04,Marcelo Bastos,Clinipar Integrada,Operadora verticalizada,PE,Placas e parafusos,Ortopedia,413307,413307,0,,,35,136,171,5,65,42807,15929,26878
FH-2021-00250,2021-03-21,2021-04-05,,,Perdido,0,2021,2021-03,Tatiana Coelho,Hospital Vale do Capibaribe,Hospital privado,PE,Implante de quadril,Ortopedia,107915,0,107915,Procedimento não autorizado pelo pagador,E2 Autorizacao,0,0,0,15,0,0,0,0
FH-2021-00255,2021-03-21,2021-04-04,2021-04-18,2021-05-15,Ganho,1,2021,2021-04,Sérgio Tavares,Clinipar Integrada,Operadora verticalizada,PE,Haste intramedular,Ortopedia,110424,110424,0,,,36,130,166,14,27,9480,6240,3240
FH-2021-00003,2021-03-22,2021-04-05,2021-04-12,2021-07-13,Ganho,1,2021,2021-04,Luciana Prado,Hospital Ponta Negra,Hospital privado,PE,Stent farmacológico,Cardiologia,16017,16017,0,,,44,113,157,14,92,980,670,310
FH-2021-00012,2021-03-22,,,,Perdido,0,2021,2021-03,Marcelo Bastos,Clinipar Integrada,Operadora verticalizada,PE,Implante de joelho,Ortopedia,321689,0,321689,Cliente com fornecedor exclusivo,E1 Cotacao,0,0,0,0,0,0,0,0
FH-2021-00122,2021-03-22,,,,Perdido,0,2021,2021-03,Ricardo Aragão,Bem-Estar Saúde,Operadora verticalizada,PE,Marcapasso,Cardiologia,761647,0,761647,Produto indisponível em estoque,E1 Cotacao,0,0,0,0,0,0,0,0
FH-2021-00220,2021-03-22,2021-04-17,2021-04-21,,Perdido,0,2021,2021-04,Tatiana Coelho,Hospital Geral de Maceió,Hospital público,RN,Stent farmacológico,Cardiologia,39517,0,39517,Extravio intra-hospitalar,E3 Cirurgia,26,0,26,26,0,0,0,0
FH-2021-00238,2021-03-23,2021-04-17,2021-04-23,2021-06-24,Ganho,1,2021,2021-04,Paulo Menezes,Hospital Graças,Hospital privado,PE,Implante de joelho,Ortopedia,28136,28136,0,,,26,130,156,25,62,2001,1129,872
FH-2021-00307,2021-03-24,2021-04-11,2021-04-16,2021-07-05,Ganho,1,2021,2021-04,Rogério Lins,Hospital Jaguaribe,Hospital privado,AL,Placas e parafusos,Ortopedia,78592,78592,0,,,46,109,155,18,80,5165,1967,3198
FH-2021-00379,2021-03-24,,,,Perdido,0,2021,2021-03,Marcelo Bastos,Hospital Municipal de Paulista,Hospital público,PE,Stent farmacológico,Cardiologia,429083,0,429083,Cliente com fornecedor exclusivo,E1 Cotacao,0,0,0,0,0,0,0,0
FH-2021-00187,2021-03-25,,,,Perdido,0,2021,2021-03,Marcelo Bastos,Hospital Real do Recife,Hospital privado,PB,Haste intramedular,Ortopedia,362272,0,362272,Preço acima do concorrente,E1 Cotacao,0,0,0,0,0,0,0,0
FH-2021-00006,2021-03-27,,,,Perdido,0,2021,2021-03,Rogério Lins,Hospital Casa Amarela,Hospital privado,PE,Placas e parafusos,Ortopedia,23526,0,23526,Cliente com fornecedor exclusivo,E1 Cotacao,0,0,0,0,0,0,0,0
FH-2021-00269,2021-03-27,2021-04-10,2021-04-16,2021-06-16,Ganho,1,2021,2021-04,Tatiana Coelho,Clinipar Integrada,Operadora verticalizada,PE,Cateter para angioplastia,Cardiologia,245402,245402,0,,,14,111,125,14,61,8168,5589,2579
FH-2021-00230,2021-03-28,2021-04-03,,,Perdido,0,2021,2021-03,Luciana Prado,Clínica Cardio Espinheiro,Hospital privado,AL,Stent farmacológico,Cardiologia,18837,0,18837,Cirurgia cancelada,E2 Autorizacao,0,0,0,6,0,0,0,0
FH-2021-00247,2021-04-02,2021-04-10,2021-04-29,2021-06-24,Ganho,1,2021,2021-04,Marcelo Bastos,Bem-Estar Saúde,Operadora verticalizada,PE,Material para artroscopia,Ortopedia,216864,216864,0,,,30,116,146,8,56,20888,15448,5440
FH-2021-00377,2021-04-03,2021-04-21,,,Perdido,0,2021,2021-04,Paulo Menezes,Clinipar Integrada,Operadora verticalizada,PE,Implante de quadril,Ortopedia,313616,0,313616,Autorização expirou,E2 Autorizacao,0,0,0,18,0,0,0,0
FH-2021-00190,2021-04-04,2021-04-27,2021-05-14,2021-08-14,Ganho,1,2021,2021-05,Luciana Prado,Hospital Costa Verde,Hospital privado,RN,Cateter para angioplastia,Cardiologia,28653,28653,0,,,36,96,132,23,92,1113,678,435
FH-2021-00349,2021-04-05,2021-04-27,2021-05-12,,Perdido,0,2021,2021-05,Sérgio Tavares,Hospital Geral de Maceió,Hospital público,RN,Material para artroscopia,Ortopedia,26584,0,26584,Material devolvido sem uso,E3 Cirurgia,33,0,33,22,0,0,0,0
FH-2021-00104,2021-04-06,,,,Perdido,0,2021,2021-04,Paulo Menezes,Hospital Municipal de Jaboatão,Hospital público,PE,Implante de quadril,Ortopedia,59737,0,59737,Preço acima do concorrente,E1 Cotacao,0,0,0,0,0,0,0,0
FH-2021-00084,2021-04-07,,,,Perdido,0,2021,2021-04,Sérgio Tavares,Bem-Estar Saúde,Operadora verticalizada,PE,Implante de joelho,Ortopedia,134178,0,134178,Cotação respondida fora do prazo,E1 Cotacao,0,0,0,0,0,0,0,0
FH-2021-00130,2021-04-07,2021-04-14,2021-05-02,2021-06-07,Perdido,0,2021,2021-05,Paulo Menezes,Hospital Geral de Maceió,Hospital público,RN,Stent farmacológico,Cardiologia,64995,0,64995,Divergência na folha de sala,E4 Faturamento,27,0,27,7,36,0,0,0
FH-2021-00133,2021-04-07,,,,Perdido,0,2021,2021-04,Fábio Correia,Clinipar Integrada,Operadora verticalizada,PE,Placas e parafusos,Ortopedia,146966,0,146966,Produto indisponível em estoque,E1 Cotacao,0,0,0,0,0,0,0,0
FH-2021-00319,2021-04-09,2021-04-28,2021-05-12,2021-08-02,Ganho,1,2021,2021-05,Paulo Menezes,Hospital Geral de Maceió,Hospital público,RN,Implante de quadril,Ortopedia,82276,82276,0,,,31,120,151,19,82,5151,1972,3179
FH-2021-00057,2021-04-10,2021-05-05,2021-05-22,2021-08-22,Ganho,1,2021,2021-05,Rogério Lins,Hospital Regional de Petrolina,Hospital público,PE,Stent farmacológico,Cardiologia,116342,116342,0,,,30,138,168,25,92,8520,5056,3464
FH-2021-00291,2021-04-10,2021-05-05,2021-05-07,2021-07-07,Ganho,1,2021,2021-05,Paulo Menezes,Clinipar Integrada,Operadora verticalizada,PE,Implante de joelho,Ortopedia,40577,40577,0,,,24,131,155,25,61,2795,784,2011
FH-2021-00316,2021-04-11,,,,Perdido,0,2021,2021-04,Sérgio Tavares,Clinipar Integrada,Operadora verticalizada,PE,Stent farmacológico,Cardiologia,167689,0,167689,Produto indisponível em estoque,E1 Cotacao,0,0,0,0,0,0,0,0
FH-2021-00221,2021-04-12,2021-04-21,2021-05-06,2021-07-06,Ganho,1,2021,2021-05,Marcelo Bastos,Hospital Monte Sinai,Hospital privado,PE,Stent farmacológico,Cardiologia,57353,57353,0,,,54,145,199,9,61,2890,1052,1838
FH-2021-00155,2021-04-13,2021-04-25,2021-05-14,2021-06-13,Ganho,1,2021,2021-05,Rogério Lins,Bem-Estar Saúde,Operadora verticalizada,PE,Marcapasso,Cardiologia,286860,286860,0,,,37,124,161,12,30,20672,11962,8710
FH-2021-00342,2021-04-13,2021-05-07,2021-05-19,2021-07-25,Ganho,1,2021,2021-05,Marcelo Bastos,Bem-Estar Saúde,Operadora verticalizada,PE,Malha e tela cirúrgica,Cirurgia geral,397789,397789,0,,,51,143,194,24,67,37113,14487,22626
FH-2021-00204,2021-04-15,2021-04-25,2021-04-28,2021-06-30,Perdido,0,2021,2021-04,Sérgio Tavares,Hospital Metropolitano Norte,Hospital público,PB,Implante de quadril,Ortopedia,184155,0,184155,Divergência na folha de sala,E4 Faturamento,49,0,49,10,63,0,0,0
FH-2021-00253,2021-04-15,,,,Perdido,0,2021,2021-04,Luciana Prado,Hospital Prazeres,Hospital privado,PE,Grampeador cirúrgico,Cirurgia geral,17208,0,17208,Preço acima do concorrente,E1 Cotacao,0,0,0,0,0,0,0,0
FH-2021-00334,2021-04-22,2021-04-29,,,Perdido,0,2021,2021-04,Rogério Lins,Bem-Estar Saúde,Operadora verticalizada,PE,Material para artroscopia,Ortopedia,43030,0,43030,Procedimento não autorizado pelo pagador,E2 Autorizacao,0,0,0,7,0,0,0,0
FH-2021-00139,2021-04-23,2021-05-04,2021-05-08,2021-07-26,Ganho,1,2021,2021-05,Fábio Correia,Hospital Geral de Maceió,Hospital público,RN,Implante de joelho,Ortopedia,92409,92409,0,,,51,146,197,11,79,8970,2449,6521
FH-2021-00259,2021-04-23,2021-05-04,2021-05-17,2021-07-07,Ganho,1,2021,2021-05,Ricardo Aragão,Clinipar Integrada,Operadora verticalizada,PE,Implante de quadril,Ortopedia,77490,77490,0,,,46,146,192,11,51,11468,3805,7663
FH-2021-00020,2021-04-24,,,,Perdido,0,2021,2021-04,Sérgio Tavares,Hospital Real do Recife,Hospital privado,PB,Placas e parafusos,Ortopedia,49728,0,49728,Preço acima do concorrente,E1 Cotacao,0,0,0,0,0,0,0,0
FH-2021-00081,2021-04-24,2021-05-12,,,Perdido,0,2021,2021-04,Ricardo Aragão,Bem-Estar Saúde,Operadora verticalizada,PE,Kit de consumo cirúrgico,Cirurgia geral,50253,0,50253,Troca de fonte pagadora no meio do processo,E2 Autorizacao,0,0,0,18,0,0,0,0
FH-2021-00202,2021-04-26,2021-05-10,2021-05-23,2021-06-16,Ganho,1,2021,2021-05,Tatiana Coelho,Hospital Sete Coqueiros,Hospital privado,PE,Material para artroscopia,Ortopedia,56208,56208,0,,,22,90,112,14,24,2507,808,1699
FH-2021-00074,2021-04-28,,,,Perdido,0,2021,2021-04,Fábio Correia,Bem-Estar Saúde,Operadora verticalizada,PE,Haste intramedular,Ortopedia,85690,0,85690,Preço acima do concorrente,E1 Cotacao,0,0,0,0,0,0,0,0
FH-2021-00201,2021-04-28,2021-05-15,2021-05-23,2021-07-30,Ganho,1,2021,2021-05,Ricardo Aragão,Hospital Municipal de Jaboatão,Hospital público,PE,Implante de quadril,Ortopedia,59026,59026,0,,,69,148,217,17,68,6040,2438,3602
FH-2021-00365,2021-04-28,2021-05-17,2021-05-27,2021-06-29,Ganho,1,2021,2021-05,Ricardo Aragão,Vitalis Rede Integrada,Operadora verticalizada,PE,Grampeador cirúrgico,Cirurgia geral,35442,35442,0,,,61,175,236,19,33,4826,2547,2279
FH-2021-00252,2021-05-01,2021-05-08,2021-05-27,2021-08-07,Ganho,1,2021,2021-05,Marcelo Bastos,Vitalis Rede Integrada,Operadora verticalizada,PE,Malha e tela cirúrgica,Cirurgia geral,112167,112167,0,,,47,124,171,7,72,9914,2767,7147
FH-2021-00271,2021-05-02,,,,Perdido,0,2021,2021-05,Luciana Prado,Hospital Municipal de Paulista,Hospital público,PE,Implante de joelho,Ortopedia,181880,0,181880,Cliente com fornecedor exclusivo,E1 Cotacao,0,0,0,0,0,0,0,0
FH-2021-00257,2021-05-03,,,,Perdido,0,2021,2021-05,Fábio Correia,Hospital Regional do Agreste,Hospital público,RN,Placas e parafusos,Ortopedia,135323,0,135323,Preço acima do concorrente,E1 Cotacao,0,0,0,0,0,0,0,0
FH-2021-00258,2021-05-03,,,,Perdido,0,2021,2021-05,Paulo Menezes,Bem-Estar Saúde,Operadora verticalizada,PE,Malha e tela cirúrgica,Cirurgia geral,203561,0,203561,Cotação respondida fora do prazo,E1 Cotacao,0,0,0,0,0,0,0,0
FH-2021-00060,2021-05-06,2021-05-30,2021-06-05,2021-08-16,Perdido,0,2021,2021-06,Tatiana Coelho,Hospital Piedade,Hospital privado,RN,Stent farmacológico,Cardiologia,71833,0,71833,Inadimplência do cliente,E4 Faturamento,18,0,18,24,72,0,0,0
FH-2021-00100,2021-05-06,2021-05-29,,,Perdido,0,2021,2021-05,Ricardo Aragão,Hospital Geral de Maceió,Hospital público,RN,Introdutor e guia,Cardiologia,298531,0,298531,Autorização expirou,E2 Autorizacao,0,0,0,23,0,0,0,0
FH-2021-00153,2021-05-06,,,,Perdido,0,2021,2021-05,Marcelo Bastos,Bem-Estar Saúde,Operadora verticalizada,PE,Haste intramedular,Ortopedia,339425,0,339425,Preço acima do concorrente,E1 Cotacao,0,0,0,0,0,0,0,0
FH-2021-00161,2021-05-08,2021-05-14,,,Perdido,0,2021,2021-05,Marcelo Bastos,Hospital Piedade,Hospital privado,RN,Cateter para angioplastia,Cardiologia,147248,0,147248,Cirurgia cancelada,E2 Autorizacao,0,0,0,6,0,0,0,0
FH-2021-00268,2021-05-08,,,,Perdido,0,2021,2021-05,Ricardo Aragão,Vitalis Rede Integrada,Operadora verticalizada,PE,Placas e parafusos,Ortopedia,289167,0,289167,Preço acima do concorrente,E1 Cotacao,0,0,0,0,0,0,0,0
FH-2021-00242,2021-05-10,2021-05-20,2021-05-25,2021-08-26,Ganho,1,2021,2021-05,Ricardo Aragão,Vitalis Rede Integrada,Operadora verticalizada,PE,Placas e parafusos,Ortopedia,222542,222542,0,,,60,171,231,10,93,35222,9061,26161
FH-2021-00301,2021-05-10,,,,Perdido,0,2021,2021-05,Paulo Menezes,Hospital Metropolitano Norte,Hospital público,PB,Haste intramedular,Ortopedia,25935,0,25935,Preço acima do concorrente,E1 Cotacao,0,0,0,0,0,0,0,0
FH-2021-00208,2021-05-12,2021-05-31,2021-06-07,2021-07-06,Ganho,1,2021,2021-06,Fábio Correia,Hospital Municipal de Garanhuns,Hospital público,PE,Kit de consumo cirúrgico,Cirurgia geral,21193,21193,0,,,61,159,220,19,29,2931,994,1937
FH-2021-00323,2021-05-12,,,,Perdido,0,2021,2021-05,Rogério Lins,Clínica Ortopédica Boa Viagem,Hospital privado,PE,Stent farmacológico,Cardiologia,62286,0,62286,Preço acima do concorrente,E1 Cotacao,0,0,0,0,0,0,0,0
FH-2021-00034,2021-05-13,,,,Perdido,0,2021,2021-05,Paulo Menezes,Hospital Municipal de Jaboatão,Hospital público,PE,Kit de consumo cirúrgico,Cirurgia geral,33991,0,33991,Cliente com fornecedor exclusivo,E1 Cotacao,0,0,0,0,0,0,0,0
FH-2021-00145,2021-05-13,2021-05-16,,,Perdido,0,2021,2021-05,Marcelo Bastos,Vitalis Rede Integrada,Operadora verticalizada,PE,Material para artroscopia,Ortopedia,110538,0,110538,Cirurgia cancelada,E2 Autorizacao,0,0,0,3,0,0,0,0
FH-2021-00110,2021-05-14,,,,Perdido,0,2021,2021-05,Rogério Lins,Hospital Municipal de Paulista,Hospital público,PE,Placas e parafusos,Ortopedia,95743,0,95743,Sem contrato para atender,E1 Cotacao,0,0,0,0,0,0,0,0
FH-2021-00227,2021-05-14,2021-05-29,2021-06-17,2021-07-11,Ganho,1,2021,2021-06,Luciana Prado,Vitalis Rede Integrada,Operadora verticalizada,PE,Placas e parafusos,Ortopedia,368022,368022,0,,,23,103,126,15,24,27447,17862,9585
FH-2021-00080,2021-05-19,2021-06-07,2021-06-20,2021-09-23,Ganho,1,2021,2021-06,Ricardo Aragão,Clinipar Integrada,Operadora verticalizada,PE,Grampeador cirúrgico,Cirurgia geral,124727,124727,0,,,71,176,247,19,95,11281,8272,3009
FH-2021-00211,2021-05-19,2021-06-11,2021-06-29,2021-09-14,Ganho,1,2021,2021-06,Paulo Menezes,Vitalis Rede Integrada,Operadora verticalizada,PE,Marcapasso,Cardiologia,155748,155748,0,,,43,133,176,23,77,13117,5631,7486
FH-2021-00077,2021-05-20,2021-06-14,2021-06-28,2021-08-02,Ganho,1,2021,2021-06,Sérgio Tavares,Clinipar Integrada,Operadora verticalizada,PE,Cateter para angioplastia,Cardiologia,150883,150883,0,,,33,126,159,25,35,18233,5180,13053
FH-2021-00237,2021-05-21,2021-06-12,2021-06-25,2021-08-15,Ganho,1,2021,2021-06,Luciana Prado,Hospital Vale do Capibaribe,Hospital privado,PE,Cateter para angioplastia,Cardiologia,191038,191038,0,,,26,100,126,22,51,9944,3311,6633
FH-2021-00325,2021-05-21,,,,Perdido,0,2021,2021-05,Paulo Menezes,Vitalis Rede Integrada,Operadora verticalizada,PE,Haste intramedular,Ortopedia,178996,0,178996,Preço acima do concorrente,E1 Cotacao,0,0,0,0,0,0,0,0
FH-2021-00324,2021-05-22,2021-06-11,2021-06-18,2021-08-15,Ganho,1,2021,2021-06,Tatiana Coelho,Bem-Estar Saúde,Operadora verticalizada,PE,Cateter para angioplastia,Cardiologia,140256,140256,0,,,15,105,120,20,58,6575,2340,4235
FH-2021-00234,2021-05-23,2021-06-12,2021-06-15,2021-07-05,Ganho,1,2021,2021-06,Fábio Correia,Bem-Estar Saúde,Operadora verticalizada,PE,Marcapasso,Cardiologia,132914,132914,0,,,68,156,224,20,20,18335,12593,5742
FH-2021-00115,2021-05-24,2021-06-01,,,Perdido,0,2021,2021-05,Marcelo Bastos,Clínica Ortopédica Boa Viagem,Hospital privado,PE,Implante de quadril,Ortopedia,58040,0,58040,Troca de fonte pagadora no meio do processo,E2 Autorizacao,0,0,0,8,0,0,0,0
FH-2021-00265,2021-05-24,2021-06-09,2021-06-14,2021-07-23,Perdido,0,2021,2021-06,Tatiana Coelho,Hospital Piedade,Hospital privado,RN,Haste intramedular,Ortopedia,36630,0,36630,Glosa não recuperada,E4 Faturamento,22,0,22,16,39,0,0,0
FH-2021-00337,2021-05-24,2021-06-01,2021-06-11,2021-07-27,Ganho,1,2021,2021-06,Paulo Menezes,Hospital Nossa Senhora do Carmo,Hospital privado,PE,Grampeador cirúrgico,Cirurgia geral,47815,47815,0,,,37,107,144,8,46,3079,1375,1704
FH-2021-00338,2021-05-25,2021-05-30,2021-06-02,2021-08-20,Ganho,1,2021,2021-06,Tatiana Coelho,Vitalis Rede Integrada,Operadora verticalizada,PE,Implante de quadril,Ortopedia,360462,360462,0,,,25,89,114,5,79,12561,7159,5402
FH-2021-00359,2021-05-27,2021-05-30,2021-06-03,2021-07-24,Ganho,1,2021,2021-06,Paulo Menezes,Hospital Estadual de Pernambuco,Hospital público,PE,Implante de joelho,Ortopedia,14416,14416,0,,,36,102,138,3,51,1085,765,320
FH-2021-00264,2021-05-28,,,,Perdido,0,2021,2021-05,Sérgio Tavares,Bem-Estar Saúde,Operadora verticalizada,PE,Cateter para angioplastia,Cardiologia,235650,0,235650,Cotação respondida fora do prazo,E1 Cotacao,0,0,0,0,0,0,0,0
FH-2021-00186,2021-06-01,2021-06-25,2021-07-07,2021-09-29,Ganho,1,2021,2021-07,Fábio Correia,Clinipar Integrada,Operadora verticalizada,PE,Implante de quadril,Ortopedia,512180,512180,0,,,46,165,211,24,84,57168,20568,36600
FH-2021-00207,2021-06-01,,,,Perdido,0,2021,2021-06,Sérgio Tavares,Clinipar Integrada,Operadora verticalizada,PE,Stent farmacológico,Cardiologia,243358,0,243358,Preço acima do concorrente,E1 Cotacao,0,0,0,0,0,0,0,0
FH-2021-00266,2021-06-01,2021-06-06,2021-06-19,2021-08-08,Ganho,1,2021,2021-06,Rogério Lins,Vitalis Rede Integrada,Operadora verticalizada,PE,Kit de consumo cirúrgico,Cirurgia geral,69473,69473,0,,,47,131,178,5,50,4367,3034,1333
FH-2021-00347,2021-06-01,,,,Perdido,0,2021,2021-06,Marcelo Bastos,Bem-Estar Saúde,Operadora verticalizada,PE,Placas e parafusos,Ortopedia,238323,0,238323,Produto indisponível em estoque,E1 Cotacao,0,0,0,0,0,0,0,0
FH-2021-00199,2021-06-02,,,,Perdido,0,2021,2021-06,Ricardo Aragão,Vitalis Rede Integrada,Operadora verticalizada,PE,Implante de quadril,Ortopedia,199417,0,199417,Preço acima do concorrente,E1 Cotacao,0,0,0,0,0,0,0,0
FH-2021-00009,2021-06-05,2021-06-26,2021-07-01,2021-09-28,Ganho,1,2021,2021-07,Marcelo Bastos,Hospital Regional de Natal,Hospital público,PB,Placas e parafusos,Ortopedia,208244,208244,0,,,52,120,172,21,89,14770,7615,7155
FH-2021-00087,2021-06-06,2021-06-30,2021-07-13,2021-08-27,Ganho,1,2021,2021-07,Paulo Menezes,Clinipar Integrada,Operadora verticalizada,PE,Malha e tela cirúrgica,Cirurgia geral,68936,68936,0,,,28,103,131,24,45,5594,1517,4077
FH-2021-00194,2021-06-06,,,,Perdido,0,2021,2021-06,Tatiana Coelho,Bem-Estar Saúde,Operadora verticalizada,PE,Marcapasso,Cardiologia,65919,0,65919,Preço acima do concorrente,E1 Cotacao,0,0,0,0,0,0,0,0
FH-2021-00088,2021-06-08,2021-06-17,2021-07-04,2021-09-11,Ganho,1,2021,2021-07,Rogério Lins,Vitalis Rede Integrada,Operadora verticalizada,PE,Placas e parafusos,Ortopedia,43910,43910,0,,,52,139,191,9,69,3752,1013,2739
FH-2021-00028,2021-06-12,2021-06-24,2021-06-27,2021-08-10,Ganho,1,2021,2021-06,Rogério Lins,Hospital Piedade,Hospital privado,RN,Implante de quadril,Ortopedia,37696,37696,0,,,43,111,154,12,44,1808,992,816
FH-2021-00039,2021-06-12,,,,Perdido,0,2021,2021-06,Tatiana Coelho,Hospital Pina,Hospital privado,AL,Stent farmacológico,Cardiologia,30719,0,30719,Cliente com fornecedor exclusivo,E1 Cotacao,0,0,0,0,0,0,0,0
FH-2021-00056,2021-06-13,,,,Perdido,0,2021,2021-06,Rogério Lins,Hospital Aurora,Hospital privado,AL,Introdutor e guia,Cardiologia,47630,0,47630,Produto indisponível em estoque,E1 Cotacao,0,0,0,0,0,0,0,0
FH-2021-00045,2021-06-15,2021-06-30,2021-07-06,2021-08-03,Ganho,1,2021,2021-07,Marcelo Bastos,Vitalis Rede Integrada,Operadora verticalizada,PE,Material para artroscopia,Ortopedia,129229,129229,0,,,56,125,181,15,28,9572,5490,4082
FH-2021-00106,2021-06-15,2021-06-25,2021-07-04,2021-07-23,Perdido,0,2021,2021-07,Paulo Menezes,Vitalis Rede Integrada,Operadora verticalizada,PE,Stent farmacológico,Cardiologia,40470,0,40470,Glosa não recuperada,E4 Faturamento,46,0,46,10,19,0,0,0
FH-2021-00008,2021-06-16,,,,Perdido,0,2021,2021-06,Paulo Menezes,Hospital Regional do Agreste,Hospital público,RN,Grampeador cirúrgico,Cirurgia geral,20763,0,20763,Preço acima do concorrente,E1 Cotacao,0,0,0,0,0,0,0,0
FH-2021-00108,2021-06-16,2021-06-22,2021-07-07,2021-08-02,Ganho,1,2021,2021-07,Fábio Correia,Hospital Regional de Natal,Hospital público,PB,Placas e parafusos,Ortopedia,41397,41397,0,,,57,165,222,6,26,4587,3042,1545
FH-2021-00263,2021-06-16,2021-06-28,2021-07-15,2021-08-14,Ganho,1,2021,2021-07,Tatiana Coelho,Hospital Manaíra,Hospital privado,PE,Cateter para angioplastia,Cardiologia,36758,36758,0,,,28,104,132,12,30,1654,450,1204
FH-2021-00283,2021-06-16,,,,Perdido,0,2021,2021-06,Paulo Menezes,Hospital Sete Coqueiros,Hospital privado,PE,Implante de quadril,Ortopedia,29318,0,29318,Preço acima do concorrente,E1 Cotacao,0,0,0,0,0,0,0,0
FH-2021-00302,2021-06-16,2021-06-24,2021-07-02,,Perdido,0,2021,2021-07,Ricardo Aragão,Vitalis Rede Integrada,Operadora verticalizada,PE,Implante de joelho,Ortopedia,182890,0,182890,Material devolvido sem uso,E3 Cirurgia,74,0,74,8,0,0,0,0
FH-2021-00350,2021-06-16,2021-07-09,2021-07-12,2021-09-04,Ganho,1,2021,2021-07,Sérgio Tavares,Vitalis Rede Integrada,Operadora verticalizada,PE,Material para artroscopia,Ortopedia,135483,135483,0,,,44,149,193,23,54,17283,6509,10774
FH-2021-00049,2021-06-17,2021-06-24,2021-06-28,2021-09-30,Ganho,1,2021,2021-06,Marcelo Bastos,Hospital Municipal de Garanhuns,Hospital público,PE,Placas e parafusos,Ortopedia,640007,640007,0,,,34,132,166,7,94,47332,15002,32330
FH-2021-00246,2021-06-18,2021-06-30,2021-07-19,2021-10-15,Ganho,1,2021,2021-07,Ricardo Aragão,Vitalis Rede Integrada,Operadora verticalizada,PE,Stent farmacológico,Cardiologia,446472,446472,0,,,49,164,213,12,88,44352,23643,20709
FH-2021-00212,2021-06-19,2021-07-01,2021-07-12,,Perdido,0,2021,2021-07,Paulo Menezes,Clinipar Integrada,Operadora verticalizada,PE,Malha e tela cirúrgica,Cirurgia geral,30270,0,30270,Troca de fornecedor em sala,E3 Cirurgia,32,0,32,12,0,0,0,0
FH-2021-00333,2021-06-19,2021-07-13,2021-07-22,2021-10-08,Ganho,1,2021,2021-07,Paulo Menezes,Bem-Estar Saúde,Operadora verticalizada,PE,Cateter para angioplastia,Cardiologia,214974,214974,0,,,31,132,163,24,78,19373,5472,13901
FH-2021-00101,2021-06-20,,,,Perdido,0,2021,2021-06,Sérgio Tavares,Bem-Estar Saúde,Operadora verticalizada,PE,Haste intramedular,Ortopedia,187368,0,187368,Cotação respondida fora do prazo,E1 Cotacao,0,0,0,0,0,0,0,0
FH-2021-00357,2021-06-20,2021-06-26,2021-07-14,2021-08-18,Ganho,1,2021,2021-07,Rogério Lins,Clinipar Integrada,Operadora verticalizada,PE,Kit de consumo cirúrgico,Cirurgia geral,28089,28089,0,,,42,112,154,6,35,2838,1777,1061
FH-2021-00023,2021-06-22,,,,Perdido,0,2021,2021-06,Fábio Correia,Hospital Prazeres,Hospital privado,PE,Implante de quadril,Ortopedia,48797,0,48797,Produto indisponível em estoque,E1 Cotacao,0,0,0,0,0,0,0,0
FH-2021-00031,2021-06-22,2021-07-04,2021-07-06,2021-07-24,Ganho,1,2021,2021-07,Paulo Menezes,Hospital Torre,Hospital privado,PE,Implante de joelho,Ortopedia,41184,41184,0,,,36,115,151,12,18,2806,1639,1167
FH-2021-00277,2021-06-22,2021-07-17,2021-08-04,2021-10-10,Ganho,1,2021,2021-08,Rogério Lins,Hospital Ponta Negra,Hospital privado,PE,Implante de quadril,Ortopedia,99218,99218,0,,,27,140,167,25,67,6788,3472,3316
FH-2021-00047,2021-06-23,2021-07-04,,,Perdido,0,2021,2021-06,Sérgio Tavares,Hospital Monte Sinai,Hospital privado,PE,Material para artroscopia,Ortopedia,77883,0,77883,Cirurgia cancelada,E2 Autorizacao,0,0,0,11,0,0,0,0
FH-2021-00094,2021-06-24,2021-07-03,2021-07-17,2021-08-16,Ganho,1,2021,2021-07,Rogério Lins,Hospital Areia Preta,Hospital privado,AL,Implante de quadril,Ortopedia,54060,54060,0,,,30,122,152,9,30,3405,1031,2374
FH-2021-00053,2021-06-26,2021-07-21,2021-08-10,2021-10-16,Ganho,1,2021,2021-08,Marcelo Bastos,Bem-Estar Saúde,Operadora verticalizada,PE,Material para artroscopia,Ortopedia,99856,99856,0,,,39,119,158,25,67,8768,3115,5653
FH-2021-00123,2021-06-26,2021-07-12,2021-07-15,2021-09-16,Ganho,1,2021,2021-07,Fábio Correia,Vitalis Rede Integrada,Operadora verticalizada,PE,Implante de joelho,Ortopedia,156695,156695,0,,,42,141,183,16,63,10530,5902,4628
FH-2021-00193,2021-06-26,2021-07-12,2021-07-28,2021-08-22,Ganho,1,2021,2021-07,Ricardo Aragão,Vitalis Rede Integrada,Operadora verticalizada,PE,Marcapasso,Cardiologia,129286,129286,0,,,77,166,243,16,25,16326,10423,5903
FH-2021-00022,2021-06-27,2021-07-04,2021-07-13,2021-08-09,Ganho,1,2021,2021-07,Paulo Menezes,Hospital Areia Preta,Hospital privado,AL,Malha e tela cirúrgica,Cirurgia geral,23208,23208,0,,,33,131,164,7,27,945,326,619
FH-2021-00245,2021-06-27,2021-07-16,2021-07-21,,Perdido,0,2021,2021-07,Tatiana Coelho,Hospital Rio Doce,Hospital privado,AL,Grampeador cirúrgico,Cirurgia geral,36632,0,36632,Material devolvido sem uso,E3 Cirurgia,32,0,32,19,0,0,0,0
FH-2021-00215,2021-07-01,2021-07-17,2021-07-29,2021-10-04,Ganho,1,2021,2021-07,Paulo Menezes,Hospital Estadual de Pernambuco,Hospital público,PE,Stent farmacológico,Cardiologia,123275,123275,0,,,46,116,162,16,67,10310,6823,3487
FH-2021-00118,2021-07-03,2021-07-16,2021-07-25,2021-09-12,Ganho,1,2021,2021-07,Paulo Menezes,Hospital Geral de Maceió,Hospital público,RN,Malha e tela cirúrgica,Cirurgia geral,33334,33334,0,,,33,98,131,13,49,2830,752,2078
FH-2021-00243,2021-07-04,2021-07-19,2021-08-06,2021-11-05,Ganho,1,2021,2021-08,Fábio Correia,Vitalis Rede Integrada,Operadora verticalizada,PE,Stent farmacológico,Cardiologia,187069,187069,0,,,55,133,188,15,91,25343,14656,10687
FH-2021-00138,2021-07-05,2021-07-28,2021-08-09,2021-09-25,Ganho,1,2021,2021-08,Fábio Correia,Clinipar Integrada,Operadora verticalizada,PE,Material para artroscopia,Ortopedia,70236,70236,0,,,47,165,212,23,47,5599,3181,2418
FH-2021-00326,2021-07-06,2021-07-17,2021-07-30,2021-08-23,Ganho,1,2021,2021-07,Luciana Prado,Vitalis Rede Integrada,Operadora verticalizada,PE,Material para artroscopia,Ortopedia,202750,202750,0,,,22,99,121,11,24,13739,4974,8765
FH-2021-00105,2021-07-09,,,,Perdido,0,2021,2021-07,Marcelo Bastos,Vitalis Rede Integrada,Operadora verticalizada,PE,Implante de joelho,Ortopedia,65004,0,65004,Produto indisponível em estoque,E1 Cotacao,0,0,0,0,0,0,0,0
FH-2021-00112,2021-07-09,2021-07-21,2021-08-05,2021-09-27,Ganho,1,2021,2021-08,Luciana Prado,Clinipar Integrada,Operadora verticalizada,PE,Material para artroscopia,Ortopedia,36814,36814,0,,,42,106,148,12,53,1714,1252,462
FH-2021-00353,2021-07-09,2021-07-13,,,Perdido,0,2021,2021-07,Tatiana Coelho,Hospital Municipal de Paulista,Hospital público,PE,Stent farmacológico,Cardiologia,242219,0,242219,Procedimento não autorizado pelo pagador,E2 Autorizacao,0,0,0,4,0,0,0,0
FH-2021-00318,2021-07-10,2021-07-16,2021-07-30,2021-08-30,Ganho,1,2021,2021-07,Ricardo Aragão,Bem-Estar Saúde,Operadora verticalizada,PE,Grampeador cirúrgico,Cirurgia geral,65099,65099,0,,,47,155,202,6,31,9344,6650,2694
FH-2021-00070,2021-07-11,2021-08-04,2021-08-13,2021-10-28,Ganho,1,2021,2021-08,Ricardo Aragão,Vitalis Rede Integrada,Operadora verticalizada,PE,Introdutor e guia,Cardiologia,417254,417254,0,,,49,166,215,24,76,50414,25631,24783
FH-2021-00224,2021-07-12,2021-07-21,2021-07-29,2021-10-22,Ganho,1,2021,2021-07,Marcelo Bastos,Hospital Piedade,Hospital privado,RN,Implante de quadril,Ortopedia,141126,141126,0,,,50,131,181,9,85,11760,5408,6352
FH-2021-00278,2021-07-13,,,,Perdido,0,2021,2021-07,Ricardo Aragão,Hospital Torre,Hospital privado,PE,Introdutor e guia,Cardiologia,236000,0,236000,Produto indisponível em estoque,E1 Cotacao,0,0,0,0,0,0,0,0
FH-2021-00293,2021-07-14,2021-07-20,2021-08-04,2021-09-09,Ganho,1,2021,2021-08,Rogério Lins,Hospital Sete Coqueiros,Hospital privado,PE,Malha e tela cirúrgica,Cirurgia geral,19992,19992,0,,,35,132,167,6,36,1093,466,627
FH-2021-00065,2021-07-16,2021-08-09,2021-08-16,2021-09-19,Ganho,1,2021,2021-08,Ricardo Aragão,Vitalis Rede Integrada,Operadora verticalizada,PE,Cateter para angioplastia,Cardiologia,223523,223523,0,,,71,175,246,24,34,35192,24579,10613
FH-2021-00085,2021-07-19,2021-08-14,2021-09-04,2021-10-31,Ganho,1,2021,2021-09,Tatiana Coelho,Hospital Metropolitano Norte,Hospital público,PB,Stent farmacológico,Cardiologia,98510,98510,0,,,12,91,103,26,57,2996,1994,1002
FH-2021-00376,2021-07-19,2021-08-10,2021-08-25,2021-09-20,Perdido,0,2021,2021-08,Marcelo Bastos,Clinipar Integrada,Operadora verticalizada,PE,Haste intramedular,Ortopedia,156846,0,156846,Divergência na folha de sala,E4 Faturamento,50,0,50,22,26,0,0,0
FH-2021-00225,2021-07-20,2021-07-28,2021-08-05,2021-08-26,Ganho,1,2021,2021-08,Tatiana Coelho,Bem-Estar Saúde,Operadora verticalizada,PE,Introdutor e guia,Cardiologia,157966,157966,0,,,22,97,119,8,21,8276,5050,3226
FH-2021-00249,2021-07-20,,,,Perdido,0,2021,2021-07,Rogério Lins,Vitalis Rede Integrada,Operadora verticalizada,PE,Grampeador cirúrgico,Cirurgia geral,77503,0,77503,Cotação respondida fora do prazo,E1 Cotacao,0,0,0,0,0,0,0,0
FH-2021-00279,2021-07-20,2021-08-06,2021-08-24,2021-11-16,Ganho,1,2021,2021-08,Tatiana Coelho,Clínica Cardio Espinheiro,Hospital privado,AL,Haste intramedular,Ortopedia,29700,29700,0,,,18,112,130,17,84,1513,883,630
FH-2021-00092,2021-07-21,2021-08-08,2021-08-11,2021-09-04,Ganho,1,2021,2021-08,Luciana Prado,Bem-Estar Saúde,Operadora verticalizada,PE,Implante de joelho,Ortopedia,119846,119846,0,,,30,97,127,18,24,7036,4652,2384
FH-2021-00151,2021-07-21,2021-08-14,2021-09-01,,Perdido,0,2021,2021-09,Marcelo Bastos,Hospital Casa Amarela,Hospital privado,PE,Haste intramedular,Ortopedia,36089,0,36089,Extravio intra-hospitalar,E3 Cirurgia,56,0,56,24,0,0,0,0
FH-2021-00166,2021-07-21,2021-08-03,,,Perdido,0,2021,2021-07,Tatiana Coelho,Hospital Geral de Maceió,Hospital público,RN,Material para artroscopia,Ortopedia,57922,0,57922,Procedimento não autorizado pelo pagador,E2 Autorizacao,0,0,0,13,0,0,0,0
FH-2021-00320,2021-07-21,2021-07-28,2021-08-16,2021-11-20,Ganho,1,2021,2021-08,Rogério Lins,Hospital Casa Amarela,Hospital privado,PE,Material para artroscopia,Ortopedia,61071,61071,0,,,45,134,179,7,96,4695,2427,2268
FH-2021-00295,2021-07-22,,,,Perdido,0,2021,2021-07,Tatiana Coelho,Hospital Bairro Novo,Hospital privado,PB,Cateter para angioplastia,Cardiologia,47943,0,47943,Cotação respondida fora do prazo,E1 Cotacao,0,0,0,0,0,0,0,0
FH-2021-00146,2021-07-23,,,,Perdido,0,2021,2021-07,Ricardo Aragão,Vitalis Rede Integrada,Operadora verticalizada,PE,Placas e parafusos,Ortopedia,311381,0,311381,Cotação respondida fora do prazo,E1 Cotacao,0,0,0,0,0,0,0,0
FH-2021-00374,2021-07-24,2021-07-31,2021-08-18,2021-10-19,Perdido,0,2021,2021-08,Rogério Lins,Hospital Costa Verde,Hospital privado,RN,Placas e parafusos,Ortopedia,45205,0,45205,Inadimplência do cliente,E4 Faturamento,30,0,30,7,62,0,0,0
FH-2021-00125,2021-07-27,2021-08-07,2021-08-12,2021-10-31,Ganho,1,2021,2021-08,Ricardo Aragão,Vitalis Rede Integrada,Operadora verticalizada,PE,Placas e parafusos,Ortopedia,224260,224260,0,,,47,138,185,11,80,20392,10724,9668
FH-2021-00013,2021-08-01,2021-08-07,2021-08-28,,Perdido,0,2021,2021-08,Tatiana Coelho,Hospital São Rafael de Olinda,Hospital privado,PE,Implante de quadril,Ortopedia,46793,0,46793,Extravio intra-hospitalar,E3 Cirurgia,17,0,17,6,0,0,0,0
FH-2021-00176,2021-08-01,2021-08-14,2021-08-22,2021-09-27,Ganho,1,2021,2021-08,Luciana Prado,Vitalis Rede Integrada,Operadora verticalizada,PE,Implante de quadril,Ortopedia,104970,104970,0,,,39,113,152,13,36,8516,5809,2707
FH-2021-00256,2021-08-01,2021-08-16,2021-08-25,2021-10-19,Ganho,1,2021,2021-08,Rogério Lins,Hospital Vila Nova,Hospital privado,AL,Placas e parafusos,Ortopedia,273379,273379,0,,,36,115,151,15,55,19829,10559,9270
FH-2021-00062,2021-08-02,2021-08-25,2021-09-14,2021-10-19,Ganho,1,2021,2021-09,Ricardo Aragão,Vitalis Rede Integrada,Operadora verticalizada,PE,Haste intramedular,Ortopedia,101508,101508,0,,,62,158,220,23,35,7378,3115,4263
FH-2021-00093,2021-08-03,,,,Perdido,0,2021,2021-08,Ricardo Aragão,Vitalis Rede Integrada,Operadora verticalizada,PE,Marcapasso,Cardiologia,115422,0,115422,Preço acima do concorrente,E1 Cotacao,0,0,0,0,0,0,0,0
FH-2021-00129,2021-08-03,2021-08-10,2021-08-23,2021-09-26,Ganho,1,2021,2021-08,Sérgio Tavares,Hospital Casa Amarela,Hospital privado,PE,Placas e parafusos,Ortopedia,26653,26653,0,,,35,129,164,7,34,1781,646,1135
FH-2021-00289,2021-08-03,2021-08-29,2021-09-08,2021-10-04,Perdido,0,2021,2021-09,Luciana Prado,Clinipar Integrada,Operadora verticalizada,PE,Introdutor e guia,Cardiologia,238819,0,238819,Nota fiscal não autorizada pelo hospital,E4 Faturamento,28,0,28,26,26,0,0,0
FH-2021-00360,2021-08-07,2021-08-14,2021-08-20,2021-10-19,Ganho,1,2021,2021-08,Tatiana Coelho,Hospital Bairro Novo,Hospital privado,PB,Implante de quadril,Ortopedia,40301,40301,0,,,16,90,106,7,60,1649,940,709
FH-2021-00286,2021-08-12,2021-09-06,2021-09-10,2021-10-05,Ganho,1,2021,2021-09,Rogério Lins,Hospital Farol de Maceió,Hospital privado,AL,Implante de joelho,Ortopedia,39784,39784,0,,,37,109,146,25,25,1972,843,1129
FH-2021-00343,2021-08-14,2021-08-31,2021-09-18,,Perdido,0,2021,2021-09,Marcelo Bastos,Bem-Estar Saúde,Operadora verticalizada,PE,Cateter para angioplastia,Cardiologia,413433,0,413433,Troca de fornecedor em sala,E3 Cirurgia,37,0,37,17,0,0,0,0
FH-2021-00168,2021-08-15,2021-08-19,,,Perdido,0,2021,2021-08,Sérgio Tavares,Clinipar Integrada,Operadora verticalizada,PE,Cateter para angioplastia,Cardiologia,88266,0,88266,Procedimento não autorizado pelo pagador,E2 Autorizacao,0,0,0,4,0,0,0,0
FH-2021-00282,2021-08-15,2021-09-05,2021-09-17,2021-12-02,Ganho,1,2021,2021-09,Tatiana Coelho,Clinipar Integrada,Operadora verticalizada,PE,Haste intramedular,Ortopedia,101103,101103,0,,,29,95,124,21,76,2542,1643,899
FH-2021-00314,2021-08-17,2021-08-29,2021-09-04,2021-09-23,Ganho,1,2021,2021-09,Marcelo Bastos,Vitalis Rede Integrada,Operadora verticalizada,PE,Implante de quadril,Ortopedia,187953,187953,0,,,55,140,195,12,19,13320,7731,5589
FH-2021-00117,2021-08-18,2021-08-31,2021-09-13,2021-11-11,Ganho,1,2021,2021-09,Fábio Correia,Hospital Ponta Verde,Hospital privado,PE,Marcapasso,Cardiologia,53159,53159,0,,,51,134,185,13,59,7894,5206,2688
FH-2021-00241,2021-08-18,,,,Perdido,0,2021,2021-08,Marcelo Bastos,Hospital Municipal de Garanhuns,Hospital público,PE,Haste intramedular,Ortopedia,161971,0,161971,Preço acima do concorrente,E1 Cotacao,0,0,0,0,0,0,0,0
FH-2021-00120,2021-08-19,2021-09-12,2021-09-24,2021-10-30,Ganho,1,2021,2021-09,Ricardo Aragão,Hospital Municipal de Jaboatão,Hospital público,PE,Grampeador cirúrgico,Cirurgia geral,37180,37180,0,,,61,169,230,24,36,5341,2107,3234
FH-2021-00327,2021-08-19,2021-09-03,2021-09-07,2021-11-22,Ganho,1,2021,2021-09,Ricardo Aragão,Clinipar Integrada,Operadora verticalizada,PE,Implante de quadril,Ortopedia,74688,74688,0,,,69,178,247,15,76,5960,3871,2089
FH-2021-00175,2021-08-20,2021-09-13,2021-09-20,2021-12-23,Ganho,1,2021,2021-09,Tatiana Coelho,Hospital Vila Nova,Hospital privado,AL,Implante de joelho,Ortopedia,25652,25652,0,,,32,103,135,24,94,1398,990,408
FH-2021-00366,2021-08-20,2021-09-06,2021-09-24,2021-10-24,Ganho,1,2021,2021-09,Marcelo Bastos,Vitalis Rede Integrada,Operadora verticalizada,PE,Implante de joelho,Ortopedia,52537,52537,0,,,31,130,161,17,30,5058,2721,2337
FH-2021-00315,2021-08-21,2021-09-15,2021-09-18,,Perdido,0,2021,2021-09,Ricardo Aragão,Bem-Estar Saúde,Operadora verticalizada,PE,Implante de joelho,Ortopedia,78407,0,78407,Troca de fornecedor em sala,E3 Cirurgia,64,0,64,25,0,0,0,0
FH-2021-00280,2021-08-23,,,,Perdido,0,2021,2021-08,Sérgio Tavares,Hospital Farol de Maceió,Hospital privado,AL,Placas e parafusos,Ortopedia,32820,0,32820,Produto indisponível em estoque,E1 Cotacao,0,0,0,0,0,0,0,0
FH-2021-00091,2021-08-24,,,,Perdido,0,2021,2021-08,Rogério Lins,Vitalis Rede Integrada,Operadora verticalizada,PE,Implante de joelho,Ortopedia,361707,0,361707,Preço acima do concorrente,E1 Cotacao,0,0,0,0,0,0,0,0
FH-2021-00203,2021-08-24,,,,Perdido,0,2021,2021-08,Tatiana Coelho,Hospital Regional de Petrolina,Hospital público,PE,Marcapasso,Cardiologia,86086,0,86086,Preço acima do concorrente,E1 Cotacao,0,0,0,0,0,0,0,0
FH-2021-00231,2021-08-26,,,,Perdido,0,2021,2021-08,Ricardo Aragão,Clinipar Integrada,Operadora verticalizada,PE,Stent farmacológico,Cardiologia,719674,0,719674,Preço acima do concorrente,E1 Cotacao,0,0,0,0,0,0,0,0
FH-2021-00341,2021-08-26,,,,Perdido,0,2021,2021-08,Ricardo Aragão,Bem-Estar Saúde,Operadora verticalizada,PE,Haste intramedular,Ortopedia,234145,0,234145,Produto indisponível em estoque,E1 Cotacao,0,0,0,0,0,0,0,0
FH-2021-00137,2021-08-27,2021-09-03,2021-09-13,2021-12-02,Ganho,1,2021,2021-09,Rogério Lins,Hospital Ponta Verde,Hospital privado,PE,Kit de consumo cirúrgico,Cirurgia geral,57396,57396,0,,,36,129,165,7,80,2895,1189,1706
FH-2021-00235,2021-08-28,2021-09-02,,,Perdido,0,2021,2021-08,Tatiana Coelho,Hospital Vila Nova,Hospital privado,AL,Implante de quadril,Ortopedia,123638,0,123638,Procedimento não autorizado pelo pagador,E2 Autorizacao,0,0,0,5,0,0,0,0
FH-2021-00285,2021-08-28,,,,Perdido,0,2021,2021-08,Fábio Correia,Vitalis Rede Integrada,Operadora verticalizada,PE,Placas e parafusos,Ortopedia,53193,0,53193,Cotação respondida fora do prazo,E1 Cotacao,0,0,0,0,0,0,0,0
FH-2021-00303,2021-08-28,2021-09-05,2021-09-23,2021-11-29,Ganho,1,2021,2021-09,Marcelo Bastos,Vitalis Rede Integrada,Operadora verticalizada,PE,Material para artroscopia,Ortopedia,303152,303152,0,,,30,134,164,8,67,24862,13330,11532
FH-2021-00051,2021-09-03,2021-09-29,,,Perdido,0,2021,2021-09,Ricardo Aragão,Bem-Estar Saúde,Operadora verticalizada,PE,Material para artroscopia,Ortopedia,52335,0,52335,Procedimento não autorizado pelo pagador,E2 Autorizacao,0,0,0,26,0,0,0,0
FH-2021-00064,2021-09-04,2021-09-21,,,Perdido,0,2021,2021-09,Tatiana Coelho,Hospital Farol de Maceió,Hospital privado,AL,Implante de joelho,Ortopedia,84896,0,84896,Autorização expirou,E2 Autorizacao,0,0,0,17,0,0,0,0
FH-2021-00213,2021-09-04,2021-09-16,,,Perdido,0,2021,2021-09,Luciana Prado,Vitalis Rede Integrada,Operadora verticalizada,PE,Cateter para angioplastia,Cardiologia,60742,0,60742,Cirurgia cancelada,E2 Autorizacao,0,0,0,12,0,0,0,0
FH-2021-00310,2021-09-04,2021-09-12,2021-09-15,2021-11-21,Ganho,1,2021,2021-09,Marcelo Bastos,Vitalis Rede Integrada,Operadora verticalizada,PE,Implante de joelho,Ortopedia,110420,110420,0,,,35,146,181,8,67,11829,4654,7175
FH-2021-00063,2021-09-09,2021-09-26,2021-10-17,2021-12-12,Ganho,1,2021,2021-10,Luciana Prado,Bem-Estar Saúde,Operadora verticalizada,PE,Implante de joelho,Ortopedia,63714,63714,0,,,39,126,165,17,56,3188,1181,2007
FH-2021-00041,2021-09-10,2021-10-04,2021-10-20,2021-12-06,Ganho,1,2021,2021-10,Tatiana Coelho,Hospital Vale do Capibaribe,Hospital privado,PE,Stent farmacológico,Cardiologia,69610,69610,0,,,19,112,131,24,47,2460,1020,1440
FH-2021-00061,2021-09-11,2021-09-16,2021-10-04,2021-10-29,Ganho,1,2021,2021-10,Ricardo Aragão,Centro Cirúrgico Casa Forte,Hospital privado,PE,Placas e parafusos,Ortopedia,168001,168001,0,,,70,155,225,5,25,12682,6305,6377
FH-2021-00113,2021-09-11,2021-09-22,2021-09-27,2021-10-25,Ganho,1,2021,2021-09,Ricardo Aragão,Clinipar Integrada,Operadora verticalizada,PE,Implante de quadril,Ortopedia,131029,131029,0,,,63,159,222,11,28,17557,11053,6504
FH-2021-00236,2021-09-13,2021-09-28,2021-10-05,2021-12-09,Perdido,0,2021,2021-10,Ricardo Aragão,Vitalis Rede Integrada,Operadora verticalizada,PE,Placas e parafusos,Ortopedia,342730,0,342730,Glosa não recuperada,E4 Faturamento,51,0,51,15,65,0,0,0
FH-2021-00140,2021-09-15,2021-09-29,,,Perdido,0,2021,2021-09,Tatiana Coelho,Hospital Manaíra,Hospital privado,PE,Implante de quadril,Ortopedia,45202,0,45202,Autorização expirou,E2 Autorizacao,0,0,0,14,0,0,0,0
FH-2021-00178,2021-09-15,,,,Perdido,0,2021,2021-09,Ricardo Aragão,Bem-Estar Saúde,Operadora verticalizada,PE,Material para artroscopia,Ortopedia,154891,0,154891,Preço acima do concorrente,E1 Cotacao,0,0,0,0,0,0,0,0
FH-2021-00294,2021-09-15,2021-09-21,2021-10-07,2021-12-12,Ganho,1,2021,2021-10,Sérgio Tavares,Bem-Estar Saúde,Operadora verticalizada,PE,Marcapasso,Cardiologia,116516,116516,0,,,33,148,181,6,66,10986,4540,6446
FH-2021-00011,2021-09-16,,,,Perdido,0,2021,2021-09,Luciana Prado,Hospital São Rafael de Olinda,Hospital privado,PE,Haste intramedular,Ortopedia,10264,0,10264,Cotação respondida fora do prazo,E1 Cotacao,0,0,0,0,0,0,0,0
FH-2021-00150,2021-09-17,,,,Perdido,0,2021,2021-09,Tatiana Coelho,Hospital Piedade,Hospital privado,RN,Marcapasso,Cardiologia,95609,0,95609,Sem contrato para atender,E1 Cotacao,0,0,0,0,0,0,0,0
FH-2021-00244,2021-09-17,2021-10-07,2021-10-19,2021-12-25,Ganho,1,2021,2021-10,Ricardo Aragão,Vitalis Rede Integrada,Operadora verticalizada,PE,Marcapasso,Cardiologia,233687,233687,0,,,45,176,221,20,67,18916,9692,9224
FH-2021-00260,2021-09-17,2021-09-29,2021-10-19,2021-12-29,Ganho,1,2021,2021-10,Paulo Menezes,Clinipar Integrada,Operadora verticalizada,PE,Introdutor e guia,Cardiologia,101189,101189,0,,,45,108,153,12,71,6195,3310,2885
FH-2021-00111,2021-09-19,,,,Perdido,0,2021,2021-09,Marcelo Bastos,Hospital Pina,Hospital privado,AL,Kit de consumo cirúrgico,Cirurgia geral,35641,0,35641,Produto indisponível em estoque,E1 Cotacao,0,0,0,0,0,0,0,0
FH-2021-00148,2021-09-19,2021-09-24,2021-10-06,2021-11-09,Ganho,1,2021,2021-10,Ricardo Aragão,Vitalis Rede Integrada,Operadora verticalizada,PE,Material para artroscopia,Ortopedia,434533,434533,0,,,51,172,223,5,34,37807,11186,26621
FH-2021-00043,2021-09-20,,,,Perdido,0,2021,2021-09,Sérgio Tavares,Clinipar Integrada,Operadora verticalizada,PE,Haste intramedular,Ortopedia,105184,0,105184,Preço acima do concorrente,E1 Cotacao,0,0,0,0,0,0,0,0
FH-2021-00270,2021-09-20,2021-09-28,2021-10-07,2021-12-06,Ganho,1,2021,2021-10,Rogério Lins,Instituto Ortopédico Caruaru,Hospital privado,PE,Marcapasso,Cardiologia,35535,35535,0,,,28,111,139,8,60,3738,2068,1670
FH-2021-00351,2021-09-21,2021-10-01,,,Perdido,0,2021,2021-09,Tatiana Coelho,Clínica Ortopédica Boa Viagem,Hospital privado,PE,Material para artroscopia,Ortopedia,71909,0,71909,Cirurgia cancelada,E2 Autorizacao,0,0,0,10,0,0,0,0
FH-2021-00116,2021-09-22,2021-10-07,2021-10-21,,Perdido,0,2021,2021-10,Rogério Lins,Vitalis Rede Integrada,Operadora verticalizada,PE,Material para artroscopia,Ortopedia,43611,0,43611,Extravio intra-hospitalar,E3 Cirurgia,34,0,34,15,0,0,0,0
FH-2021-00322,2021-09-25,2021-10-16,2021-11-02,2021-12-20,Ganho,1,2021,2021-11,Paulo Menezes,Clinipar Integrada,Operadora verticalizada,PE,Marcapasso,Cardiologia,145039,145039,0,,,40,115,155,21,48,11088,5010,6078
FH-2021-00089,2021-09-26,,,,Perdido,0,2021,2021-09,Marcelo Bastos,Vitalis Rede Integrada,Operadora verticalizada,PE,Placas e parafusos,Ortopedia,85434,0,85434,Preço acima do concorrente,E1 Cotacao,0,0,0,0,0,0,0,0
FH-2021-00300,2021-09-26,,,,Perdido,0,2021,2021-09,Fábio Correia,Bem-Estar Saúde,Operadora verticalizada,PE,Introdutor e guia,Cardiologia,263552,0,263552,Cliente com fornecedor exclusivo,E1 Cotacao,0,0,0,0,0,0,0,0
FH-2021-00068,2021-09-27,2021-10-15,2021-10-17,2021-12-14,Ganho,1,2021,2021-10,Fábio Correia,Clínica Cirúrgica Derby,Hospital privado,PB,Material para artroscopia,Ortopedia,11703,11703,0,,,70,146,216,18,58,1803,1216,587
FH-2021-00378,2021-09-27,,,,Perdido,0,2021,2021-09,Marcelo Bastos,Vitalis Rede Integrada,Operadora verticalizada,PE,Stent farmacológico,Cardiologia,738161,0,738161,Cliente com fornecedor exclusivo,E1 Cotacao,0,0,0,0,0,0,0,0
FH-2021-00018,2021-09-28,2021-10-16,2021-10-31,2021-11-22,Ganho,1,2021,2021-10,Rogério Lins,Centro Cirúrgico Casa Forte,Hospital privado,PE,Cateter para angioplastia,Cardiologia,46184,46184,0,,,28,141,169,18,22,2232,1332,900
FH-2021-00313,2021-09-28,2021-10-07,2021-10-28,2021-12-12,Ganho,1,2021,2021-10,Marcelo Bastos,Bem-Estar Saúde,Operadora verticalizada,PE,Material para artroscopia,Ortopedia,110193,110193,0,,,30,142,172,9,45,11886,8046,3840
FH-2021-00191,2021-10-01,2021-10-18,2021-11-06,2021-12-16,Ganho,1,2021,2021-11,Tatiana Coelho,Hospital Municipal de Paulista,Hospital público,PE,Kit de consumo cirúrgico,Cirurgia geral,34239,34239,0,,,17,96,113,17,40,869,476,393
FH-2021-00370,2021-10-03,,,,Perdido,0,2021,2021-10,Rogério Lins,Instituto Ortopédico Caruaru,Hospital privado,PE,Cateter para angioplastia,Cardiologia,167210,0,167210,Preço acima do concorrente,E1 Cotacao,0,0,0,0,0,0,0,0
FH-2021-00154,2021-10-05,2021-10-21,2021-10-23,2021-12-17,Ganho,1,2021,2021-10,Marcelo Bastos,Vitalis Rede Integrada,Operadora verticalizada,PE,Introdutor e guia,Cardiologia,116765,116765,0,,,29,115,144,16,55,6945,5005,1940
FH-2021-00228,2021-10-07,,,,Perdido,0,2021,2021-10,Ricardo Aragão,Vitalis Rede Integrada,Operadora verticalizada,PE,Implante de quadril,Ortopedia,144209,0,144209,Cotação respondida fora do prazo,E1 Cotacao,0,0,0,0,0,0,0,0
FH-2021-00183,2021-10-08,2021-10-30,2021-11-01,,Perdido,0,2021,2021-11,Marcelo Bastos,Hospital Municipal de Paulista,Hospital público,PE,Stent farmacológico,Cardiologia,24081,0,24081,Extravio intra-hospitalar,E3 Cirurgia,41,0,41,22,0,0,0,0
FH-2021-00134,2021-10-09,,,,Perdido,0,2021,2021-10,Ricardo Aragão,Hospital Torre,Hospital privado,PE,Cateter para angioplastia,Cardiologia,257701,0,257701,Cotação respondida fora do prazo,E1 Cotacao,0,0,0,0,0,0,0,0
FH-2021-00368,2021-10-09,2021-10-17,2021-10-30,2022-01-29,Ganho,1,2021,2021-10,Paulo Menezes,Bem-Estar Saúde,Operadora verticalizada,PE,Marcapasso,Cardiologia,188799,188799,0,,,40,104,144,8,91,10036,3910,6126
FH-2021-00030,2021-10-11,2021-10-17,,,Perdido,0,2021,2021-10,Rogério Lins,Clinipar Integrada,Operadora verticalizada,PE,Stent farmacológico,Cardiologia,198649,0,198649,Cirurgia cancelada,E2 Autorizacao,0,0,0,6,0,0,0,0
FH-2021-00210,2021-10-11,2021-10-25,2021-11-13,2021-12-16,Ganho,1,2021,2021-11,Luciana Prado,Centro Cirúrgico Casa Forte,Hospital privado,PE,Marcapasso,Cardiologia,33296,33296,0,,,43,112,155,14,33,1218,439,779
FH-2021-00312,2021-10-11,,,,Perdido,0,2021,2021-10,Tatiana Coelho,Hospital Regional de Petrolina,Hospital público,PE,Placas e parafusos,Ortopedia,126892,0,126892,Preço acima do concorrente,E1 Cotacao,0,0,0,0,0,0,0,0
FH-2021-00273,2021-10-13,2021-10-16,2021-10-25,2022-01-10,Perdido,0,2021,2021-10,Marcelo Bastos,Bem-Estar Saúde,Operadora verticalizada,PE,Material para artroscopia,Ortopedia,425673,0,425673,Inadimplência do cliente,E4 Faturamento,49,0,49,3,77,0,0,0
FH-2021-00162,2021-10-15,2021-10-18,2021-10-29,2022-01-17,Ganho,1,2021,2021-10,Tatiana Coelho,Hospital Torre,Hospital privado,PE,Kit de consumo cirúrgico,Cirurgia geral,10729,10729,0,,,29,108,137,3,80,583,233,350
FH-2021-00358,2021-10-16,2021-10-20,2021-11-09,2022-02-11,Ganho,1,2021,2021-11,Paulo Menezes,Hospital Madalena,Hospital privado,AL,Implante de joelho,Ortopedia,22603,22603,0,,,30,127,157,4,94,1811,570,1241
FH-2021-00144,2021-10-17,2021-11-11,,,Perdido,0,2021,2021-10,Ricardo Aragão,Hospital Monte Sinai,Hospital privado,PE,Placas e parafusos,Ortopedia,164152,0,164152,Procedimento não autorizado pelo pagador,E2 Autorizacao,0,0,0,25,0,0,0,0
FH-2021-00276,2021-10-17,2021-11-01,2021-11-15,2022-01-18,Ganho,1,2021,2021-11,Tatiana Coelho,Hospital Jardim Atlântico,Hospital privado,PE,Cateter para angioplastia,Cardiologia,109464,109464,0,,,29,87,116,15,64,3976,2695,1281
FH-2021-00380,2021-10-17,,,,Perdido,0,2021,2021-10,Marcelo Bastos,Vitalis Rede Integrada,Operadora verticalizada,PE,Stent farmacológico,Cardiologia,414266,0,414266,Cliente com fornecedor exclusivo,E1 Cotacao,0,0,0,0,0,0,0,0
FH-2021-00119,2021-10-18,,,,Perdido,0,2021,2021-10,Tatiana Coelho,Hospital Bairro Novo,Hospital privado,PB,Stent farmacológico,Cardiologia,39173,0,39173,Cotação respondida fora do prazo,E1 Cotacao,0,0,0,0,0,0,0,0
FH-2021-00037,2021-10-22,2021-11-02,2021-11-19,2021-12-21,Ganho,1,2021,2021-11,Paulo Menezes,Hospital Nossa Senhora do Carmo,Hospital privado,PE,Implante de quadril,Ortopedia,101122,101122,0,,,22,131,153,11,32,6462,1996,4466
FH-2021-00071,2021-10-22,2021-10-28,2021-11-09,,Perdido,0,2021,2021-11,Luciana Prado,Hospital Prazeres,Hospital privado,PE,Material para artroscopia,Ortopedia,51167,0,51167,Extravio intra-hospitalar,E3 Cirurgia,21,0,21,6,0,0,0,0
FH-2021-00054,2021-10-23,,,,Perdido,0,2021,2021-10,Rogério Lins,Vitalis Rede Integrada,Operadora verticalizada,PE,Material para artroscopia,Ortopedia,180177,0,180177,Preço acima do concorrente,E1 Cotacao,0,0,0,0,0,0,0,0
FH-2021-00172,2021-10-23,2021-11-05,2021-11-09,2021-12-19,Ganho,1,2021,2021-11,Rogério Lins,Bem-Estar Saúde,Operadora verticalizada,PE,Implante de joelho,Ortopedia,191147,191147,0,,,34,133,167,13,40,8321,5206,3115
FH-2021-00373,2021-10-24,2021-11-18,2021-11-20,2021-12-30,Ganho,1,2021,2021-11,Sérgio Tavares,Clinipar Integrada,Operadora verticalizada,PE,Implante de joelho,Ortopedia,42525,42525,0,,,45,127,172,25,40,4192,3143,1049
FH-2021-00132,2021-10-25,,,,Perdido,0,2021,2021-10,Ricardo Aragão,Bem-Estar Saúde,Operadora verticalizada,PE,Implante de joelho,Ortopedia,99148,0,99148,Cliente com fornecedor exclusivo,E1 Cotacao,0,0,0,0,0,0,0,0
FH-2021-00181,2021-10-26,,,,Perdido,0,2021,2021-10,Ricardo Aragão,Hospital Vale do Capibaribe,Hospital privado,PE,Kit de consumo cirúrgico,Cirurgia geral,13124,0,13124,Sem contrato para atender,E1 Cotacao,0,0,0,0,0,0,0,0
FH-2021-00055,2021-10-27,2021-11-18,2021-12-08,2022-03-10,Ganho,1,2021,2021-12,Fábio Correia,Vitalis Rede Integrada,Operadora verticalizada,PE,Cateter para angioplastia,Cardiologia,352291,352291,0,,,61,160,221,22,92,34632,13009,21623
FH-2021-00192,2021-10-27,2021-10-31,,,Perdido,0,2021,2021-10,Sérgio Tavares,Hospital Geral de Maceió,Hospital público,RN,Implante de joelho,Ortopedia,98764,0,98764,Procedimento não autorizado pelo pagador,E2 Autorizacao,0,0,0,4,0,0,0,0
FH-2021-00083,2021-11-01,,,,Perdido,0,2021,2021-11,Paulo Menezes,Hospital Prazeres,Hospital privado,PE,Material para artroscopia,Ortopedia,37052,0,37052,Cliente com fornecedor exclusivo,E1 Cotacao,0,0,0,0,0,0,0,0
FH-2021-00131,2021-11-01,,,,Perdido,0,2021,2021-11,Luciana Prado,Vitalis Rede Integrada,Operadora verticalizada,PE,Introdutor e guia,Cardiologia,147047,0,147047,Sem contrato para atender,E1 Cotacao,0,0,0,0,0,0,0,0
FH-2021-00375,2021-11-01,2021-11-26,2021-12-14,2022-01-25,Ganho,1,2021,2021-12,Ricardo Aragão,Bem-Estar Saúde,Operadora verticalizada,PE,Haste intramedular,Ortopedia,152145,152145,0,,,56,162,218,25,42,17042,10799,6243
FH-2021-00073,2021-11-03,2021-11-09,,,Perdido,0,2021,2021-11,Rogério Lins,Hospital Areia Preta,Hospital privado,AL,Marcapasso,Cardiologia,160668,0,160668,Troca de fonte pagadora no meio do processo,E2 Autorizacao,0,0,0,6,0,0,0,0
FH-2021-00086,2021-11-03,2021-11-19,2021-11-25,2022-01-30,Ganho,1,2021,2021-11,Rogério Lins,Clinipar Integrada,Operadora verticalizada,PE,Haste intramedular,Ortopedia,256305,256305,0,,,44,142,186,16,66,16527,9436,7091
FH-2021-00109,2021-11-04,2021-11-20,2021-12-07,2022-03-10,Ganho,1,2021,2021-12,Luciana Prado,Hospital Monte Sinai,Hospital privado,PE,Placas e parafusos,Ortopedia,26309,26309,0,,,44,109,153,16,93,1796,1072,724
FH-2021-00167,2021-11-05,2021-11-30,2021-12-13,2022-01-13,Ganho,1,2021,2021-12,Ricardo Aragão,Bem-Estar Saúde,Operadora verticalizada,PE,Marcapasso,Cardiologia,376139,376139,0,,,49,159,208,25,31,34679,17322,17357
FH-2021-00035,2021-11-06,2021-11-09,2021-11-29,2022-02-23,Perdido,0,2021,2021-11,Tatiana Coelho,Hospital Ilha do Leite,Hospital privado,PE,Cateter para angioplastia,Cardiologia,63007,0,63007,Inadimplência do cliente,E4 Faturamento,14,0,14,3,86,0,0,0
FH-2021-00346,2021-11-09,2021-11-23,,,Perdido,0,2021,2021-11,Rogério Lins,Hospital Regional do Agreste,Hospital público,RN,Stent farmacológico,Cardiologia,184485,0,184485,Cirurgia cancelada,E2 Autorizacao,0,0,0,14,0,0,0,0
FH-2021-00226,2021-11-10,,,,Perdido,0,2021,2021-11,Luciana Prado,Vitalis Rede Integrada,Operadora verticalizada,PE,Placas e parafusos,Ortopedia,187580,0,187580,Cotação respondida fora do prazo,E1 Cotacao,0,0,0,0,0,0,0,0
FH-2021-00069,2021-11-13,,,,Perdido,0,2021,2021-11,Tatiana Coelho,Hospital Costa Verde,Hospital privado,RN,Malha e tela cirúrgica,Cirurgia geral,43577,0,43577,Preço acima do concorrente,E1 Cotacao,0,0,0,0,0,0,0,0
FH-2021-00306,2021-11-13,2021-12-01,2021-12-20,2022-02-10,Ganho,1,2021,2021-12,Paulo Menezes,Hospital Ponta Verde,Hospital privado,PE,Implante de joelho,Ortopedia,55790,55790,0,,,41,134,175,18,52,5131,2891,2240
FH-2021-00287,2021-11-14,2021-11-30,2021-12-04,2022-01-03,Ganho,1,2021,2021-12,Marcelo Bastos,Bem-Estar Saúde,Operadora verticalizada,PE,Material para artroscopia,Ortopedia,233419,233419,0,,,43,125,168,16,30,13416,4599,8817
FH-2021-00288,2021-11-15,,,,Perdido,0,2021,2021-11,Marcelo Bastos,Vitalis Rede Integrada,Operadora verticalizada,PE,Material para artroscopia,Ortopedia,110342,0,110342,Cliente com fornecedor exclusivo,E1 Cotacao,0,0,0,0,0,0,0,0
FH-2021-00297,2021-11-15,2021-11-25,2021-12-06,2022-01-11,Ganho,1,2021,2021-12,Ricardo Aragão,Hospital Areia Preta,Hospital privado,AL,Material para artroscopia,Ortopedia,48971,48971,0,,,46,168,214,10,36,8149,4911,3238
FH-2021-00188,2021-11-16,2021-11-30,,,Perdido,0,2021,2021-11,Ricardo Aragão,Vitalis Rede Integrada,Operadora verticalizada,PE,Marcapasso,Cardiologia,515386,0,515386,Procedimento não autorizado pelo pagador,E2 Autorizacao,0,0,0,14,0,0,0,0
FH-2021-00355,2021-11-18,,,,Perdido,0,2021,2021-11,Marcelo Bastos,Bem-Estar Saúde,Operadora verticalizada,PE,Implante de joelho,Ortopedia,143281,0,143281,Cliente com fornecedor exclusivo,E1 Cotacao,0,0,0,0,0,0,0,0
FH-2021-00029,2021-11-19,,,,Perdido,0,2021,2021-11,Luciana Prado,Hospital Municipal de Jaboatão,Hospital público,PE,Implante de quadril,Ortopedia,248245,0,248245,Cliente com fornecedor exclusivo,E1 Cotacao,0,0,0,0,0,0,0,0
FH-2021-00098,2021-11-19,2021-12-14,2021-12-29,2022-02-21,Ganho,1,2021,2021-12,Ricardo Aragão,Bem-Estar Saúde,Operadora verticalizada,PE,Implante de quadril,Ortopedia,107187,107187,0,,,78,178,256,25,54,10401,2942,7459
FH-2021-00173,2021-11-20,2021-12-09,2021-12-19,2022-02-05,Ganho,1,2021,2021-12,Ricardo Aragão,Clinipar Integrada,Operadora verticalizada,PE,Implante de quadril,Ortopedia,90463,90463,0,,,54,168,222,19,48,13870,8597,5273
FH-2021-00309,2021-11-20,2021-12-03,,,Perdido,0,2021,2021-11,Rogério Lins,Vitalis Rede Integrada,Operadora verticalizada,PE,Implante de joelho,Ortopedia,13810,0,13810,Procedimento não autorizado pelo pagador,E2 Autorizacao,0,0,0,13,0,0,0,0
FH-2021-00367,2021-11-21,2021-12-09,2021-12-22,2022-01-23,Ganho,1,2021,2021-12,Rogério Lins,Vitalis Rede Integrada,Operadora verticalizada,PE,Stent farmacológico,Cardiologia,296034,296034,0,,,38,110,148,18,32,18359,8785,9574
FH-2021-00345,2021-11-25,,,,Perdido,0,2021,2021-11,Fábio Correia,Vitalis Rede Integrada,Operadora verticalizada,PE,Stent farmacológico,Cardiologia,325629,0,325629,Produto indisponível em estoque,E1 Cotacao,0,0,0,0,0,0,0,0
FH-2021-00159,2021-11-27,2021-12-04,2021-12-12,,Perdido,0,2021,2021-12,Tatiana Coelho,Hospital São Rafael de Olinda,Hospital privado,PE,Placas e parafusos,Ortopedia,55402,0,55402,Material devolvido sem uso,E3 Cirurgia,12,0,12,7,0,0,0,0
FH-2021-00052,2021-11-28,,,,Perdido,0,2021,2021-11,Luciana Prado,Hospital Monte Sinai,Hospital privado,PE,Haste intramedular,Ortopedia,41994,0,41994,Sem contrato para atender,E1 Cotacao,0,0,0,0,0,0,0,0
FH-2021-00305,2021-11-28,2021-12-18,2021-12-24,2022-02-12,Ganho,1,2021,2021-12,Sérgio Tavares,Hospital Aurora,Hospital privado,AL,Haste intramedular,Ortopedia,43464,43464,0,,,54,121,175,20,50,4497,3180,1317
FH-2021-00331,2021-11-28,2021-12-21,2022-01-05,2022-03-03,Ganho,1,2022,2022-01,Luciana Prado,Hospital Regional de Petrolina,Hospital público,PE,Cateter para angioplastia,Cardiologia,179390,179390,0,,,43,105,148,23,57,12846,6044,6802
FH-2021-00262,2021-12-01,,,,Perdido,0,2021,2021-12,Ricardo Aragão,Clinipar Integrada,Operadora verticalizada,PE,Implante de joelho,Ortopedia,56692,0,56692,Preço acima do concorrente,E1 Cotacao,0,0,0,0,0,0,0,0
FH-2021-00229,2021-12-02,2021-12-27,2022-01-09,2022-04-12,Ganho,1,2022,2022-01,Marcelo Bastos,Hospital Municipal de Jaboatão,Hospital público,PE,Cateter para angioplastia,Cardiologia,172145,172145,0,,,43,143,186,25,93,9976,4176,5800
FH-2021-00019,2021-12-03,2021-12-28,2021-12-31,2022-04-02,Ganho,1,2021,2021-12,Fábio Correia,Hospital Cabo Branco,Hospital privado,PE,Implante de quadril,Ortopedia,89040,89040,0,,,38,148,186,25,92,6107,1984,4123
FH-2021-00281,2021-12-03,,,,Perdido,0,2021,2021-12,Ricardo Aragão,Vitalis Rede Integrada,Operadora verticalizada,PE,Malha e tela cirúrgica,Cirurgia geral,14523,0,14523,Cliente com fornecedor exclusivo,E1 Cotacao,0,0,0,0,0,0,0,0
FH-2021-00197,2021-12-04,2021-12-13,2021-12-25,2022-01-31,Ganho,1,2021,2021-12,Ricardo Aragão,Bem-Estar Saúde,Operadora verticalizada,PE,Marcapasso,Cardiologia,61975,61975,0,,,74,160,234,9,37,5305,1569,3736
FH-2021-00284,2021-12-04,2021-12-24,2021-12-28,2022-02-18,Ganho,1,2021,2021-12,Ricardo Aragão,Bem-Estar Saúde,Operadora verticalizada,PE,Material para artroscopia,Ortopedia,85905,85905,0,,,62,176,238,20,52,10478,3035,7443
FH-2021-00339,2021-12-04,2021-12-11,,,Perdido,0,2021,2021-12,Ricardo Aragão,Clinipar Integrada,Operadora verticalizada,PE,Implante de quadril,Ortopedia,131781,0,131781,Cirurgia cancelada,E2 Autorizacao,0,0,0,7,0,0,0,0
FH-2021-00261,2021-12-07,,,,Perdido,0,2021,2021-12,Luciana Prado,Hospital Regional do Agreste,Hospital público,RN,Implante de quadril,Ortopedia,49598,0,49598,Cotação respondida fora do prazo,E1 Cotacao,0,0,0,0,0,0,0,0
FH-2021-00090,2021-12-08,2021-12-22,,,Perdido,0,2021,2021-12,Paulo Menezes,Clinipar Integrada,Operadora verticalizada,PE,Grampeador cirúrgico,Cirurgia geral,251779,0,251779,Autorização expirou,E2 Autorizacao,0,0,0,14,0,0,0,0
FH-2021-00002,2021-12-10,,,,Perdido,0,2021,2021-12,Paulo Menezes,Clinipar Integrada,Operadora verticalizada,PE,Haste intramedular,Ortopedia,360630,0,360630,Cotação respondida fora do prazo,E1 Cotacao,0,0,0,0,0,0,0,0
FH-2021-00135,2021-12-12,,,,Perdido,0,2021,2021-12,Marcelo Bastos,Hospital São Rafael de Olinda,Hospital privado,PE,Haste intramedular,Ortopedia,24069,0,24069,Sem contrato para atender,E1 Cotacao,0,0,0,0,0,0,0,0
FH-2021-00361,2021-12-12,2021-12-27,2022-01-04,2022-03-18,Ganho,1,2022,2022-01,Sérgio Tavares,Clinipar Integrada,Operadora verticalizada,PE,Grampeador cirúrgico,Cirurgia geral,14394,14394,0,,,53,131,184,15,73,761,447,314
FH-2021-00335,2021-12-13,,,,Perdido,0,2021,2021-12,Marcelo Bastos,Bem-Estar Saúde,Operadora verticalizada,PE,Malha e tela cirúrgica,Cirurgia geral,27716,0,27716,Cotação respondida fora do prazo,E1 Cotacao,0,0,0,0,0,0,0,0
FH-2021-00127,2021-12-14,2021-12-19,2021-12-28,2022-01-18,Ganho,1,2021,2021-12,Paulo Menezes,Clinipar Integrada,Operadora verticalizada,PE,Material para artroscopia,Ortopedia,44238,44238,0,,,48,126,174,5,21,2128,1531,597
FH-2021-00206,2021-12-14,2022-01-07,2022-01-15,2022-02-03,Ganho,1,2022,2022-01,Paulo Menezes,Hospital Sete Coqueiros,Hospital privado,PE,Marcapasso,Cardiologia,38907,38907,0,,,37,108,145,24,19,3426,1966,1460
FH-2021-00067,2021-12-15,2021-12-28,,,Perdido,0,2021,2021-12,Marcelo Bastos,Hospital Costa Verde,Hospital privado,RN,Introdutor e guia,Cardiologia,152806,0,152806,Procedimento não autorizado pelo pagador,E2 Autorizacao,0,0,0,13,0,0,0,0
FH-2021-00184,2021-12-15,2022-01-08,,,Perdido,0,2021,2021-12,Rogério Lins,Vitalis Rede Integrada,Operadora verticalizada,PE,Placas e parafusos,Ortopedia,129729,0,129729,Troca de fonte pagadora no meio do processo,E2 Autorizacao,0,0,0,24,0,0,0,0
FH-2021-00040,2021-12-16,2021-12-21,2022-01-07,2022-02-11,Ganho,1,2022,2022-01,Rogério Lins,Vitalis Rede Integrada,Operadora verticalizada,PE,Implante de joelho,Ortopedia,115010,115010,0,,,45,110,155,5,35,11126,7605,3521
FH-2021-00107,2021-12-16,2021-12-28,2021-12-31,2022-04-06,Ganho,1,2021,2021-12,Fábio Correia,Vitalis Rede Integrada,Operadora verticalizada,PE,Implante de quadril,Ortopedia,96675,96675,0,,,60,143,203,12,96,6981,3826,3155
FH-2021-00170,2021-12-16,,,,Perdido,0,2021,2021-12,Rogério Lins,Hospital Nossa Senhora do Carmo,Hospital privado,PE,Haste intramedular,Ortopedia,92282,0,92282,Cotação respondida fora do prazo,E1 Cotacao,0,0,0,0,0,0,0,0
FH-2021-00102,2021-12-17,2021-12-23,2022-01-07,2022-03-21,Ganho,1,2022,2022-01,Paulo Menezes,Bem-Estar Saúde,Operadora verticalizada,PE,Implante de quadril,Ortopedia,43735,43735,0,,,44,111,155,6,73,2362,1381,981
FH-2021-00196,2021-12-17,,,,Perdido,0,2021,2021-12,Marcelo Bastos,Hospital Prazeres,Hospital privado,PE,Implante de quadril,Ortopedia,47187,0,47187,Preço acima do concorrente,E1 Cotacao,0,0,0,0,0,0,0,0
FH-2021-00217,2021-12-17,2021-12-27,2022-01-08,2022-02-27,Ganho,1,2022,2022-01,Luciana Prado,Bem-Estar Saúde,Operadora verticalizada,PE,Implante de joelho,Ortopedia,117645,117645,0,,,32,117,149,10,50,8473,4249,4224
FH-2021-00218,2021-12-17,,,,Perdido,0,2021,2021-12,Rogério Lins,Hospital Areia Preta,Hospital privado,AL,Cateter para angioplastia,Cardiologia,110076,0,110076,Preço acima do concorrente,E1 Cotacao,0,0,0,0,0,0,0,0
FH-2021-00222,2021-12-17,2022-01-12,2022-02-01,2022-04-02,Ganho,1,2022,2022-02,Marcelo Bastos,Hospital Regional de Petrolina,Hospital público,PE,Stent farmacológico,Cardiologia,208562,208562,0,,,34,144,178,26,60,16920,9043,7877
FH-2021-00025,2021-12-18,,,,Perdido,0,2021,2021-12,Rogério Lins,Hospital Manaíra,Hospital privado,PE,Introdutor e guia,Cardiologia,80481,0,80481,Preço acima do concorrente,E1 Cotacao,0,0,0,0,0,0,0,0
FH-2021-00010,2021-12-19,,,,Perdido,0,2021,2021-12,Tatiana Coelho,Hospital Sete Coqueiros,Hospital privado,PE,Material para artroscopia,Ortopedia,58919,0,58919,Cliente com fornecedor exclusivo,E1 Cotacao,0,0,0,0,0,0,0,0
FH-2021-00248,2021-12-22,,,,Perdido,0,2021,2021-12,Luciana Prado,Bem-Estar Saúde,Operadora verticalizada,PE,Introdutor e guia,Cardiologia,416361,0,416361,Cotação respondida fora do prazo,E1 Cotacao,0,0,0,0,0,0,0,0
FH-2021-00001,2021-12-25,2022-01-09,2022-01-21,2022-04-04,Perdido,0,2022,2022-01,Luciana Prado,Vitalis Rede Integrada,Operadora verticalizada,PE,Stent farmacológico,Cardiologia,205653,0,205653,Glosa não recuperada,E4 Faturamento,33,0,33,15,73,0,0,0
FH-2021-00079,2021-12-25,2022-01-04,,,Perdido,0,2021,2021-12,Ricardo Aragão,Bem-Estar Saúde,Operadora verticalizada,PE,Grampeador cirúrgico,Cirurgia geral,55772,0,55772,Procedimento não autorizado pelo pagador,E2 Autorizacao,0,0,0,10,0,0,0,0
FH-2021-00032,2021-12-27,2022-01-19,2022-02-08,2022-03-25,Ganho,1,2022,2022-02,Fábio Correia,Vitalis Rede Integrada,Operadora verticalizada,PE,Stent farmacológico,Cardiologia,139309,139309,0,,,46,142,188,23,45,20744,6708,14036
FH-2021-00164,2021-12-27,2022-01-18,2022-02-07,2022-04-03,Perdido,0,2022,2022-02,Rogério Lins,Vitalis Rede Integrada,Operadora verticalizada,PE,Haste intramedular,Ortopedia,314688,0,314688,Inadimplência do cliente,E4 Faturamento,25,0,25,22,55,0,0,0
FH-2021-00021,2021-12-28,2022-01-17,2022-02-03,2022-03-21,Ganho,1,2022,2022-02,Rogério Lins,Hospital Vale do Capibaribe,Hospital privado,PE,Implante de quadril,Ortopedia,81673,81673,0,,,51,115,166,20,46,4367,1459,2908
FH-2021-00216,2021-12-28,2022-01-15,2022-01-17,2022-04-01,Ganho,1,2022,2022-01,Tatiana Coelho,Hospital Madalena,Hospital privado,AL,Cateter para angioplastia,Cardiologia,57315,57315,0,,,26,100,126,18,74,2222,1586,636
FH-2022-00666,2022-01-01,2022-01-14,2022-02-03,2022-04-14,Ganho,1,2022,2022-02,Cíntia Barbosa,Hospital Estadual de Arapiraca,Hospital público,PE,Marcapasso,Cardiologia,37496,37496,0,,,31,105,136,13,70,1053,565,488
FH-2022-00675,2022-01-02,,,,Perdido,0,2022,2022-01,Diego Fontes,Saúde Atlântico,Operadora não verticalizada,AL,Implante de joelho,Ortopedia,180907,0,180907,Cotação respondida fora do prazo,E1 Cotacao,0,0,0,0,0,0,0,0
FH-2022-00759,2022-01-03,2022-01-11,2022-01-25,2022-04-08,Ganho,1,2022,2022-01,Luciana Prado,Vitalis Rede Integrada,Operadora verticalizada,PE,Implante de joelho,Ortopedia,262761,262761,0,,,35,108,143,8,73,9354,5731,3623
FH-2022-00732,2022-01-05,2022-01-21,2022-01-25,2022-03-15,Ganho,1,2022,2022-01,Ricardo Aragão,Hospital Casa Amarela,Hospital privado,PE,Cateter para angioplastia,Cardiologia,151721,151721,0,,,78,169,247,16,49,18120,6270,11850
FH-2022-00758,2022-01-05,2022-01-24,2022-02-11,2022-04-28,Ganho,1,2022,2022-02,Luciana Prado,Hospital Casa Amarela,Hospital privado,PE,Placas e parafusos,Ortopedia,33743,33743,0,,,24,130,154,19,76,2884,1197,1687
FH-2022-00508,2022-01-06,2022-01-29,2022-02-11,2022-04-07,Perdido,0,2022,2022-02,Tatiana Coelho,Hospital Costa Verde,Hospital privado,RN,Stent farmacológico,Cardiologia,56242,0,56242,Divergência na folha de sala,E4 Faturamento,17,0,17,23,55,0,0,0
FH-2022-00578,2022-01-06,,,,Perdido,0,2022,2022-01,Marcelo Bastos,NordMed Saúde,Operadora verticalizada,AL,Implante de joelho,Ortopedia,115705,0,115705,Cliente com fornecedor exclusivo,E1 Cotacao,0,0,0,0,0,0,0,0
FH-2022-00773,2022-01-06,2022-01-29,2022-02-15,2022-04-15,Ganho,1,2022,2022-02,Rogério Lins,Bom Viver Planos,Operadora não verticalizada,RN,Placas e parafusos,Ortopedia,94825,94825,0,,,33,135,168,23,59,8369,3204,5165
FH-2022-00394,2022-01-08,,,,Perdido,0,2022,2022-01,Joana Rios,Hospital Jaguaribe,Hospital privado,AL,Implante de quadril,Ortopedia,97869,0,97869,Preço acima do concorrente,E1 Cotacao,0,0,0,0,0,0,0,0
FH-2022-00646,2022-01-08,2022-01-29,2022-02-09,2022-03-18,Ganho,1,2022,2022-02,Sérgio Tavares,Saúde Atlântico,Operadora não verticalizada,AL,Material para artroscopia,Ortopedia,68909,68909,0,,,45,134,179,21,37,5251,3044,2207
FH-2022-00643,2022-01-09,2022-01-25,2022-01-28,2022-04-16,Ganho,1,2022,2022-01,Fábio Correia,Vitalis Rede Integrada,Operadora verticalizada,PE,Stent farmacológico,Cardiologia,77092,77092,0,,,52,165,217,16,78,9698,3980,5718
FH-2022-00680,2022-01-09,2022-01-22,2022-02-04,2022-05-05,Ganho,1,2022,2022-02,Rogério Lins,Saúde Atlântico,Operadora não verticalizada,AL,Cateter para angioplastia,Cardiologia,114715,114715,0,,,45,109,154,13,90,6219,1806,4413
FH-2022-00697,2022-01-09,2022-01-30,,,Perdido,0,2022,2022-01,Márcia Duarte,Hospital Ponta Negra,Hospital privado,PE,Implante de quadril,Ortopedia,36162,0,36162,Autorização expirou,E2 Autorizacao,0,0,0,21,0,0,0,0
FH-2022-00542,2022-01-10,2022-01-26,2022-02-10,2022-04-10,Ganho,1,2022,2022-02,Joana Rios,Hospital Cabo Branco,Hospital privado,PE,Implante de joelho,Ortopedia,97348,97348,0,,,18,73,91,16,59,1775,460,1315
FH-2022-00654,2022-01-10,2022-01-28,2022-02-18,2022-05-14,Ganho,1,2022,2022-02,Diego Fontes,Bem-Estar Saúde,Operadora verticalizada,PE,Introdutor e guia,Cardiologia,121336,121336,0,,,62,130,192,18,85,13322,8276,5046
FH-2022-00491,2022-01-11,,,,Perdido,0,2022,2022-01,Sérgio Tavares,Vitalis Rede Integrada,Operadora verticalizada,PE,Cateter para angioplastia,Cardiologia,249319,0,249319,Cotação respondida fora do prazo,E1 Cotacao,0,0,0,0,0,0,0,0
FH-2022-00786,2022-01-11,,,,Perdido,0,2022,2022-01,Diego Fontes,Clinipar Integrada,Operadora verticalizada,PE,Marcapasso,Cardiologia,307554,0,307554,Preço acima do concorrente,E1 Cotacao,0,0,0,0,0,0,0,0
FH-2022-00588,2022-01-12,2022-01-19,2022-02-09,2022-03-24,Ganho,1,2022,2022-02,Paulo Menezes,Bom Viver Planos,Operadora não verticalizada,RN,Marcapasso,Cardiologia,269693,269693,0,,,24,99,123,7,43,10879,5876,5003
FH-2022-00673,2022-01-13,2022-02-06,2022-02-08,2022-05-14,Ganho,1,2022,2022-02,Cíntia Barbosa,Bom Viver Planos,Operadora não verticalizada,RN,Implante de quadril,Ortopedia,142539,142539,0,,,25,90,115,24,95,8153,5749,2404
FH-2022-00429,2022-01-15,2022-02-09,2022-02-24,2022-05-17,Ganho,1,2022,2022-02,Sérgio Tavares,Hospital Farol de Maceió,Hospital privado,AL,Material para artroscopia,Ortopedia,140033,140033,0,,,39,140,179,25,82,9208,3668,5540
FH-2022-00424,2022-01-16,2022-01-31,2022-02-12,2022-04-25,Ganho,1,2022,2022-02,Sérgio Tavares,Hospital Municipal de Caruaru,Hospital público,RN,Implante de quadril,Ortopedia,73247,73247,0,,,56,120,176,15,72,5808,1521,4287
FH-2022-00442,2022-01-18,2022-01-22,2022-02-03,2022-04-18,Ganho,1,2022,2022-02,Sérgio Tavares,Vitalis Rede Integrada,Operadora verticalizada,PE,Introdutor e guia,Cardiologia,390128,390128,0,,,39,144,183,4,74,44079,14972,29107
FH-2022-00641,2022-01-18,2022-02-01,2022-02-11,2022-05-13,Ganho,1,2022,2022-02,Sérgio Tavares,Bom Viver Planos,Operadora não verticalizada,RN,Marcapasso,Cardiologia,236005,236005,0,,,56,151,207,14,91,29280,10724,18556
FH-2022-00731,2022-01-18,,,,Perdido,0,2022,2022-01,Tatiana Coelho,Vitalis Rede Integrada,Operadora verticalizada,PE,Stent farmacológico,Cardiologia,74892,0,74892,Sem contrato para atender,E1 Cotacao,0,0,0,0,0,0,0,0
FH-2022-00441,2022-01-19,2022-02-12,2022-02-19,2022-03-22,Ganho,1,2022,2022-02,Fábio Correia,Vitalis Rede Integrada,Operadora verticalizada,PE,Placas e parafusos,Ortopedia,444072,444072,0,,,54,135,189,24,31,68817,28729,40088
FH-2022-00398,2022-01-20,2022-02-12,,,Perdido,0,2022,2022-01,Rogério Lins,Hospital Municipal do Cabo,Hospital público,PE,Malha e tela cirúrgica,Cirurgia geral,209610,0,209610,Procedimento não autorizado pelo pagador,E2 Autorizacao,0,0,0,23,0,0,0,0
FH-2022-00632,2022-01-20,,,,Perdido,0,2022,2022-01,Rogério Lins,Vitalis Rede Integrada,Operadora verticalizada,PE,Implante de joelho,Ortopedia,129299,0,129299,Cotação respondida fora do prazo,E1 Cotacao,0,0,0,0,0,0,0,0
FH-2022-00516,2022-01-21,2022-01-29,2022-01-31,2022-03-16,Perdido,0,2022,2022-01,Tatiana Coelho,Clinipar Integrada,Operadora verticalizada,PE,Implante de quadril,Ortopedia,281918,0,281918,Nota fiscal não autorizada pelo hospital,E4 Faturamento,12,0,12,8,44,0,0,0
FH-2022-00678,2022-01-21,,,,Perdido,0,2022,2022-01,Joana Rios,Bom Viver Planos,Operadora não verticalizada,RN,Implante de joelho,Ortopedia,95849,0,95849,Cotação respondida fora do prazo,E1 Cotacao,0,0,0,0,0,0,0,0
FH-2022-00506,2022-01-22,,,,Perdido,0,2022,2022-01,Diego Fontes,Vitalis Rede Integrada,Operadora verticalizada,PE,Cateter para angioplastia,Cardiologia,262116,0,262116,Preço acima do concorrente,E1 Cotacao,0,0,0,0,0,0,0,0
FH-2022-00532,2022-01-22,2022-02-15,,,Perdido,0,2022,2022-01,Márcia Duarte,Clínica Cardio Espinheiro,Hospital privado,AL,Material para artroscopia,Ortopedia,50640,0,50640,Troca de fonte pagadora no meio do processo,E2 Autorizacao,0,0,0,24,0,0,0,0
FH-2022-00444,2022-01-25,,,,Perdido,0,2022,2022-01,Rogério Lins,NordMed Saúde,Operadora verticalizada,AL,Grampeador cirúrgico,Cirurgia geral,25048,0,25048,Cliente com fornecedor exclusivo,E1 Cotacao,0,0,0,0,0,0,0,0
FH-2022-00447,2022-01-25,2022-02-08,2022-02-28,2022-04-18,Ganho,1,2022,2022-02,Tatiana Coelho,Clínica Cardio Espinheiro,Hospital privado,AL,Implante de joelho,Ortopedia,34512,34512,0,,,23,106,129,14,49,1517,718,799
FH-2022-00616,2022-01-25,,,,Perdido,0,2022,2022-01,Cíntia Barbosa,Clinipar Integrada,Operadora verticalizada,PE,Implante de quadril,Ortopedia,46285,0,46285,Cotação respondida fora do prazo,E1 Cotacao,0,0,0,0,0,0,0,0
FH-2022-00694,2022-01-25,,,,Perdido,0,2022,2022-01,Rogério Lins,NordMed Saúde,Operadora verticalizada,AL,Implante de quadril,Ortopedia,63222,0,63222,Cliente com fornecedor exclusivo,E1 Cotacao,0,0,0,0,0,0,0,0
FH-2022-00796,2022-01-25,,,,Perdido,0,2022,2022-01,Rogério Lins,NordMed Saúde,Operadora verticalizada,AL,Malha e tela cirúrgica,Cirurgia geral,13590,0,13590,Preço acima do concorrente,E1 Cotacao,0,0,0,0,0,0,0,0
FH-2022-00476,2022-01-26,2022-01-30,2022-02-05,2022-03-09,Ganho,1,2022,2022-02,Joana Rios,Hospital Jaguaribe,Hospital privado,AL,Malha e tela cirúrgica,Cirurgia geral,37905,37905,0,,,12,91,103,4,32,1321,666,655
FH-2022-00591,2022-01-27,2022-02-12,2022-02-17,2022-04-22,Ganho,1,2022,2022-02,Rogério Lins,Saúde Atlântico,Operadora não verticalizada,AL,Placas e parafusos,Ortopedia,83146,83146,0,,,40,109,149,16,64,6235,3867,2368
FH-2022-00665,2022-01-28,2022-02-11,2022-02-13,2022-03-15,Ganho,1,2022,2022-02,Marcelo Bastos,Hospital Municipal de Paulista,Hospital público,PE,Grampeador cirúrgico,Cirurgia geral,18258,18258,0,,,54,114,168,14,30,1263,323,940
FH-2022-00535,2022-02-01,,,,Perdido,0,2022,2022-02,Tatiana Coelho,Prever Saúde,Operadora não verticalizada,PE,Haste intramedular,Ortopedia,102808,0,102808,Preço acima do concorrente,E1 Cotacao,0,0,0,0,0,0,0,0
FH-2022-00609,2022-02-03,2022-02-17,,,Perdido,0,2022,2022-02,Sérgio Tavares,Vitalis Rede Integrada,Operadora verticalizada,PE,Implante de quadril,Ortopedia,53150,0,53150,Procedimento não autorizado pelo pagador,E2 Autorizacao,0,0,0,14,0,0,0,0
FH-2022-00623,2022-02-03,2022-02-20,,,Perdido,0,2022,2022-02,Luciana Prado,Hospital Manaíra,Hospital privado,PE,Stent farmacológico,Cardiologia,59366,0,59366,Procedimento não autorizado pelo pagador,E2 Autorizacao,0,0,0,17,0,0,0,0
FH-2022-00534,2022-02-04,2022-02-23,2022-03-04,2022-03-23,Ganho,1,2022,2022-03,Sérgio Tavares,Clinipar Integrada,Operadora verticalizada,PE,Introdutor e guia,Cardiologia,56940,56940,0,,,36,131,167,19,19,3520,2482,1038
FH-2022-00714,2022-02-04,2022-03-01,,,Perdido,0,2022,2022-02,Fábio Correia,Vitalis Rede Integrada,Operadora verticalizada,PE,Stent farmacológico,Cardiologia,375407,0,375407,Procedimento não autorizado pelo pagador,E2 Autorizacao,0,0,0,25,0,0,0,0
FH-2022-00715,2022-02-04,2022-02-19,2022-03-01,2022-05-04,Ganho,1,2022,2022-03,Sérgio Tavares,Centro Cirúrgico Casa Forte,Hospital privado,PE,Implante de joelho,Ortopedia,79053,79053,0,,,33,132,165,15,64,6042,2938,3104
FH-2022-00727,2022-02-04,2022-02-08,2022-02-25,2022-03-16,Ganho,1,2022,2022-02,Diego Fontes,Hospital Nossa Senhora do Carmo,Hospital privado,PE,Haste intramedular,Ortopedia,45288,45288,0,,,61,131,192,4,19,3014,1768,1246
FH-2022-00392,2022-02-05,2022-02-15,2022-02-27,,Perdido,0,2022,2022-02,Tatiana Coelho,Bem-Estar Saúde,Operadora verticalizada,PE,Stent farmacológico,Cardiologia,105368,0,105368,Material devolvido sem uso,E3 Cirurgia,21,0,21,10,0,0,0,0
FH-2022-00482,2022-02-06,,,,Perdido,0,2022,2022-02,Cíntia Barbosa,Hospital Municipal de Garanhuns,Hospital público,PE,Implante de quadril,Ortopedia,47950,0,47950,Cotação respondida fora do prazo,E1 Cotacao,0,0,0,0,0,0,0,0
FH-2022-00585,2022-02-06,2022-02-09,2022-02-11,2022-04-10,Ganho,1,2022,2022-02,Fábio Correia,Clinipar Integrada,Operadora verticalizada,PE,Implante de joelho,Ortopedia,64738,64738,0,,,50,156,206,3,58,4440,2957,1483
FH-2022-00564,2022-02-07,,,,Perdido,0,2022,2022-02,Marcelo Bastos,Hospital Aurora,Hospital privado,AL,Haste intramedular,Ortopedia,30228,0,30228,Cliente com fornecedor exclusivo,E1 Cotacao,0,0,0,0,0,0,0,0
FH-2022-00584,2022-02-08,2022-02-28,2022-03-21,2022-06-25,Ganho,1,2022,2022-03,Fábio Correia,Hospital Municipal de Paulista,Hospital público,PE,Implante de joelho,Ortopedia,497075,497075,0,,,49,161,210,20,96,46676,30543,16133
FH-2022-00631,2022-02-08,2022-02-21,2022-03-05,,Perdido,0,2022,2022-03,Ricardo Aragão,NordMed Saúde,Operadora verticalizada,AL,Haste intramedular,Ortopedia,131089,0,131089,Material devolvido sem uso,E3 Cirurgia,62,0,62,13,0,0,0,0
FH-2022-00560,2022-02-09,2022-03-01,2022-03-03,2022-06-01,Ganho,1,2022,2022-03,Luciana Prado,Instituto Ortopédico Caruaru,Hospital privado,PE,Implante de joelho,Ortopedia,80745,80745,0,,,32,103,135,20,90,4470,3088,1382
FH-2022-00539,2022-02-10,,,,Perdido,0,2022,2022-02,Cíntia Barbosa,Hospital Municipal de Caruaru,Hospital público,RN,Placas e parafusos,Ortopedia,76611,0,76611,Cotação respondida fora do prazo,E1 Cotacao,0,0,0,0,0,0,0,0
FH-2022-00549,2022-02-10,2022-02-23,2022-02-25,2022-03-23,Ganho,1,2022,2022-02,Márcia Duarte,Hospital Vale do Capibaribe,Hospital privado,PE,Haste intramedular,Ortopedia,26465,26465,0,,,43,118,161,13,26,1491,832,659
FH-2022-00431,2022-02-13,2022-03-07,2022-03-15,2022-04-12,Ganho,1,2022,2022-03,Márcia Duarte,NordMed Saúde,Operadora verticalizada,AL,Material para artroscopia,Ortopedia,67047,67047,0,,,24,114,138,22,28,5626,2348,3278
FH-2022-00708,2022-02-13,2022-02-26,2022-03-05,2022-06-09,Ganho,1,2022,2022-03,Márcia Duarte,Bom Viver Planos,Operadora não verticalizada,RN,Implante de quadril,Ortopedia,41708,41708,0,,,36,112,148,13,96,2595,695,1900
FH-2022-00802,2022-02-13,2022-03-04,2022-03-15,2022-05-06,Ganho,1,2022,2022-03,Paulo Menezes,Bom Viver Planos,Operadora não verticalizada,RN,Kit de consumo cirúrgico,Cirurgia geral,74830,74830,0,,,46,129,175,19,52,3907,2727,1180
FH-2022-00461,2022-02-14,2022-02-21,2022-03-07,2022-05-05,Ganho,1,2022,2022-03,Tatiana Coelho,Hospital Bairro Novo,Hospital privado,PB,Haste intramedular,Ortopedia,49437,49437,0,,,18,111,129,7,59,1366,718,648
FH-2022-00522,2022-02-14,2022-02-28,2022-03-13,2022-06-08,Perdido,0,2022,2022-03,Sérgio Tavares,Hospital Municipal do Cabo,Hospital público,PE,Marcapasso,Cardiologia,105955,0,105955,Divergência na folha de sala,E4 Faturamento,30,0,30,14,87,0,0,0
FH-2022-00633,2022-02-14,,,,Perdido,0,2022,2022-02,Joana Rios,Clínica Ortopédica Boa Viagem,Hospital privado,PE,Implante de joelho,Ortopedia,50162,0,50162,Cotação respondida fora do prazo,E1 Cotacao,0,0,0,0,0,0,0,0
FH-2022-00747,2022-02-14,2022-02-28,2022-03-12,2022-06-04,Ganho,1,2022,2022-03,Luciana Prado,Hospital Regional de Campina Grande,Hospital público,PB,Material para artroscopia,Ortopedia,58195,58195,0,,,31,99,130,14,84,2230,973,1257
FH-2022-00640,2022-02-15,2022-03-05,,,Perdido,0,2022,2022-02,Sérgio Tavares,Hospital Regional de Natal,Hospital público,PB,Implante de quadril,Ortopedia,108012,0,108012,Procedimento não autorizado pelo pagador,E2 Autorizacao,0,0,0,18,0,0,0,0
FH-2022-00417,2022-02-16,,,,Perdido,0,2022,2022-02,Ricardo Aragão,NordMed Saúde,Operadora verticalizada,AL,Placas e parafusos,Ortopedia,141213,0,141213,Cliente com fornecedor exclusivo,E1 Cotacao,0,0,0,0,0,0,0,0
FH-2022-00602,2022-02-16,,,,Perdido,0,2022,2022-02,Ricardo Aragão,Vitalis Rede Integrada,Operadora verticalizada,PE,Placas e parafusos,Ortopedia,153134,0,153134,Sem contrato para atender,E1 Cotacao,0,0,0,0,0,0,0,0
FH-2022-00565,2022-02-19,,,,Perdido,0,2022,2022-02,Diego Fontes,Clinipar Integrada,Operadora verticalizada,PE,Implante de quadril,Ortopedia,185996,0,185996,Preço acima do concorrente,E1 Cotacao,0,0,0,0,0,0,0,0
FH-2022-00777,2022-02-19,2022-03-16,,,Perdido,0,2022,2022-02,Tatiana Coelho,Vitalis Rede Integrada,Operadora verticalizada,PE,Implante de joelho,Ortopedia,102516,0,102516,Autorização expirou,E2 Autorizacao,0,0,0,25,0,0,0,0
FH-2022-00639,2022-02-21,2022-03-06,,,Perdido,0,2022,2022-02,Marcelo Bastos,NordMed Saúde,Operadora verticalizada,AL,Placas e parafusos,Ortopedia,126212,0,126212,Autorização expirou,E2 Autorizacao,0,0,0,13,0,0,0,0
FH-2022-00533,2022-02-22,2022-03-02,,,Perdido,0,2022,2022-02,Cíntia Barbosa,Centro Cirúrgico Casa Forte,Hospital privado,PE,Implante de quadril,Ortopedia,153490,0,153490,Cirurgia cancelada,E2 Autorizacao,0,0,0,8,0,0,0,0
FH-2022-00589,2022-02-24,2022-02-27,2022-03-19,2022-04-12,Ganho,1,2022,2022-03,Cíntia Barbosa,Bom Viver Planos,Operadora não verticalizada,RN,Implante de joelho,Ortopedia,52709,52709,0,,,15,113,128,3,24,1672,591,1081
FH-2022-00615,2022-02-24,,,,Perdido,0,2022,2022-02,Joana Rios,Hospital Manaíra,Hospital privado,PE,Implante de joelho,Ortopedia,23896,0,23896,Produto indisponível em estoque,E1 Cotacao,0,0,0,0,0,0,0,0
FH-2022-00729,2022-02-24,2022-03-21,2022-04-09,2022-06-21,Ganho,1,2022,2022-04,Marcelo Bastos,Bem-Estar Saúde,Operadora verticalizada,PE,Material para artroscopia,Ortopedia,163176,163176,0,,,35,133,168,25,73,11202,4455,6747
FH-2022-00385,2022-02-25,2022-03-23,2022-04-06,2022-07-04,Ganho,1,2022,2022-04,Márcia Duarte,Vitalis Rede Integrada,Operadora verticalizada,PE,Implante de quadril,Ortopedia,63157,63157,0,,,32,115,147,26,89,4362,2462,1900
FH-2022-00536,2022-02-25,2022-03-21,2022-03-31,2022-07-03,Ganho,1,2022,2022-03,Rogério Lins,Bom Viver Planos,Operadora não verticalizada,RN,Marcapasso,Cardiologia,189680,189680,0,,,48,123,171,24,94,13780,8372,5408
FH-2022-00436,2022-02-26,,,,Perdido,0,2022,2022-02,Márcia Duarte,Hospital Vila Nova,Hospital privado,AL,Implante de quadril,Ortopedia,18868,0,18868,Cotação respondida fora do prazo,E1 Cotacao,0,0,0,0,0,0,0,0
FH-2022-00472,2022-02-27,,,,Perdido,0,2022,2022-02,Rogério Lins,Hospital Rio Doce,Hospital privado,AL,Material para artroscopia,Ortopedia,75723,0,75723,Produto indisponível em estoque,E1 Cotacao,0,0,0,0,0,0,0,0
FH-2022-00622,2022-02-27,2022-03-02,2022-03-21,,Perdido,0,2022,2022-03,Ricardo Aragão,NordMed Saúde,Operadora verticalizada,AL,Placas e parafusos,Ortopedia,79775,0,79775,Extravio intra-hospitalar,E3 Cirurgia,63,0,63,3,0,0,0,0
FH-2022-00627,2022-02-27,2022-03-17,2022-04-06,2022-07-04,Ganho,1,2022,2022-04,Fábio Correia,Centro Cirúrgico Casa Forte,Hospital privado,PE,Placas e parafusos,Ortopedia,104802,104802,0,,,41,143,184,18,89,14924,9864,5060
FH-2022-00401,2022-02-28,2022-03-22,2022-04-12,2022-06-04,Ganho,1,2022,2022-04,Marcelo Bastos,Hospital Ponta Verde,Hospital privado,PE,Placas e parafusos,Ortopedia,204095,204095,0,,,38,129,167,22,53,19489,6990,12499
FH-2022-00618,2022-02-28,2022-03-17,2022-04-01,2022-06-09,Ganho,1,2022,2022-04,Ricardo Aragão,Bem-Estar Saúde,Operadora verticalizada,PE,Implante de quadril,Ortopedia,215654,215654,0,,,73,167,240,17,69,24450,12865,11585
FH-2022-00619,2022-02-28,2022-03-24,2022-04-01,,Perdido,0,2022,2022-04,Luciana Prado,Clinipar Integrada,Operadora verticalizada,PE,Haste intramedular,Ortopedia,106284,0,106284,Troca de fornecedor em sala,E3 Cirurgia,20,0,20,24,0,0,0,0
FH-2022-00581,2022-03-01,2022-03-20,,,Perdido,0,2022,2022-03,Diego Fontes,Hospital Metropolitano Norte,Hospital público,PB,Grampeador cirúrgico,Cirurgia geral,30981,0,30981,Procedimento não autorizado pelo pagador,E2 Autorizacao,0,0,0,19,0,0,0,0
FH-2022-00427,2022-03-02,2022-03-11,2022-03-28,2022-05-01,Ganho,1,2022,2022-03,Paulo Menezes,Hospital Farol de Maceió,Hospital privado,AL,Implante de quadril,Ortopedia,82643,82643,0,,,22,127,149,9,34,5936,2888,3048
FH-2022-00421,2022-03-03,2022-03-13,2022-03-31,,Perdido,0,2022,2022-03,Tatiana Coelho,Hospital Real do Recife,Hospital privado,PB,Stent farmacológico,Cardiologia,62301,0,62301,Extravio intra-hospitalar,E3 Cirurgia,17,0,17,10,0,0,0,0
FH-2022-00551,2022-03-03,2022-03-21,2022-03-28,2022-05-15,Ganho,1,2022,2022-03,Rogério Lins,Hospital Geral de Maceió,Hospital público,RN,Marcapasso,Cardiologia,290833,290833,0,,,52,138,190,18,48,22291,14997,7294
FH-2022-00692,2022-03-03,,,,Perdido,0,2022,2022-03,Diego Fontes,Hospital Geral de Mossoró,Hospital público,RN,Stent farmacológico,Cardiologia,226818,0,226818,Produto indisponível em estoque,E1 Cotacao,0,0,0,0,0,0,0,0
FH-2022-00809,2022-03-03,,,,Perdido,0,2022,2022-03,Fábio Correia,Hospital Areia Preta,Hospital privado,AL,Malha e tela cirúrgica,Cirurgia geral,127730,0,127730,Preço acima do concorrente,E1 Cotacao,0,0,0,0,0,0,0,0
FH-2022-00528,2022-03-04,,,,Perdido,0,2022,2022-03,Paulo Menezes,Bom Viver Planos,Operadora não verticalizada,RN,Malha e tela cirúrgica,Cirurgia geral,15571,0,15571,Sem contrato para atender,E1 Cotacao,0,0,0,0,0,0,0,0
FH-2022-00396,2022-03-05,,,,Perdido,0,2022,2022-03,Joana Rios,Clínica Cirúrgica Derby,Hospital privado,PB,Placas e parafusos,Ortopedia,232938,0,232938,Sem contrato para atender,E1 Cotacao,0,0,0,0,0,0,0,0
FH-2022-00597,2022-03-05,,,,Perdido,0,2022,2022-03,Diego Fontes,Bem-Estar Saúde,Operadora verticalizada,PE,Cateter para angioplastia,Cardiologia,372607,0,372607,Cotação respondida fora do prazo,E1 Cotacao,0,0,0,0,0,0,0,0
FH-2022-00638,2022-03-05,2022-03-10,2022-03-23,2022-06-02,Ganho,1,2022,2022-03,Paulo Menezes,Vitalis Rede Integrada,Operadora verticalizada,PE,Introdutor e guia,Cardiologia,203023,203023,0,,,32,120,152,5,71,7612,2288,5324
FH-2022-00561,2022-03-06,2022-03-12,2022-03-24,2022-06-16,Ganho,1,2022,2022-03,Diego Fontes,Bem-Estar Saúde,Operadora verticalizada,PE,Implante de quadril,Ortopedia,243579,243579,0,,,52,151,203,6,84,31127,15751,15376
FH-2022-00504,2022-03-07,2022-03-29,2022-04-16,2022-05-18,Ganho,1,2022,2022-04,Cíntia Barbosa,NordMed Saúde,Operadora verticalizada,AL,Malha e tela cirúrgica,Cirurgia geral,31233,31233,0,,,22,94,116,22,32,886,638,248
FH-2022-00795,2022-03-10,2022-03-23,2022-04-11,,Perdido,0,2022,2022-04,Rogério Lins,Hospital Manaíra,Hospital privado,PE,Marcapasso,Cardiologia,111424,0,111424,Material devolvido sem uso,E3 Cirurgia,31,0,31,13,0,0,0,0
FH-2022-00452,2022-03-12,,,,Perdido,0,2022,2022-03,Fábio Correia,Hospital Estadual de Pernambuco,Hospital público,PE,Haste intramedular,Ortopedia,248404,0,248404,Preço acima do concorrente,E1 Cotacao,0,0,0,0,0,0,0,0
FH-2022-00754,2022-03-13,2022-04-04,2022-04-25,2022-07-21,Perdido,0,2022,2022-04,Ricardo Aragão,Bem-Estar Saúde,Operadora verticalizada,PE,Implante de quadril,Ortopedia,259518,0,259518,Nota fiscal não autorizada pelo hospital,E4 Faturamento,61,0,61,22,87,0,0,0
FH-2022-00610,2022-03-15,,,,Perdido,0,2022,2022-03,Diego Fontes,Vitalis Rede Integrada,Operadora verticalizada,PE,Implante de quadril,Ortopedia,90342,0,90342,Preço acima do concorrente,E1 Cotacao,0,0,0,0,0,0,0,0
FH-2022-00612,2022-03-15,2022-03-20,,,Perdido,0,2022,2022-03,Luciana Prado,Vitalis Rede Integrada,Operadora verticalizada,PE,Implante de joelho,Ortopedia,319429,0,319429,Procedimento não autorizado pelo pagador,E2 Autorizacao,0,0,0,5,0,0,0,0
FH-2022-00603,2022-03-16,,,,Perdido,0,2022,2022-03,Luciana Prado,Hospital Geral de Mossoró,Hospital público,RN,Placas e parafusos,Ortopedia,104859,0,104859,Cliente com fornecedor exclusivo,E1 Cotacao,0,0,0,0,0,0,0,0
FH-2022-00804,2022-03-16,2022-03-31,2022-04-05,,Perdido,0,2022,2022-04,Luciana Prado,Saúde Atlântico,Operadora não verticalizada,AL,Material para artroscopia,Ortopedia,557735,0,557735,Extravio intra-hospitalar,E3 Cirurgia,25,0,25,15,0,0,0,0
FH-2022-00652,2022-03-17,2022-04-12,2022-04-29,2022-07-26,Ganho,1,2022,2022-04,Paulo Menezes,Bom Viver Planos,Operadora não verticalizada,RN,Implante de quadril,Ortopedia,66967,66967,0,,,47,135,182,26,88,2555,950,1605
FH-2022-00410,2022-03-18,2022-04-13,2022-04-15,2022-06-29,Ganho,1,2022,2022-04,Marcelo Bastos,Hospital Sete Coqueiros,Hospital privado,PE,Implante de quadril,Ortopedia,307806,307806,0,,,43,144,187,26,75,25076,15634,9442
FH-2022-00465,2022-03-18,2022-03-29,,,Perdido,0,2022,2022-03,Ricardo Aragão,Vitalis Rede Integrada,Operadora verticalizada,PE,Placas e parafusos,Ortopedia,117311,0,117311,Procedimento não autorizado pelo pagador,E2 Autorizacao,0,0,0,11,0,0,0,0
FH-2022-00468,2022-03-18,2022-04-12,2022-04-14,2022-05-16,Ganho,1,2022,2022-04,Cíntia Barbosa,Hospital Municipal de Jaboatão,Hospital público,PE,Placas e parafusos,Ortopedia,30171,30171,0,,,25,109,134,25,32,1295,594,701
FH-2022-00478,2022-03-18,2022-03-26,2022-04-02,2022-07-05,Perdido,0,2022,2022-04,Diego Fontes,Bom Viver Planos,Operadora não verticalizada,RN,Implante de quadril,Ortopedia,170832,0,170832,Divergência na folha de sala,E4 Faturamento,50,0,50,8,94,0,0,0
FH-2022-00553,2022-03-18,2022-04-01,2022-04-08,2022-06-04,Ganho,1,2022,2022-04,Márcia Duarte,Hospital São Rafael de Olinda,Hospital privado,PE,Stent farmacológico,Cardiologia,66404,66404,0,,,31,126,157,14,57,5575,2958,2617
FH-2022-00530,2022-03-19,,,,Perdido,0,2022,2022-03,Fábio Correia,NordMed Saúde,Operadora verticalizada,AL,Stent farmacológico,Cardiologia,361878,0,361878,Cotação respondida fora do prazo,E1 Cotacao,0,0,0,0,0,0,0,0
FH-2022-00583,2022-03-19,2022-04-05,2022-04-23,2022-06-07,Ganho,1,2022,2022-04,Joana Rios,Hospital Madalena,Hospital privado,AL,Material para artroscopia,Ortopedia,21798,21798,0,,,11,91,102,17,45,654,444,210
FH-2022-00538,2022-03-20,2022-03-24,2022-03-28,2022-06-29,Ganho,1,2022,2022-03,Paulo Menezes,Saúde Atlântico,Operadora não verticalizada,AL,Cateter para angioplastia,Cardiologia,62322,62322,0,,,35,120,155,4,93,4805,3273,1532
FH-2022-00555,2022-03-22,2022-04-01,2022-04-08,2022-07-05,Ganho,1,2022,2022-04,Paulo Menezes,Bem-Estar Saúde,Operadora verticalizada,PE,Marcapasso,Cardiologia,355164,355164,0,,,36,107,143,10,88,27852,19618,8234
FH-2022-00437,2022-03-23,,,,Perdido,0,2022,2022-03,Diego Fontes,NordMed Saúde,Operadora verticalizada,AL,Haste intramedular,Ortopedia,418670,0,418670,Preço acima do concorrente,E1 Cotacao,0,0,0,0,0,0,0,0
FH-2022-00562,2022-03-23,,,,Perdido,0,2022,2022-03,Tatiana Coelho,Bem-Estar Saúde,Operadora verticalizada,PE,Placas e parafusos,Ortopedia,187082,0,187082,Sem contrato para atender,E1 Cotacao,0,0,0,0,0,0,0,0
FH-2022-00681,2022-03-25,2022-04-10,2022-04-23,2022-06-02,Ganho,1,2022,2022-04,Marcelo Bastos,Hospital Nossa Senhora do Carmo,Hospital privado,PE,Stent farmacológico,Cardiologia,77754,77754,0,,,48,121,169,16,40,4292,1283,3009
FH-2022-00684,2022-03-25,,,,Perdido,0,2022,2022-03,Marcelo Bastos,NordMed Saúde,Operadora verticalizada,AL,Implante de quadril,Ortopedia,237406,0,237406,Cliente com fornecedor exclusivo,E1 Cotacao,0,0,0,0,0,0,0,0
FH-2022-00600,2022-03-26,2022-04-17,2022-05-06,2022-06-10,Ganho,1,2022,2022-05,Rogério Lins,Bom Viver Planos,Operadora não verticalizada,RN,Kit de consumo cirúrgico,Cirurgia geral,114065,114065,0,,,29,137,166,22,35,6346,3964,2382
FH-2022-00493,2022-03-27,2022-04-05,2022-04-21,2022-05-23,Ganho,1,2022,2022-04,Ricardo Aragão,Bem-Estar Saúde,Operadora verticalizada,PE,Cateter para angioplastia,Cardiologia,265243,265243,0,,,54,153,207,9,32,38010,23338,14672
FH-2022-00503,2022-03-27,2022-04-21,2022-05-08,2022-06-26,Ganho,1,2022,2022-05,Joana Rios,Hospital Areia Preta,Hospital privado,AL,Implante de joelho,Ortopedia,97408,97408,0,,,20,90,110,25,49,3688,1834,1854
FH-2022-00605,2022-03-27,2022-04-18,2022-04-26,2022-06-21,Ganho,1,2022,2022-04,Ricardo Aragão,Clinipar Integrada,Operadora verticalizada,PE,Introdutor e guia,Cardiologia,755000,755000,0,,,66,142,208,22,56,109229,53047,56182
FH-2022-00770,2022-03-28,2022-04-02,2022-04-11,2022-05-25,Ganho,1,2022,2022-04,Tatiana Coelho,Hospital Vale do Capibaribe,Hospital privado,PE,Placas e parafusos,Ortopedia,133506,133506,0,,,29,92,121,5,44,3309,2411,898
FH-2022-00459,2022-04-01,,,,Perdido,0,2022,2022-04,Ricardo Aragão,Bem-Estar Saúde,Operadora verticalizada,PE,Placas e parafusos,Ortopedia,52501,0,52501,Cotação respondida fora do prazo,E1 Cotacao,0,0,0,0,0,0,0,0
FH-2022-00667,2022-04-03,,,,Perdido,0,2022,2022-04,Joana Rios,Hospital Setúbal,Hospital privado,RN,Kit de consumo cirúrgico,Cirurgia geral,11586,0,11586,Preço acima do concorrente,E1 Cotacao,0,0,0,0,0,0,0,0
FH-2022-00404,2022-04-04,,,,Perdido,0,2022,2022-04,Ricardo Aragão,Clinipar Integrada,Operadora verticalizada,PE,Grampeador cirúrgico,Cirurgia geral,214697,0,214697,Preço acima do concorrente,E1 Cotacao,0,0,0,0,0,0,0,0
FH-2022-00695,2022-04-05,,,,Perdido,0,2022,2022-04,Ricardo Aragão,Vitalis Rede Integrada,Operadora verticalizada,PE,Implante de quadril,Ortopedia,317843,0,317843,Sem contrato para atender,E1 Cotacao,0,0,0,0,0,0,0,0
FH-2022-00625,2022-04-06,,,,Perdido,0,2022,2022-04,Ricardo Aragão,Bem-Estar Saúde,Operadora verticalizada,PE,Placas e parafusos,Ortopedia,153944,0,153944,Preço acima do concorrente,E1 Cotacao,0,0,0,0,0,0,0,0
FH-2022-00434,2022-04-07,,,,Perdido,0,2022,2022-04,Ricardo Aragão,NordMed Saúde,Operadora verticalizada,AL,Introdutor e guia,Cardiologia,118467,0,118467,Preço acima do concorrente,E1 Cotacao,0,0,0,0,0,0,0,0
FH-2022-00596,2022-04-07,2022-04-20,2022-05-08,,Perdido,0,2022,2022-05,Tatiana Coelho,Vitalis Rede Integrada,Operadora verticalizada,PE,Placas e parafusos,Ortopedia,324274,0,324274,Material devolvido sem uso,E3 Cirurgia,17,0,17,13,0,0,0,0
FH-2022-00515,2022-04-08,2022-04-29,2022-05-11,2022-07-07,Ganho,1,2022,2022-05,Marcelo Bastos,Prever Saúde,Operadora não verticalizada,PE,Implante de quadril,Ortopedia,122091,122091,0,,,31,137,168,21,57,8742,2192,6550
FH-2022-00693,2022-04-08,,,,Perdido,0,2022,2022-04,Fábio Correia,Hospital Nossa Senhora do Carmo,Hospital privado,PE,Marcapasso,Cardiologia,357123,0,357123,Preço acima do concorrente,E1 Cotacao,0,0,0,0,0,0,0,0
FH-2022-00544,2022-04-09,2022-04-12,2022-04-25,2022-05-24,Ganho,1,2022,2022-04,Cíntia Barbosa,Hospital Municipal de Paulista,Hospital público,PE,Cateter para angioplastia,Cardiologia,77663,77663,0,,,25,97,122,3,29,4344,2077,2267
FH-2022-00775,2022-04-09,,,,Perdido,0,2022,2022-04,Ricardo Aragão,Saúde Atlântico,Operadora não verticalizada,AL,Marcapasso,Cardiologia,172866,0,172866,Preço acima do concorrente,E1 Cotacao,0,0,0,0,0,0,0,0
FH-2022-00800,2022-04-09,2022-04-21,2022-05-08,2022-08-01,Ganho,1,2022,2022-05,Ricardo Aragão,Vitalis Rede Integrada,Operadora verticalizada,PE,Material para artroscopia,Ortopedia,199842,199842,0,,,64,160,224,12,85,28888,14554,14334
FH-2022-00617,2022-04-11,,,,Perdido,0,2022,2022-04,Sérgio Tavares,Vitalis Rede Integrada,Operadora verticalizada,PE,Cateter para angioplastia,Cardiologia,41102,0,41102,Preço acima do concorrente,E1 Cotacao,0,0,0,0,0,0,0,0
FH-2022-00799,2022-04-11,2022-05-01,2022-05-12,2022-06-29,Ganho,1,2022,2022-05,Sérgio Tavares,Bem-Estar Saúde,Operadora verticalizada,PE,Implante de joelho,Ortopedia,211153,211153,0,,,56,137,193,20,48,22531,12294,10237
FH-2022-00416,2022-04-12,2022-04-17,2022-05-07,2022-05-29,Ganho,1,2022,2022-05,Marcelo Bastos,Clinipar Integrada,Operadora verticalizada,PE,Cateter para angioplastia,Cardiologia,238145,238145,0,,,43,124,167,5,22,18120,9534,8586
FH-2022-00570,2022-04-12,2022-05-01,2022-05-06,2022-07-15,Ganho,1,2022,2022-05,Luciana Prado,Clinipar Integrada,Operadora verticalizada,PE,Malha e tela cirúrgica,Cirurgia geral,40265,40265,0,,,29,117,146,19,70,2213,1626,587
FH-2022-00806,2022-04-12,2022-04-18,2022-04-27,2022-05-19,Ganho,1,2022,2022-04,Paulo Menezes,Bem-Estar Saúde,Operadora verticalizada,PE,Kit de consumo cirúrgico,Cirurgia geral,81045,81045,0,,,30,135,165,6,22,3084,1710,1374
FH-2022-00485,2022-04-13,,,,Perdido,0,2022,2022-04,Tatiana Coelho,Hospital Ponta Negra,Hospital privado,PE,Malha e tela cirúrgica,Cirurgia geral,29373,0,29373,Preço acima do concorrente,E1 Cotacao,0,0,0,0,0,0,0,0
FH-2022-00556,2022-04-14,2022-04-17,2022-04-24,2022-06-25,Ganho,1,2022,2022-04,Luciana Prado,Hospital Sete Coqueiros,Hospital privado,PE,Implante de quadril,Ortopedia,83448,83448,0,,,22,126,148,3,62,3796,2396,1400
FH-2022-00390,2022-04-15,2022-04-27,,,Perdido,0,2022,2022-04,Cíntia Barbosa,Hospital Municipal de Olinda,Hospital público,AL,Introdutor e guia,Cardiologia,56369,0,56369,Cirurgia cancelada,E2 Autorizacao,0,0,0,12,0,0,0,0
FH-2022-00435,2022-04-15,2022-05-05,2022-05-25,2022-08-01,Ganho,1,2022,2022-05,Paulo Menezes,Vitalis Rede Integrada,Operadora verticalizada,PE,Stent farmacológico,Cardiologia,168005,168005,0,,,45,112,157,20,68,13944,4265,9679
FH-2022-00642,2022-04-15,,,,Perdido,0,2022,2022-04,Joana Rios,Hospital Real do Recife,Hospital privado,PB,Grampeador cirúrgico,Cirurgia geral,15077,0,15077,Cliente com fornecedor exclusivo,E1 Cotacao,0,0,0,0,0,0,0,0
FH-2022-00670,2022-04-15,,,,Perdido,0,2022,2022-04,Tatiana Coelho,Bem-Estar Saúde,Operadora verticalizada,PE,Cateter para angioplastia,Cardiologia,126683,0,126683,Sem contrato para atender,E1 Cotacao,0,0,0,0,0,0,0,0
FH-2022-00710,2022-04-15,2022-05-09,2022-05-17,,Perdido,0,2022,2022-05,Paulo Menezes,Clinipar Integrada,Operadora verticalizada,PE,Implante de joelho,Ortopedia,181353,0,181353,Material devolvido sem uso,E3 Cirurgia,43,0,43,24,0,0,0,0
FH-2022-00386,2022-04-17,2022-05-03,2022-05-18,,Perdido,0,2022,2022-05,Diego Fontes,Vitalis Rede Integrada,Operadora verticalizada,PE,Implante de joelho,Ortopedia,123072,0,123072,Material devolvido sem uso,E3 Cirurgia,56,0,56,16,0,0,0,0
FH-2022-00658,2022-04-17,,,,Perdido,0,2022,2022-04,Sérgio Tavares,Hospital Ponta Verde,Hospital privado,PE,Grampeador cirúrgico,Cirurgia geral,157502,0,157502,Sem contrato para atender,E1 Cotacao,0,0,0,0,0,0,0,0
FH-2022-00709,2022-04-18,2022-05-09,2022-05-21,2022-06-28,Perdido,0,2022,2022-05,Fábio Correia,Hospital Vale do Capibaribe,Hospital privado,PE,Implante de joelho,Ortopedia,103853,0,103853,Glosa não recuperada,E4 Faturamento,69,0,69,21,38,0,0,0
FH-2022-00457,2022-04-19,,,,Perdido,0,2022,2022-04,Márcia Duarte,Bem-Estar Saúde,Operadora verticalizada,PE,Material para artroscopia,Ortopedia,98425,0,98425,Preço acima do concorrente,E1 Cotacao,0,0,0,0,0,0,0,0
FH-2022-00689,2022-04-19,,,,Perdido,0,2022,2022-04,Ricardo Aragão,Clinipar Integrada,Operadora verticalizada,PE,Implante de joelho,Ortopedia,77201,0,77201,Cotação respondida fora do prazo,E1 Cotacao,0,0,0,0,0,0,0,0
FH-2022-00764,2022-04-19,2022-04-30,2022-05-03,2022-06-05,Ganho,1,2022,2022-05,Tatiana Coelho,Centro Cirúrgico Casa Forte,Hospital privado,PE,Implante de quadril,Ortopedia,15656,15656,0,,,13,90,103,11,33,499,372,127
FH-2022-00783,2022-04-19,2022-04-27,2022-05-07,2022-07-23,Ganho,1,2022,2022-05,Cíntia Barbosa,Hospital Regional do Agreste,Hospital público,RN,Malha e tela cirúrgica,Cirurgia geral,36808,36808,0,,,29,124,153,8,77,1396,843,553
FH-2022-00630,2022-04-20,2022-04-26,2022-05-01,2022-05-24,Perdido,0,2022,2022-05,Márcia Duarte,Bom Viver Planos,Operadora não verticalizada,RN,Material para artroscopia,Ortopedia,163251,0,163251,Divergência na folha de sala,E4 Faturamento,24,0,24,6,23,0,0,0
FH-2022-00797,2022-04-20,2022-05-15,2022-05-23,2022-07-28,Perdido,0,2022,2022-05,Márcia Duarte,NordMed Saúde,Operadora verticalizada,AL,Marcapasso,Cardiologia,197457,0,197457,Divergência na folha de sala,E4 Faturamento,31,0,31,25,66,0,0,0
FH-2022-00439,2022-04-21,2022-05-13,2022-05-18,2022-06-29,Ganho,1,2022,2022-05,Joana Rios,NordMed Saúde,Operadora verticalizada,AL,Implante de joelho,Ortopedia,149673,149673,0,,,17,82,99,22,42,2755,1112,1643
FH-2022-00752,2022-04-22,2022-05-03,2022-05-16,2022-08-15,Ganho,1,2022,2022-05,Fábio Correia,Vitalis Rede Integrada,Operadora verticalizada,PE,Placas e parafusos,Ortopedia,143067,143067,0,,,44,167,211,11,91,15969,4151,11818
FH-2022-00776,2022-04-23,,,,Perdido,0,2022,2022-04,Joana Rios,Hospital São Rafael de Olinda,Hospital privado,PE,Placas e parafusos,Ortopedia,113554,0,113554,Sem contrato para atender,E1 Cotacao,0,0,0,0,0,0,0,0
FH-2022-00525,2022-04-24,2022-05-03,,,Perdido,0,2022,2022-04,Ricardo Aragão,NordMed Saúde,Operadora verticalizada,AL,Marcapasso,Cardiologia,333555,0,333555,Cirurgia cancelada,E2 Autorizacao,0,0,0,9,0,0,0,0
FH-2022-00725,2022-04-24,,,,Perdido,0,2022,2022-04,Márcia Duarte,Hospital Graças,Hospital privado,PE,Stent farmacológico,Cardiologia,81921,0,81921,Preço acima do concorrente,E1 Cotacao,0,0,0,0,0,0,0,0
FH-2022-00749,2022-04-24,2022-05-19,2022-05-29,2022-07-13,Ganho,1,2022,2022-05,Luciana Prado,Vitalis Rede Integrada,Operadora verticalizada,PE,Kit de consumo cirúrgico,Cirurgia geral,62529,62529,0,,,37,99,136,25,45,4079,2706,1373
FH-2022-00494,2022-04-26,,,,Perdido,0,2022,2022-04,Cíntia Barbosa,Hospital Municipal do Cabo,Hospital público,PE,Haste intramedular,Ortopedia,120272,0,120272,Cliente com fornecedor exclusivo,E1 Cotacao,0,0,0,0,0,0,0,0
FH-2022-00711,2022-04-26,2022-05-01,2022-05-17,2022-06-28,Ganho,1,2022,2022-05,Luciana Prado,Hospital Areia Preta,Hospital privado,AL,Implante de quadril,Ortopedia,119605,119605,0,,,31,123,154,5,42,6253,2505,3748
FH-2022-00524,2022-04-27,,,,Perdido,0,2022,2022-04,Tatiana Coelho,Hospital Estadual de Pernambuco,Hospital público,PE,Marcapasso,Cardiologia,136545,0,136545,Cliente com fornecedor exclusivo,E1 Cotacao,0,0,0,0,0,0,0,0
FH-2022-00403,2022-05-01,2022-05-11,,,Perdido,0,2022,2022-05,Fábio Correia,Clinipar Integrada,Operadora verticalizada,PE,Cateter para angioplastia,Cardiologia,102329,0,102329,Procedimento não autorizado pelo pagador,E2 Autorizacao,0,0,0,10,0,0,0,0
FH-2022-00471,2022-05-01,2022-05-27,2022-06-05,2022-08-22,Ganho,1,2022,2022-06,Ricardo Aragão,Clinipar Integrada,Operadora verticalizada,PE,Cateter para angioplastia,Cardiologia,378459,378459,0,,,56,167,223,26,78,49312,30123,19189
FH-2022-00586,2022-05-01,2022-05-27,2022-06-13,,Perdido,0,2022,2022-06,Márcia Duarte,NordMed Saúde,Operadora verticalizada,AL,Implante de quadril,Ortopedia,84292,0,84292,Material devolvido sem uso,E3 Cirurgia,28,0,28,26,0,0,0,0
FH-2022-00507,2022-05-02,2022-05-28,,,Perdido,0,2022,2022-05,Ricardo Aragão,Bom Viver Planos,Operadora não verticalizada,RN,Implante de quadril,Ortopedia,36465,0,36465,Procedimento não autorizado pelo pagador,E2 Autorizacao,0,0,0,26,0,0,0,0
FH-2022-00462,2022-05-03,,,,Perdido,0,2022,2022-05,Márcia Duarte,Bom Viver Planos,Operadora não verticalizada,RN,Implante de joelho,Ortopedia,130801,0,130801,Cliente com fornecedor exclusivo,E1 Cotacao,0,0,0,0,0,0,0,0
FH-2022-00466,2022-05-03,,,,Perdido,0,2022,2022-05,Ricardo Aragão,Vitalis Rede Integrada,Operadora verticalizada,PE,Haste intramedular,Ortopedia,319082,0,319082,Preço acima do concorrente,E1 Cotacao,0,0,0,0,0,0,0,0
FH-2022-00451,2022-05-04,2022-05-23,2022-05-28,2022-06-23,Ganho,1,2022,2022-05,Rogério Lins,NordMed Saúde,Operadora verticalizada,AL,Grampeador cirúrgico,Cirurgia geral,23349,23349,0,,,32,120,152,19,26,1366,653,713
FH-2022-00475,2022-05-04,2022-05-17,2022-05-28,2022-06-28,Ganho,1,2022,2022-05,Marcelo Bastos,Clinipar Integrada,Operadora verticalizada,PE,Placas e parafusos,Ortopedia,300666,300666,0,,,31,123,154,13,31,16727,8518,8209
FH-2022-00484,2022-05-04,2022-05-23,2022-06-12,2022-08-28,Perdido,0,2022,2022-06,Fábio Correia,Bom Viver Planos,Operadora não verticalizada,RN,Placas e parafusos,Ortopedia,56105,0,56105,Inadimplência do cliente,E4 Faturamento,49,0,49,19,77,0,0,0
FH-2022-00448,2022-05-05,2022-05-14,2022-06-01,2022-08-14,Ganho,1,2022,2022-06,Ricardo Aragão,NordMed Saúde,Operadora verticalizada,AL,Kit de consumo cirúrgico,Cirurgia geral,129088,129088,0,,,75,167,242,9,74,13367,6743,6624
FH-2022-00700,2022-05-05,2022-05-10,2022-05-29,2022-08-07,Ganho,1,2022,2022-05,Sérgio Tavares,Hospital Casa Amarela,Hospital privado,PE,Malha e tela cirúrgica,Cirurgia geral,19172,19172,0,,,38,137,175,5,70,1987,843,1144
FH-2022-00383,2022-05-07,,,,Perdido,0,2022,2022-05,Paulo Menezes,Clínica Cardio Espinheiro,Hospital privado,AL,Material para artroscopia,Ortopedia,59836,0,59836,Produto indisponível em estoque,E1 Cotacao,0,0,0,0,0,0,0,0
FH-2022-00450,2022-05-07,,,,Perdido,0,2022,2022-05,Marcelo Bastos,Vitalis Rede Integrada,Operadora verticalizada,PE,Implante de quadril,Ortopedia,115225,0,115225,Cotação respondida fora do prazo,E1 Cotacao,0,0,0,0,0,0,0,0
FH-2022-00464,2022-05-07,2022-05-25,2022-06-12,2022-09-04,Ganho,1,2022,2022-06,Cíntia Barbosa,Hospital Municipal do Cabo,Hospital público,PE,Grampeador cirúrgico,Cirurgia geral,13918,13918,0,,,29,102,131,18,84,702,472,230
FH-2022-00487,2022-05-08,,,,Perdido,0,2022,2022-05,Ricardo Aragão,Bem-Estar Saúde,Operadora verticalizada,PE,Implante de quadril,Ortopedia,154369,0,154369,Sem contrato para atender,E1 Cotacao,0,0,0,0,0,0,0,0
FH-2022-00572,2022-05-08,2022-05-13,2022-05-26,2022-08-29,Ganho,1,2022,2022-05,Sérgio Tavares,Hospital Casa Amarela,Hospital privado,PE,Cateter para angioplastia,Cardiologia,46900,46900,0,,,33,155,188,5,95,3687,2515,1172
FH-2022-00794,2022-05-08,2022-05-15,2022-05-19,2022-06-07,Ganho,1,2022,2022-05,Tatiana Coelho,Hospital Casa Amarela,Hospital privado,PE,Placas e parafusos,Ortopedia,101536,101536,0,,,17,100,117,7,19,3428,1607,1821
FH-2022-00419,2022-05-10,2022-05-27,,,Perdido,0,2022,2022-05,Diego Fontes,NordMed Saúde,Operadora verticalizada,AL,Malha e tela cirúrgica,Cirurgia geral,24787,0,24787,Autorização expirou,E2 Autorizacao,0,0,0,17,0,0,0,0
FH-2022-00510,2022-05-11,2022-06-02,2022-06-10,2022-08-12,Ganho,1,2022,2022-06,Joana Rios,Hospital São Rafael de Olinda,Hospital privado,PE,Grampeador cirúrgico,Cirurgia geral,67366,67366,0,,,13,81,94,22,63,1801,678,1123
FH-2022-00479,2022-05-12,,,,Perdido,0,2022,2022-05,Marcelo Bastos,Hospital Costa Verde,Hospital privado,RN,Implante de quadril,Ortopedia,73807,0,73807,Cliente com fornecedor exclusivo,E1 Cotacao,0,0,0,0,0,0,0,0
FH-2022-00704,2022-05-12,2022-06-01,,,Perdido,0,2022,2022-05,Rogério Lins,Saúde Atlântico,Operadora não verticalizada,AL,Grampeador cirúrgico,Cirurgia geral,20086,0,20086,Autorização expirou,E2 Autorizacao,0,0,0,20,0,0,0,0
FH-2022-00517,2022-05-13,,,,Perdido,0,2022,2022-05,Joana Rios,Clínica Cirúrgica Derby,Hospital privado,PB,Implante de quadril,Ortopedia,29190,0,29190,Produto indisponível em estoque,E1 Cotacao,0,0,0,0,0,0,0,0
FH-2022-00428,2022-05-14,,,,Perdido,0,2022,2022-05,Marcelo Bastos,Hospital Areia Preta,Hospital privado,AL,Placas e parafusos,Ortopedia,111580,0,111580,Cliente com fornecedor exclusivo,E1 Cotacao,0,0,0,0,0,0,0,0
FH-2022-00455,2022-05-15,2022-05-25,2022-05-27,,Perdido,0,2022,2022-05,Rogério Lins,Hospital Prazeres,Hospital privado,PE,Implante de quadril,Ortopedia,149259,0,149259,Material devolvido sem uso,E3 Cirurgia,29,0,29,10,0,0,0,0
FH-2022-00685,2022-05-15,2022-06-09,2022-06-14,2022-09-10,Perdido,0,2022,2022-06,Fábio Correia,Clinipar Integrada,Operadora verticalizada,PE,Implante de quadril,Ortopedia,82223,0,82223,Glosa não recuperada,E4 Faturamento,69,0,69,25,88,0,0,0
FH-2022-00760,2022-05-15,2022-05-24,2022-06-10,2022-07-10,Perdido,0,2022,2022-06,Tatiana Coelho,NordMed Saúde,Operadora verticalizada,AL,Placas e parafusos,Ortopedia,265748,0,265748,Nota fiscal não autorizada pelo hospital,E4 Faturamento,14,0,14,9,30,0,0,0
FH-2022-00634,2022-05-16,2022-06-06,2022-06-19,2022-08-27,Ganho,1,2022,2022-06,Marcelo Bastos,Hospital Madalena,Hospital privado,AL,Malha e tela cirúrgica,Cirurgia geral,41747,41747,0,,,29,114,143,21,69,4574,1451,3123
FH-2022-00762,2022-05-16,2022-05-23,2022-06-13,2022-08-06,Ganho,1,2022,2022-06,Fábio Correia,Bem-Estar Saúde,Operadora verticalizada,PE,Placas e parafusos,Ortopedia,25787,25787,0,,,56,147,203,7,54,2734,1753,981
FH-2022-00473,2022-05-17,2022-05-31,2022-06-13,2022-09-03,Ganho,1,2022,2022-06,Tatiana Coelho,Hospital Municipal de Caruaru,Hospital público,RN,Implante de quadril,Ortopedia,95254,95254,0,,,16,99,115,14,82,3391,1111,2280
FH-2022-00474,2022-05-17,,,,Perdido,0,2022,2022-05,Sérgio Tavares,Hospital Vale do Capibaribe,Hospital privado,PE,Haste intramedular,Ortopedia,121220,0,121220,Produto indisponível em estoque,E1 Cotacao,0,0,0,0,0,0,0,0
FH-2022-00449,2022-05-18,,,,Perdido,0,2022,2022-05,Rogério Lins,Clinipar Integrada,Operadora verticalizada,PE,Implante de joelho,Ortopedia,104853,0,104853,Cotação respondida fora do prazo,E1 Cotacao,0,0,0,0,0,0,0,0
FH-2022-00463,2022-05-18,,,,Perdido,0,2022,2022-05,Fábio Correia,Vitalis Rede Integrada,Operadora verticalizada,PE,Implante de joelho,Ortopedia,283986,0,283986,Produto indisponível em estoque,E1 Cotacao,0,0,0,0,0,0,0,0
FH-2022-00644,2022-05-18,2022-06-08,2022-06-24,2022-09-13,Ganho,1,2022,2022-06,Tatiana Coelho,Hospital Rio Doce,Hospital privado,AL,Grampeador cirúrgico,Cirurgia geral,30993,30993,0,,,27,107,134,21,81,1152,453,699
FH-2022-00808,2022-05-19,,,,Perdido,0,2022,2022-05,Diego Fontes,Hospital Ponta Negra,Hospital privado,PE,Placas e parafusos,Ortopedia,58900,0,58900,Sem contrato para atender,E1 Cotacao,0,0,0,0,0,0,0,0
FH-2022-00501,2022-05-20,2022-06-03,2022-06-11,2022-07-02,Perdido,0,2022,2022-06,Marcelo Bastos,Vitalis Rede Integrada,Operadora verticalizada,PE,Kit de consumo cirúrgico,Cirurgia geral,221082,0,221082,Glosa não recuperada,E4 Faturamento,31,0,31,14,21,0,0,0
FH-2022-00635,2022-05-20,2022-05-31,2022-06-19,2022-09-20,Ganho,1,2022,2022-06,Ricardo Aragão,Vitalis Rede Integrada,Operadora verticalizada,PE,Material para artroscopia,Ortopedia,298961,298961,0,,,54,139,193,11,93,39429,27754,11675
FH-2022-00723,2022-05-21,2022-06-05,2022-06-10,,Perdido,0,2022,2022-06,Marcelo Bastos,Clinipar Integrada,Operadora verticalizada,PE,Cateter para angioplastia,Cardiologia,170340,0,170340,Material devolvido sem uso,E3 Cirurgia,34,0,34,15,0,0,0,0
FH-2022-00500,2022-05-22,2022-06-03,2022-06-13,2022-07-21,Ganho,1,2022,2022-06,Sérgio Tavares,NordMed Saúde,Operadora verticalizada,AL,Material para artroscopia,Ortopedia,185498,185498,0,,,34,136,170,12,38,14680,5097,9583
FH-2022-00607,2022-05-22,,,,Perdido,0,2022,2022-05,Márcia Duarte,Bem-Estar Saúde,Operadora verticalizada,PE,Implante de joelho,Ortopedia,118573,0,118573,Cotação respondida fora do prazo,E1 Cotacao,0,0,0,0,0,0,0,0
FH-2022-00613,2022-05-22,2022-06-09,2022-06-24,2022-09-25,Ganho,1,2022,2022-06,Marcelo Bastos,NordMed Saúde,Operadora verticalizada,AL,Introdutor e guia,Cardiologia,293248,293248,0,,,52,122,174,18,93,23297,7246,16051
FH-2022-00412,2022-05-24,2022-06-10,2022-07-01,,Perdido,0,2022,2022-07,Diego Fontes,Saúde Atlântico,Operadora não verticalizada,AL,Cateter para angioplastia,Cardiologia,140904,0,140904,Extravio intra-hospitalar,E3 Cirurgia,60,0,60,17,0,0,0,0
FH-2022-00514,2022-05-24,2022-06-13,2022-06-25,2022-08-24,Ganho,1,2022,2022-06,Tatiana Coelho,Hospital Real do Recife,Hospital privado,PB,Grampeador cirúrgico,Cirurgia geral,79780,79780,0,,,17,88,105,20,60,2358,1173,1185
FH-2022-00541,2022-05-24,2022-05-28,2022-05-30,2022-08-25,Perdido,0,2022,2022-05,Tatiana Coelho,Hospital Bairro Novo,Hospital privado,PB,Placas e parafusos,Ortopedia,102637,0,102637,Nota fiscal não autorizada pelo hospital,E4 Faturamento,24,0,24,4,87,0,0,0
FH-2022-00608,2022-05-24,2022-06-13,2022-06-23,2022-08-17,Ganho,1,2022,2022-06,Sérgio Tavares,Vitalis Rede Integrada,Operadora verticalizada,PE,Implante de quadril,Ortopedia,49107,49107,0,,,42,130,172,20,55,5251,2024,3227
FH-2022-00505,2022-05-25,2022-06-16,2022-07-03,2022-08-23,Perdido,0,2022,2022-07,Joana Rios,Bom Viver Planos,Operadora não verticalizada,RN,Implante de joelho,Ortopedia,107664,0,107664,Inadimplência do cliente,E4 Faturamento,14,0,14,22,51,0,0,0
FH-2022-00781,2022-05-27,2022-06-20,2022-06-23,2022-08-26,Ganho,1,2022,2022-06,Rogério Lins,Bem-Estar Saúde,Operadora verticalizada,PE,Cateter para angioplastia,Cardiologia,347901,347901,0,,,25,139,164,24,64,15638,11294,4344
FH-2022-00567,2022-05-28,2022-06-12,2022-06-18,2022-07-21,Ganho,1,2022,2022-06,Fábio Correia,NordMed Saúde,Operadora verticalizada,AL,Marcapasso,Cardiologia,270122,270122,0,,,59,132,191,15,33,25354,16964,8390
FH-2022-00469,2022-06-01,,,,Perdido,0,2022,2022-06,Sérgio Tavares,Bem-Estar Saúde,Operadora verticalizada,PE,Cateter para angioplastia,Cardiologia,123505,0,123505,Cotação respondida fora do prazo,E1 Cotacao,0,0,0,0,0,0,0,0
FH-2022-00511,2022-06-03,2022-06-18,2022-07-02,2022-08-16,Ganho,1,2022,2022-07,Joana Rios,Hospital Manaíra,Hospital privado,PE,Material para artroscopia,Ortopedia,19761,19761,0,,,14,88,102,15,45,366,236,130
FH-2022-00716,2022-06-03,2022-06-17,2022-07-04,2022-07-29,Ganho,1,2022,2022-07,Cíntia Barbosa,Hospital Metropolitano Norte,Hospital público,PB,Grampeador cirúrgico,Cirurgia geral,211842,211842,0,,,32,113,145,14,25,5999,3756,2243
FH-2022-00736,2022-06-03,2022-06-19,2022-06-30,2022-08-09,Ganho,1,2022,2022-06,Luciana Prado,Hospital Tamandaré,Hospital privado,RN,Marcapasso,Cardiologia,69892,69892,0,,,21,107,128,16,40,5098,1276,3822
FH-2022-00571,2022-06-04,,,,Perdido,0,2022,2022-06,Cíntia Barbosa,Hospital Geral de Mossoró,Hospital público,RN,Implante de joelho,Ortopedia,201799,0,201799,Cliente com fornecedor exclusivo,E1 Cotacao,0,0,0,0,0,0,0,0
FH-2022-00587,2022-06-04,2022-06-20,2022-06-24,2022-09-22,Ganho,1,2022,2022-06,Rogério Lins,Hospital Estadual de Pernambuco,Hospital público,PE,Implante de quadril,Ortopedia,100447,100447,0,,,37,135,172,16,90,10432,7269,3163
FH-2022-00477,2022-06-05,2022-06-25,2022-06-28,2022-08-12,Ganho,1,2022,2022-06,Paulo Menezes,Hospital Rio Doce,Hospital privado,AL,Placas e parafusos,Ortopedia,64563,64563,0,,,45,136,181,20,45,5958,2958,3000
FH-2022-00669,2022-06-06,2022-06-11,2022-06-27,2022-09-26,Ganho,1,2022,2022-06,Ricardo Aragão,Bom Viver Planos,Operadora não verticalizada,RN,Introdutor e guia,Cardiologia,137426,137426,0,,,51,167,218,5,91,20771,12676,8095
FH-2022-00445,2022-06-07,2022-06-27,2022-07-13,2022-09-27,Ganho,1,2022,2022-07,Fábio Correia,Vitalis Rede Integrada,Operadora verticalizada,PE,Implante de quadril,Ortopedia,227002,227002,0,,,69,161,230,20,76,25400,9638,15762
FH-2022-00624,2022-06-08,2022-06-19,2022-07-04,2022-08-18,Ganho,1,2022,2022-07,Marcelo Bastos,Vitalis Rede Integrada,Operadora verticalizada,PE,Stent farmacológico,Cardiologia,641523,641523,0,,,32,135,167,11,45,40796,29412,11384
FH-2022-00703,2022-06-08,,,,Perdido,0,2022,2022-06,Sérgio Tavares,Bem-Estar Saúde,Operadora verticalizada,PE,Cateter para angioplastia,Cardiologia,394981,0,394981,Cotação respondida fora do prazo,E1 Cotacao,0,0,0,0,0,0,0,0
FH-2022-00382,2022-06-11,2022-06-23,,,Perdido,0,2022,2022-06,Fábio Correia,Clinipar Integrada,Operadora verticalizada,PE,Marcapasso,Cardiologia,320259,0,320259,Procedimento não autorizado pelo pagador,E2 Autorizacao,0,0,0,12,0,0,0,0
FH-2022-00743,2022-06-11,,,,Perdido,0,2022,2022-06,Márcia Duarte,Vitalis Rede Integrada,Operadora verticalizada,PE,Malha e tela cirúrgica,Cirurgia geral,67177,0,67177,Preço acima do concorrente,E1 Cotacao,0,0,0,0,0,0,0,0
FH-2022-00657,2022-06-12,2022-07-02,,,Perdido,0,2022,2022-06,Sérgio Tavares,NordMed Saúde,Operadora verticalizada,AL,Implante de quadril,Ortopedia,31641,0,31641,Procedimento não autorizado pelo pagador,E2 Autorizacao,0,0,0,20,0,0,0,0
FH-2022-00592,2022-06-13,2022-06-17,2022-07-07,2022-08-13,Ganho,1,2022,2022-07,Ricardo Aragão,Hospital Monte Sinai,Hospital privado,PE,Placas e parafusos,Ortopedia,66333,66333,0,,,65,146,211,4,37,7818,2944,4874
FH-2022-00395,2022-06-15,2022-06-23,2022-06-28,2022-08-22,Ganho,1,2022,2022-06,Ricardo Aragão,NordMed Saúde,Operadora verticalizada,AL,Material para artroscopia,Ortopedia,181749,181749,0,,,54,171,225,8,55,29888,21244,8644
FH-2022-00521,2022-06-15,,,,Perdido,0,2022,2022-06,Rogério Lins,NordMed Saúde,Operadora verticalizada,AL,Marcapasso,Cardiologia,233414,0,233414,Preço acima do concorrente,E1 Cotacao,0,0,0,0,0,0,0,0
FH-2022-00626,2022-06-15,2022-06-22,2022-06-25,2022-09-21,Perdido,0,2022,2022-06,Fábio Correia,Hospital Nossa Senhora do Carmo,Hospital privado,PE,Introdutor e guia,Cardiologia,122783,0,122783,Glosa não recuperada,E4 Faturamento,41,0,41,7,88,0,0,0
FH-2022-00755,2022-06-15,2022-06-27,2022-07-14,2022-09-30,Ganho,1,2022,2022-07,Ricardo Aragão,Hospital Regional de Natal,Hospital público,PB,Grampeador cirúrgico,Cirurgia geral,77805,77805,0,,,58,172,230,12,78,12691,7885,4806
FH-2022-00735,2022-06-16,2022-06-21,2022-07-06,2022-08-11,Ganho,1,2022,2022-07,Sérgio Tavares,Saúde Atlântico,Operadora não verticalizada,AL,Placas e parafusos,Ortopedia,73432,73432,0,,,54,136,190,5,36,9391,6381,3010
FH-2022-00384,2022-06-17,2022-06-27,2022-06-30,2022-07-26,Ganho,1,2022,2022-06,Márcia Duarte,Bem-Estar Saúde,Operadora verticalizada,PE,Introdutor e guia,Cardiologia,146953,146953,0,,,38,134,172,10,26,8383,5027,3356
FH-2022-00537,2022-06-17,2022-07-09,2022-07-28,2022-09-13,Ganho,1,2022,2022-07,Rogério Lins,Vitalis Rede Integrada,Operadora verticalizada,PE,Marcapasso,Cardiologia,106133,106133,0,,,50,120,170,22,47,10918,5233,5685
FH-2022-00489,2022-06-18,2022-06-21,2022-06-27,2022-09-13,Ganho,1,2022,2022-06,Joana Rios,Hospital Casa Amarela,Hospital privado,PE,Kit de consumo cirúrgico,Cirurgia geral,22547,22547,0,,,20,70,90,3,78,730,310,420
FH-2022-00698,2022-06-18,2022-07-02,2022-07-13,2022-10-12,Ganho,1,2022,2022-07,Cíntia Barbosa,Bom Viver Planos,Operadora não verticalizada,RN,Implante de joelho,Ortopedia,387008,387008,0,,,32,99,131,14,91,15222,7140,8082
FH-2022-00705,2022-06-18,,,,Perdido,0,2022,2022-06,Fábio Correia,Bom Viver Planos,Operadora não verticalizada,RN,Implante de joelho,Ortopedia,120943,0,120943,Cotação respondida fora do prazo,E1 Cotacao,0,0,0,0,0,0,0,0
FH-2022-00745,2022-06-18,,,,Perdido,0,2022,2022-06,Rogério Lins,Bem-Estar Saúde,Operadora verticalizada,PE,Kit de consumo cirúrgico,Cirurgia geral,354123,0,354123,Cotação respondida fora do prazo,E1 Cotacao,0,0,0,0,0,0,0,0
FH-2022-00519,2022-06-19,2022-06-29,2022-07-10,2022-07-31,Ganho,1,2022,2022-07,Fábio Correia,Saúde Atlântico,Operadora não verticalizada,AL,Marcapasso,Cardiologia,128189,128189,0,,,45,164,209,10,21,17974,5455,12519
FH-2022-00527,2022-06-19,,,,Perdido,0,2022,2022-06,Tatiana Coelho,Hospital Graças,Hospital privado,PE,Placas e parafusos,Ortopedia,36678,0,36678,Cliente com fornecedor exclusivo,E1 Cotacao,0,0,0,0,0,0,0,0
FH-2022-00699,2022-06-20,2022-07-06,2022-07-25,2022-10-09,Ganho,1,2022,2022-07,Tatiana Coelho,Clinipar Integrada,Operadora verticalizada,PE,Material para artroscopia,Ortopedia,120108,120108,0,,,26,107,133,16,76,3968,1878,2090
FH-2022-00512,2022-06-21,2022-07-11,2022-07-29,2022-08-22,Ganho,1,2022,2022-07,Ricardo Aragão,Vitalis Rede Integrada,Operadora verticalizada,PE,Malha e tela cirúrgica,Cirurgia geral,46509,46509,0,,,74,157,231,20,24,3438,2283,1155
FH-2022-00664,2022-06-21,,,,Perdido,0,2022,2022-06,Ricardo Aragão,Bem-Estar Saúde,Operadora verticalizada,PE,Material para artroscopia,Ortopedia,529246,0,529246,Cliente com fornecedor exclusivo,E1 Cotacao,0,0,0,0,0,0,0,0
FH-2022-00798,2022-06-21,2022-07-04,2022-07-09,2022-08-18,Ganho,1,2022,2022-07,Joana Rios,Hospital Ponta Verde,Hospital privado,PE,Cateter para angioplastia,Cardiologia,94832,94832,0,,,9,84,93,13,40,2722,1764,958
FH-2022-00520,2022-06-22,2022-07-15,2022-07-28,2022-09-09,Ganho,1,2022,2022-07,Ricardo Aragão,NordMed Saúde,Operadora verticalizada,AL,Implante de quadril,Ortopedia,75807,75807,0,,,61,146,207,23,43,5920,3392,2528
FH-2022-00787,2022-06-23,2022-07-09,2022-07-12,2022-09-27,Ganho,1,2022,2022-07,Paulo Menezes,Hospital Municipal de Jaboatão,Hospital público,PE,Implante de joelho,Ortopedia,156991,156991,0,,,30,113,143,16,77,13329,9250,4079
FH-2022-00579,2022-06-24,,,,Perdido,0,2022,2022-06,Cíntia Barbosa,Hospital Vila Nova,Hospital privado,AL,Cateter para angioplastia,Cardiologia,131042,0,131042,Cliente com fornecedor exclusivo,E1 Cotacao,0,0,0,0,0,0,0,0
FH-2022-00406,2022-06-25,2022-07-18,2022-07-27,2022-10-17,Ganho,1,2022,2022-07,Tatiana Coelho,Hospital Costa Verde,Hospital privado,RN,Haste intramedular,Ortopedia,123067,123067,0,,,32,109,141,23,82,6853,2081,4772
FH-2022-00420,2022-06-26,,,,Perdido,0,2022,2022-06,Diego Fontes,Bem-Estar Saúde,Operadora verticalizada,PE,Haste intramedular,Ortopedia,169705,0,169705,Cotação respondida fora do prazo,E1 Cotacao,0,0,0,0,0,0,0,0
FH-2022-00481,2022-06-27,2022-07-15,2022-07-28,2022-09-11,Ganho,1,2022,2022-07,Paulo Menezes,Clinipar Integrada,Operadora verticalizada,PE,Material para artroscopia,Ortopedia,25143,25143,0,,,26,119,145,18,45,1192,766,426
FH-2022-00671,2022-06-27,,,,Perdido,0,2022,2022-06,Diego Fontes,Clinipar Integrada,Operadora verticalizada,PE,Implante de quadril,Ortopedia,279788,0,279788,Preço acima do concorrente,E1 Cotacao,0,0,0,0,0,0,0,0
FH-2022-00766,2022-07-02,,,,Perdido,0,2022,2022-07,Rogério Lins,Vitalis Rede Integrada,Operadora verticalizada,PE,Stent farmacológico,Cardiologia,344335,0,344335,Preço acima do concorrente,E1 Cotacao,0,0,0,0,0,0,0,0
FH-2022-00713,2022-07-04,2022-07-10,2022-07-18,2022-08-19,Ganho,1,2022,2022-07,Cíntia Barbosa,Bom Viver Planos,Operadora não verticalizada,RN,Stent farmacológico,Cardiologia,75966,75966,0,,,16,125,141,6,32,2314,1143,1171
FH-2022-00772,2022-07-07,2022-07-26,2022-07-28,2022-10-23,Ganho,1,2022,2022-07,Ricardo Aragão,NordMed Saúde,Operadora verticalizada,AL,Grampeador cirúrgico,Cirurgia geral,75547,75547,0,,,46,163,209,19,87,7973,3759,4214
FH-2022-00399,2022-07-08,2022-07-31,2022-08-09,2022-09-01,Ganho,1,2022,2022-08,Fábio Correia,Vitalis Rede Integrada,Operadora verticalizada,PE,Implante de quadril,Ortopedia,89638,89638,0,,,41,148,189,23,23,6338,3907,2431
FH-2022-00744,2022-07-11,,,,Perdido,0,2022,2022-07,Tatiana Coelho,Hospital Regional de Petrolina,Hospital público,PE,Placas e parafusos,Ortopedia,53188,0,53188,Cotação respondida fora do prazo,E1 Cotacao,0,0,0,0,0,0,0,0
FH-2022-00393,2022-07-13,,,,Perdido,0,2022,2022-07,Ricardo Aragão,NordMed Saúde,Operadora verticalizada,AL,Grampeador cirúrgico,Cirurgia geral,57702,0,57702,Preço acima do concorrente,E1 Cotacao,0,0,0,0,0,0,0,0
FH-2022-00677,2022-07-13,2022-07-30,2022-08-10,2022-10-28,Ganho,1,2022,2022-08,Márcia Duarte,Hospital Municipal de Caruaru,Hospital público,RN,Introdutor e guia,Cardiologia,166730,166730,0,,,26,134,160,17,79,11198,3896,7302
FH-2022-00405,2022-07-14,2022-08-06,2022-08-13,2022-10-10,Perdido,0,2022,2022-08,Luciana Prado,Bem-Estar Saúde,Operadora verticalizada,PE,Implante de quadril,Ortopedia,75040,0,75040,Inadimplência do cliente,E4 Faturamento,30,0,30,23,58,0,0,0
FH-2022-00413,2022-07-14,2022-07-20,2022-07-26,2022-10-08,Ganho,1,2022,2022-07,Diego Fontes,Centro Cirúrgico Casa Forte,Hospital privado,PE,Haste intramedular,Ortopedia,45378,45378,0,,,36,153,189,6,74,4919,1375,3544
FH-2022-00440,2022-07-14,,,,Perdido,0,2022,2022-07,Diego Fontes,Vitalis Rede Integrada,Operadora verticalizada,PE,Kit de consumo cirúrgico,Cirurgia geral,110957,0,110957,Preço acima do concorrente,E1 Cotacao,0,0,0,0,0,0,0,0
FH-2022-00569,2022-07-14,2022-07-21,2022-08-07,2022-10-14,Ganho,1,2022,2022-08,Tatiana Coelho,Clínica Cardio Espinheiro,Hospital privado,AL,Placas e parafusos,Ortopedia,79547,79547,0,,,26,88,114,7,68,2200,672,1528
FH-2022-00594,2022-07-14,2022-08-07,2022-08-17,2022-10-13,Ganho,1,2022,2022-08,Marcelo Bastos,Hospital Ponta Negra,Hospital privado,PE,Material para artroscopia,Ortopedia,56362,56362,0,,,58,142,200,24,57,2882,1402,1480
FH-2022-00674,2022-07-14,2022-07-20,,,Perdido,0,2022,2022-07,Cíntia Barbosa,Vitalis Rede Integrada,Operadora verticalizada,PE,Placas e parafusos,Ortopedia,148671,0,148671,Procedimento não autorizado pelo pagador,E2 Autorizacao,0,0,0,6,0,0,0,0
FH-2022-00648,2022-07-15,,,,Perdido,0,2022,2022-07,Márcia Duarte,Hospital Real do Recife,Hospital privado,PB,Cateter para angioplastia,Cardiologia,93745,0,93745,Preço acima do concorrente,E1 Cotacao,0,0,0,0,0,0,0,0
FH-2022-00492,2022-07-16,,,,Perdido,0,2022,2022-07,Sérgio Tavares,Clinipar Integrada,Operadora verticalizada,PE,Stent farmacológico,Cardiologia,104261,0,104261,Cliente com fornecedor exclusivo,E1 Cotacao,0,0,0,0,0,0,0,0
FH-2022-00531,2022-07-16,2022-08-03,,,Perdido,0,2022,2022-07,Cíntia Barbosa,NordMed Saúde,Operadora verticalizada,AL,Implante de joelho,Ortopedia,135103,0,135103,Procedimento não autorizado pelo pagador,E2 Autorizacao,0,0,0,18,0,0,0,0
FH-2022-00575,2022-07-16,2022-08-11,2022-08-31,2022-11-21,Ganho,1,2022,2022-08,Ricardo Aragão,Clinipar Integrada,Operadora verticalizada,PE,Stent farmacológico,Cardiologia,100694,100694,0,,,55,153,208,26,82,15141,8401,6740
FH-2022-00495,2022-07-17,2022-07-24,2022-08-01,2022-10-23,Ganho,1,2022,2022-08,Rogério Lins,Hospital Real do Recife,Hospital privado,PB,Material para artroscopia,Ortopedia,44299,44299,0,,,30,122,152,7,83,2924,915,2009
FH-2022-00554,2022-07-17,,,,Perdido,0,2022,2022-07,Fábio Correia,Hospital Sete Coqueiros,Hospital privado,PE,Grampeador cirúrgico,Cirurgia geral,23436,0,23436,Sem contrato para atender,E1 Cotacao,0,0,0,0,0,0,0,0
FH-2022-00679,2022-07-18,2022-07-31,2022-08-21,2022-09-28,Ganho,1,2022,2022-08,Marcelo Bastos,Bom Viver Planos,Operadora não verticalizada,RN,Marcapasso,Cardiologia,968413,968413,0,,,41,123,164,13,38,111682,38158,73524
FH-2022-00763,2022-07-18,2022-08-05,2022-08-12,2022-09-09,Ganho,1,2022,2022-08,Ricardo Aragão,NordMed Saúde,Operadora verticalizada,AL,Haste intramedular,Ortopedia,152822,152822,0,,,55,146,201,18,28,10902,6127,4775
FH-2022-00782,2022-07-18,,,,Perdido,0,2022,2022-07,Fábio Correia,Vitalis Rede Integrada,Operadora verticalizada,PE,Placas e parafusos,Ortopedia,44956,0,44956,Preço acima do concorrente,E1 Cotacao,0,0,0,0,0,0,0,0
FH-2022-00614,2022-07-19,2022-07-30,2022-08-07,,Perdido,0,2022,2022-08,Fábio Correia,Vitalis Rede Integrada,Operadora verticalizada,PE,Implante de joelho,Ortopedia,44310,0,44310,Troca de fornecedor em sala,E3 Cirurgia,59,0,59,11,0,0,0,0
FH-2022-00593,2022-07-20,,,,Perdido,0,2022,2022-07,Marcelo Bastos,Clinipar Integrada,Operadora verticalizada,PE,Cateter para angioplastia,Cardiologia,351567,0,351567,Cliente com fornecedor exclusivo,E1 Cotacao,0,0,0,0,0,0,0,0
FH-2022-00650,2022-07-20,,,,Perdido,0,2022,2022-07,Tatiana Coelho,Bom Viver Planos,Operadora não verticalizada,RN,Malha e tela cirúrgica,Cirurgia geral,17313,0,17313,Preço acima do concorrente,E1 Cotacao,0,0,0,0,0,0,0,0
FH-2022-00718,2022-07-20,2022-07-23,2022-08-06,2022-09-29,Ganho,1,2022,2022-08,Joana Rios,Hospital Rio Doce,Hospital privado,AL,Malha e tela cirúrgica,Cirurgia geral,21317,21317,0,,,20,64,84,3,54,662,320,342
FH-2022-00574,2022-07-21,2022-08-08,,,Perdido,0,2022,2022-07,Ricardo Aragão,NordMed Saúde,Operadora verticalizada,AL,Introdutor e guia,Cardiologia,177151,0,177151,Troca de fonte pagadora no meio do processo,E2 Autorizacao,0,0,0,18,0,0,0,0
FH-2022-00750,2022-07-23,2022-08-05,2022-08-08,2022-11-05,Ganho,1,2022,2022-08,Sérgio Tavares,Bem-Estar Saúde,Operadora verticalizada,PE,Implante de quadril,Ortopedia,275207,275207,0,,,37,149,186,13,89,28668,8736,19932
FH-2022-00810,2022-07-23,2022-08-04,,,Perdido,0,2022,2022-07,Luciana Prado,Vitalis Rede Integrada,Operadora verticalizada,PE,Implante de quadril,Ortopedia,136572,0,136572,Cirurgia cancelada,E2 Autorizacao,0,0,0,12,0,0,0,0
FH-2022-00388,2022-07-24,,,,Perdido,0,2022,2022-07,Ricardo Aragão,Hospital Regional de Petrolina,Hospital público,PE,Haste intramedular,Ortopedia,244103,0,244103,Cliente com fornecedor exclusivo,E1 Cotacao,0,0,0,0,0,0,0,0
FH-2022-00647,2022-07-24,,,,Perdido,0,2022,2022-07,Luciana Prado,Hospital Vale do Capibaribe,Hospital privado,PE,Haste intramedular,Ortopedia,66746,0,66746,Produto indisponível em estoque,E1 Cotacao,0,0,0,0,0,0,0,0
FH-2022-00722,2022-07-24,,,,Perdido,0,2022,2022-07,Tatiana Coelho,Bom Viver Planos,Operadora não verticalizada,RN,Malha e tela cirúrgica,Cirurgia geral,12440,0,12440,Cliente com fornecedor exclusivo,E1 Cotacao,0,0,0,0,0,0,0,0
FH-2022-00769,2022-07-24,2022-08-17,2022-08-21,2022-10-05,Ganho,1,2022,2022-08,Paulo Menezes,Prever Saúde,Operadora não verticalizada,PE,Implante de quadril,Ortopedia,152724,152724,0,,,30,102,132,24,45,9248,2363,6885
FH-2022-00779,2022-07-24,2022-08-08,2022-08-27,2022-10-09,Ganho,1,2022,2022-08,Marcelo Bastos,NordMed Saúde,Operadora verticalizada,AL,Introdutor e guia,Cardiologia,478945,478945,0,,,28,137,165,15,43,33405,12466,20939
FH-2022-00730,2022-07-26,,,,Perdido,0,2022,2022-07,Diego Fontes,Prever Saúde,Operadora não verticalizada,PE,Implante de quadril,Ortopedia,69791,0,69791,Produto indisponível em estoque,E1 Cotacao,0,0,0,0,0,0,0,0
FH-2022-00765,2022-07-27,2022-08-02,2022-08-10,2022-09-10,Ganho,1,2022,2022-08,Paulo Menezes,Bom Viver Planos,Operadora não verticalizada,RN,Kit de consumo cirúrgico,Cirurgia geral,101620,101620,0,,,25,134,159,6,31,8392,5605,2787
FH-2022-00611,2022-08-01,,,,Perdido,0,2022,2022-08,Cíntia Barbosa,Hospital Municipal de Jaboatão,Hospital público,PE,Kit de consumo cirúrgico,Cirurgia geral,94952,0,94952,Cliente com fornecedor exclusivo,E1 Cotacao,0,0,0,0,0,0,0,0
FH-2022-00682,2022-08-01,,,,Perdido,0,2022,2022-08,Fábio Correia,Vitalis Rede Integrada,Operadora verticalizada,PE,Marcapasso,Cardiologia,478160,0,478160,Cotação respondida fora do prazo,E1 Cotacao,0,0,0,0,0,0,0,0
FH-2022-00691,2022-08-01,2022-08-25,2022-09-03,2022-11-25,Ganho,1,2022,2022-09,Luciana Prado,Bom Viver Planos,Operadora não verticalizada,RN,Introdutor e guia,Cardiologia,270355,270355,0,,,27,123,150,24,83,19365,11980,7385
FH-2022-00734,2022-08-01,2022-08-26,2022-08-29,2022-10-25,Ganho,1,2022,2022-08,Rogério Lins,Bom Viver Planos,Operadora não verticalizada,RN,Placas e parafusos,Ortopedia,48865,48865,0,,,34,132,166,25,57,2432,1507,925
FH-2022-00737,2022-08-02,2022-08-12,2022-08-16,2022-10-18,Ganho,1,2022,2022-08,Fábio Correia,Clinipar Integrada,Operadora verticalizada,PE,Material para artroscopia,Ortopedia,89860,89860,0,,,46,143,189,10,63,8105,4997,3108
FH-2022-00753,2022-08-02,,,,Perdido,0,2022,2022-08,Sérgio Tavares,NordMed Saúde,Operadora verticalizada,AL,Implante de quadril,Ortopedia,318366,0,318366,Cliente com fornecedor exclusivo,E1 Cotacao,0,0,0,0,0,0,0,0
FH-2022-00774,2022-08-02,2022-08-23,2022-08-31,2022-10-09,Ganho,1,2022,2022-08,Diego Fontes,NordMed Saúde,Operadora verticalizada,AL,Stent farmacológico,Cardiologia,36592,36592,0,,,49,152,201,21,39,4594,1162,3432
FH-2022-00606,2022-08-04,2022-08-18,2022-08-31,2022-11-30,Ganho,1,2022,2022-08,Tatiana Coelho,Hospital Prazeres,Hospital privado,PE,Marcapasso,Cardiologia,76195,76195,0,,,20,102,122,14,91,2033,1411,622
FH-2022-00724,2022-08-04,,,,Perdido,0,2022,2022-08,Tatiana Coelho,Bem-Estar Saúde,Operadora verticalizada,PE,Introdutor e guia,Cardiologia,152560,0,152560,Preço acima do concorrente,E1 Cotacao,0,0,0,0,0,0,0,0
FH-2022-00778,2022-08-05,2022-08-24,,,Perdido,0,2022,2022-08,Paulo Menezes,Hospital Ponta Verde,Hospital privado,PE,Marcapasso,Cardiologia,67384,0,67384,Procedimento não autorizado pelo pagador,E2 Autorizacao,0,0,0,19,0,0,0,0
FH-2022-00790,2022-08-05,2022-08-24,2022-09-05,2022-11-30,Ganho,1,2022,2022-09,Rogério Lins,Prever Saúde,Operadora não verticalizada,PE,Introdutor e guia,Cardiologia,191660,191660,0,,,24,110,134,19,86,17756,9536,8220
FH-2022-00621,2022-08-06,2022-08-23,2022-09-11,2022-11-02,Ganho,1,2022,2022-09,Tatiana Coelho,NordMed Saúde,Operadora verticalizada,AL,Implante de joelho,Ortopedia,131396,131396,0,,,24,101,125,17,52,4220,2981,1239
FH-2022-00400,2022-08-07,2022-08-30,2022-09-13,2022-11-17,Ganho,1,2022,2022-09,Sérgio Tavares,NordMed Saúde,Operadora verticalizada,AL,Implante de joelho,Ortopedia,231022,231022,0,,,45,122,167,23,65,16949,8405,8544
FH-2022-00598,2022-08-07,,,,Perdido,0,2022,2022-08,Cíntia Barbosa,Hospital Aurora,Hospital privado,AL,Implante de joelho,Ortopedia,16068,0,16068,Preço acima do concorrente,E1 Cotacao,0,0,0,0,0,0,0,0
FH-2022-00742,2022-08-07,2022-08-27,,,Perdido,0,2022,2022-08,Rogério Lins,Clinipar Integrada,Operadora verticalizada,PE,Material para artroscopia,Ortopedia,127763,0,127763,Troca de fonte pagadora no meio do processo,E2 Autorizacao,0,0,0,20,0,0,0,0
FH-2022-00546,2022-08-09,2022-09-02,,,Perdido,0,2022,2022-08,Marcelo Bastos,Bem-Estar Saúde,Operadora verticalizada,PE,Implante de quadril,Ortopedia,99991,0,99991,Cirurgia cancelada,E2 Autorizacao,0,0,0,24,0,0,0,0
FH-2022-00576,2022-08-10,2022-08-21,2022-08-28,2022-09-30,Ganho,1,2022,2022-08,Ricardo Aragão,Clinipar Integrada,Operadora verticalizada,PE,Introdutor e guia,Cardiologia,271983,271983,0,,,74,154,228,11,33,19858,8094,11764
FH-2022-00454,2022-08-12,2022-08-24,,,Perdido,0,2022,2022-08,Rogério Lins,Bem-Estar Saúde,Operadora verticalizada,PE,Implante de joelho,Ortopedia,130657,0,130657,Procedimento não autorizado pelo pagador,E2 Autorizacao,0,0,0,12,0,0,0,0
FH-2022-00707,2022-08-12,2022-08-30,2022-09-07,2022-11-01,Ganho,1,2022,2022-09,Luciana Prado,Clínica Cardio Espinheiro,Hospital privado,AL,Cateter para angioplastia,Cardiologia,75414,75414,0,,,30,103,133,18,55,5613,3946,1667
FH-2022-00389,2022-08-14,2022-09-05,2022-09-24,2022-12-24,Ganho,1,2022,2022-09,Paulo Menezes,Hospital Nossa Senhora do Carmo,Hospital privado,PE,Marcapasso,Cardiologia,74228,74228,0,,,36,101,137,22,91,6549,3187,3362
FH-2022-00497,2022-08-14,2022-09-03,2022-09-11,2022-11-13,Ganho,1,2022,2022-09,Ricardo Aragão,Prever Saúde,Operadora não verticalizada,PE,Marcapasso,Cardiologia,230443,230443,0,,,63,146,209,20,63,37495,26772,10723
FH-2022-00550,2022-08-14,2022-08-27,2022-08-31,2022-11-11,Ganho,1,2022,2022-08,Sérgio Tavares,Bem-Estar Saúde,Operadora verticalizada,PE,Malha e tela cirúrgica,Cirurgia geral,234221,234221,0,,,47,129,176,13,72,18912,12469,6443
FH-2022-00655,2022-08-14,2022-09-07,2022-09-22,2022-12-15,Ganho,1,2022,2022-09,Ricardo Aragão,Vitalis Rede Integrada,Operadora verticalizada,PE,Implante de quadril,Ortopedia,186167,186167,0,,,60,151,211,24,84,31625,10139,21486
FH-2022-00688,2022-08-15,2022-08-20,2022-08-22,2022-11-03,Perdido,0,2022,2022-08,Tatiana Coelho,Hospital Graças,Hospital privado,PE,Cateter para angioplastia,Cardiologia,34623,0,34623,Glosa não recuperada,E4 Faturamento,18,0,18,5,73,0,0,0
FH-2022-00595,2022-08-16,2022-09-01,2022-09-09,2022-12-13,Ganho,1,2022,2022-09,Rogério Lins,Hospital Ilha do Leite,Hospital privado,PE,Placas e parafusos,Ortopedia,64284,64284,0,,,34,140,174,16,95,5475,1413,4062
FH-2022-00411,2022-08-17,2022-09-01,2022-09-17,,Perdido,0,2022,2022-09,Diego Fontes,Saúde Atlântico,Operadora não verticalizada,AL,Stent farmacológico,Cardiologia,68122,0,68122,Material devolvido sem uso,E3 Cirurgia,56,0,56,15,0,0,0,0
FH-2022-00803,2022-08-17,2022-08-23,2022-09-13,2022-10-19,Ganho,1,2022,2022-09,Tatiana Coelho,Hospital Nossa Senhora do Carmo,Hospital privado,PE,Malha e tela cirúrgica,Cirurgia geral,42750,42750,0,,,22,105,127,6,36,2119,1494,625
FH-2022-00746,2022-08-18,2022-08-22,2022-09-03,2022-11-16,Ganho,1,2022,2022-09,Márcia Duarte,Hospital Nossa Senhora do Carmo,Hospital privado,PE,Placas e parafusos,Ortopedia,134156,134156,0,,,29,129,158,4,74,9665,6361,3304
FH-2022-00791,2022-08-18,2022-09-10,2022-09-16,2022-11-16,Ganho,1,2022,2022-09,Luciana Prado,Vitalis Rede Integrada,Operadora verticalizada,PE,Marcapasso,Cardiologia,244888,244888,0,,,41,113,154,23,61,17442,5335,12107
FH-2022-00409,2022-08-21,,,,Perdido,0,2022,2022-08,Marcelo Bastos,NordMed Saúde,Operadora verticalizada,AL,Material para artroscopia,Ortopedia,41846,0,41846,Produto indisponível em estoque,E1 Cotacao,0,0,0,0,0,0,0,0
FH-2022-00559,2022-08-22,,,,Perdido,0,2022,2022-08,Marcelo Bastos,Prever Saúde,Operadora não verticalizada,PE,Haste intramedular,Ortopedia,58604,0,58604,Preço acima do concorrente,E1 Cotacao,0,0,0,0,0,0,0,0
FH-2022-00761,2022-08-22,2022-08-25,2022-09-11,2022-12-02,Ganho,1,2022,2022-09,Márcia Duarte,Bem-Estar Saúde,Operadora verticalizada,PE,Implante de joelho,Ortopedia,40384,40384,0,,,43,126,169,3,82,2189,1213,976
FH-2022-00432,2022-08-23,2022-08-31,2022-09-12,2022-10-11,Ganho,1,2022,2022-09,Paulo Menezes,Hospital Farol de Maceió,Hospital privado,AL,Placas e parafusos,Ortopedia,72084,72084,0,,,30,130,160,8,29,4554,2007,2547
FH-2022-00438,2022-08-24,2022-09-17,2022-09-29,2022-10-24,Ganho,1,2022,2022-09,Tatiana Coelho,Saúde Atlântico,Operadora não verticalizada,AL,Marcapasso,Cardiologia,140422,140422,0,,,27,90,117,24,25,5058,1441,3617
FH-2022-00480,2022-08-24,,,,Perdido,0,2022,2022-08,Marcelo Bastos,Hospital São Rafael de Olinda,Hospital privado,PE,Haste intramedular,Ortopedia,28559,0,28559,Cliente com fornecedor exclusivo,E1 Cotacao,0,0,0,0,0,0,0,0
FH-2022-00726,2022-08-24,2022-09-06,2022-09-15,2022-11-23,Perdido,0,2022,2022-09,Sérgio Tavares,Hospital Real do Recife,Hospital privado,PB,Material para artroscopia,Ortopedia,107764,0,107764,Divergência na folha de sala,E4 Faturamento,50,0,50,13,69,0,0,0
FH-2022-00748,2022-08-24,2022-09-01,2022-09-03,2022-10-11,Ganho,1,2022,2022-09,Rogério Lins,Bom Viver Planos,Operadora não verticalizada,RN,Implante de quadril,Ortopedia,75084,75084,0,,,35,113,148,8,38,5416,2714,2702
FH-2022-00645,2022-08-25,2022-09-15,2022-09-26,2022-12-04,Perdido,0,2022,2022-09,Joana Rios,Hospital Madalena,Hospital privado,AL,Implante de joelho,Ortopedia,63078,0,63078,Glosa não recuperada,E4 Faturamento,20,0,20,21,69,0,0,0
FH-2022-00557,2022-08-26,2022-09-17,2022-10-04,2022-12-23,Ganho,1,2022,2022-10,Marcelo Bastos,Vitalis Rede Integrada,Operadora verticalizada,PE,Implante de quadril,Ortopedia,133288,133288,0,,,31,126,157,22,80,9410,3078,6332
FH-2022-00740,2022-08-26,2022-09-07,2022-09-27,2023-01-01,Ganho,1,2022,2022-09,Cíntia Barbosa,Bom Viver Planos,Operadora não verticalizada,RN,Implante de joelho,Ortopedia,125597,125597,0,,,26,94,120,12,96,6909,4751,2158
FH-2022-00702,2022-09-01,2022-09-08,,,Perdido,0,2022,2022-09,Marcelo Bastos,Clinipar Integrada,Operadora verticalizada,PE,Kit de consumo cirúrgico,Cirurgia geral,32241,0,32241,Procedimento não autorizado pelo pagador,E2 Autorizacao,0,0,0,7,0,0,0,0
FH-2022-00540,2022-09-03,,,,Perdido,0,2022,2022-09,Ricardo Aragão,Centro Cirúrgico Casa Forte,Hospital privado,PE,Material para artroscopia,Ortopedia,253217,0,253217,Cotação respondida fora do prazo,E1 Cotacao,0,0,0,0,0,0,0,0
FH-2022-00620,2022-09-03,2022-09-22,2022-10-10,2022-11-17,Ganho,1,2022,2022-10,Ricardo Aragão,Instituto do Coração de Petrolina,Hospital privado,AL,Implante de quadril,Ortopedia,50655,50655,0,,,52,170,222,19,38,4621,3359,1262
FH-2022-00701,2022-09-04,2022-09-26,,,Perdido,0,2022,2022-09,Rogério Lins,Clinipar Integrada,Operadora verticalizada,PE,Placas e parafusos,Ortopedia,68220,0,68220,Autorização expirou,E2 Autorizacao,0,0,0,22,0,0,0,0
FH-2022-00547,2022-09-05,2022-09-14,2022-09-22,2022-12-21,Ganho,1,2022,2022-09,Marcelo Bastos,NordMed Saúde,Operadora verticalizada,AL,Cateter para angioplastia,Cardiologia,81532,81532,0,,,29,143,172,9,90,8184,2450,5734
FH-2022-00580,2022-09-05,2022-09-27,2022-10-10,2022-12-18,Ganho,1,2022,2022-10,Cíntia Barbosa,Vitalis Rede Integrada,Operadora verticalizada,PE,Implante de joelho,Ortopedia,114920,114920,0,,,30,121,151,22,69,3646,1406,2240
FH-2022-00801,2022-09-06,2022-09-29,2022-10-11,2022-11-29,Ganho,1,2022,2022-10,Joana Rios,Hospital Nossa Senhora do Carmo,Hospital privado,PE,Cateter para angioplastia,Cardiologia,62420,62420,0,,,21,70,91,23,49,1802,682,1120
FH-2022-00446,2022-09-07,2022-09-21,2022-09-24,2022-11-22,Ganho,1,2022,2022-09,Ricardo Aragão,NordMed Saúde,Operadora verticalizada,AL,Malha e tela cirúrgica,Cirurgia geral,57986,57986,0,,,57,164,221,14,59,5107,3149,1958
FH-2022-00690,2022-09-07,2022-09-19,,,Perdido,0,2022,2022-09,Luciana Prado,Bom Viver Planos,Operadora não verticalizada,RN,Material para artroscopia,Ortopedia,132971,0,132971,Procedimento não autorizado pelo pagador,E2 Autorizacao,0,0,0,12,0,0,0,0
FH-2022-00661,2022-09-08,2022-10-01,2022-10-15,2022-12-12,Ganho,1,2022,2022-10,Diego Fontes,Bom Viver Planos,Operadora não verticalizada,RN,Marcapasso,Cardiologia,151279,151279,0,,,36,128,164,23,58,12968,3319,9649
FH-2022-00767,2022-09-09,2022-09-28,2022-10-19,2023-01-10,Perdido,0,2022,2022-10,Sérgio Tavares,Clínica Ortopédica Boa Viagem,Hospital privado,PE,Placas e parafusos,Ortopedia,57488,0,57488,Inadimplência do cliente,E4 Faturamento,32,0,32,19,83,0,0,0
FH-2022-00456,2022-09-12,2022-09-30,,,Perdido,0,2022,2022-09,Marcelo Bastos,Vitalis Rede Integrada,Operadora verticalizada,PE,Haste intramedular,Ortopedia,702557,0,702557,Cirurgia cancelada,E2 Autorizacao,0,0,0,18,0,0,0,0
FH-2022-00566,2022-09-12,2022-09-29,2022-10-15,2022-12-05,Perdido,0,2022,2022-10,Ricardo Aragão,Clinipar Integrada,Operadora verticalizada,PE,Stent farmacológico,Cardiologia,58624,0,58624,Glosa não recuperada,E4 Faturamento,74,0,74,17,51,0,0,0
FH-2022-00582,2022-09-13,2022-09-19,2022-10-02,2022-10-29,Ganho,1,2022,2022-10,Sérgio Tavares,NordMed Saúde,Operadora verticalizada,AL,Placas e parafusos,Ortopedia,46433,46433,0,,,39,143,182,6,27,3255,1462,1793
FH-2022-00687,2022-09-13,2022-10-05,2022-10-07,2022-12-17,Ganho,1,2022,2022-10,Diego Fontes,Hospital Regional do Agreste,Hospital público,RN,Kit de consumo cirúrgico,Cirurgia geral,40152,40152,0,,,43,126,169,22,71,3610,2349,1261
FH-2022-00499,2022-09-16,,,,Perdido,0,2022,2022-09,Fábio Correia,NordMed Saúde,Operadora verticalizada,AL,Marcapasso,Cardiologia,285300,0,285300,Preço acima do concorrente,E1 Cotacao,0,0,0,0,0,0,0,0
FH-2022-00807,2022-09-16,2022-09-21,2022-10-07,2022-10-30,Ganho,1,2022,2022-10,Sérgio Tavares,Hospital Torre,Hospital privado,PE,Placas e parafusos,Ortopedia,355938,355938,0,,,60,150,210,5,23,22109,12894,9215
FH-2022-00789,2022-09-17,2022-09-25,2022-10-05,,Perdido,0,2022,2022-10,Rogério Lins,Bem-Estar Saúde,Operadora verticalizada,PE,Haste intramedular,Ortopedia,185896,0,185896,Material devolvido sem uso,E3 Cirurgia,32,0,32,8,0,0,0,0
FH-2022-00418,2022-09-18,2022-09-27,2022-10-12,2022-12-24,Perdido,0,2022,2022-10,Diego Fontes,Hospital Geral de Mossoró,Hospital público,RN,Introdutor e guia,Cardiologia,133611,0,133611,Divergência na folha de sala,E4 Faturamento,41,0,41,9,73,0,0,0
FH-2022-00662,2022-09-18,,,,Perdido,0,2022,2022-09,Paulo Menezes,Vitalis Rede Integrada,Operadora verticalizada,PE,Implante de quadril,Ortopedia,66570,0,66570,Preço acima do concorrente,E1 Cotacao,0,0,0,0,0,0,0,0
FH-2022-00741,2022-09-18,,,,Perdido,0,2022,2022-09,Rogério Lins,Hospital Regional de Petrolina,Hospital público,PE,Marcapasso,Cardiologia,203077,0,203077,Cotação respondida fora do prazo,E1 Cotacao,0,0,0,0,0,0,0,0
FH-2022-00805,2022-09-18,2022-09-30,2022-10-07,2022-12-14,Ganho,1,2022,2022-10,Luciana Prado,Hospital Aurora,Hospital privado,AL,Stent farmacológico,Cardiologia,117051,117051,0,,,41,105,146,12,68,9307,3651,5656
FH-2022-00488,2022-09-19,2022-09-29,2022-10-04,2022-11-01,Ganho,1,2022,2022-10,Marcelo Bastos,NordMed Saúde,Operadora verticalizada,AL,Implante de joelho,Ortopedia,306603,306603,0,,,58,148,206,10,28,32016,23308,8708
FH-2022-00381,2022-09-21,,,,Perdido,0,2022,2022-09,Diego Fontes,Bom Viver Planos,Operadora não verticalizada,RN,Placas e parafusos,Ortopedia,347498,0,347498,Preço acima do concorrente,E1 Cotacao,0,0,0,0,0,0,0,0
FH-2022-00509,2022-09-22,,,,Perdido,0,2022,2022-09,Paulo Menezes,Bem-Estar Saúde,Operadora verticalizada,PE,Placas e parafusos,Ortopedia,115976,0,115976,Produto indisponível em estoque,E1 Cotacao,0,0,0,0,0,0,0,0
FH-2022-00558,2022-09-22,2022-09-25,2022-10-04,2022-11-07,Perdido,0,2022,2022-10,Diego Fontes,Hospital Farol de Maceió,Hospital privado,AL,Implante de quadril,Ortopedia,251845,0,251845,Nota fiscal não autorizada pelo hospital,E4 Faturamento,36,0,36,3,34,0,0,0
FH-2022-00563,2022-09-22,,,,Perdido,0,2022,2022-09,Ricardo Aragão,Bom Viver Planos,Operadora não verticalizada,RN,Stent farmacológico,Cardiologia,79423,0,79423,Preço acima do concorrente,E1 Cotacao,0,0,0,0,0,0,0,0
FH-2022-00502,2022-09-25,,,,Perdido,0,2022,2022-09,Sérgio Tavares,Hospital São Rafael de Olinda,Hospital privado,PE,Marcapasso,Cardiologia,93145,0,93145,Cotação respondida fora do prazo,E1 Cotacao,0,0,0,0,0,0,0,0
FH-2022-00408,2022-09-26,,,,Perdido,0,2022,2022-09,Sérgio Tavares,Vitalis Rede Integrada,Operadora verticalizada,PE,Implante de quadril,Ortopedia,102950,0,102950,Cliente com fornecedor exclusivo,E1 Cotacao,0,0,0,0,0,0,0,0
FH-2022-00649,2022-09-26,2022-09-29,2022-10-20,2023-01-13,Ganho,1,2022,2022-10,Marcelo Bastos,Hospital Setúbal,Hospital privado,RN,Grampeador cirúrgico,Cirurgia geral,92752,92752,0,,,38,140,178,3,85,9263,5502,3761
FH-2022-00414,2022-09-27,2022-10-09,2022-10-27,2022-12-07,Ganho,1,2022,2022-10,Rogério Lins,Hospital Farol de Maceió,Hospital privado,AL,Malha e tela cirúrgica,Cirurgia geral,55517,55517,0,,,38,127,165,12,41,4734,1268,3466
FH-2022-00733,2022-09-27,2022-10-14,2022-10-25,2022-12-10,Ganho,1,2022,2022-10,Cíntia Barbosa,Hospital Municipal de Jaboatão,Hospital público,PE,Material para artroscopia,Ortopedia,82694,82694,0,,,21,127,148,17,46,3836,2241,1595
FH-2022-00663,2022-10-02,2022-10-18,2022-10-27,2022-11-25,Ganho,1,2022,2022-10,Ricardo Aragão,Bom Viver Planos,Operadora não verticalizada,RN,Grampeador cirúrgico,Cirurgia geral,45220,45220,0,,,58,155,213,16,29,7597,2834,4763
FH-2022-00757,2022-10-02,2022-10-17,2022-10-29,2022-11-25,Ganho,1,2022,2022-10,Luciana Prado,Vitalis Rede Integrada,Operadora verticalizada,PE,Implante de quadril,Ortopedia,54279,54279,0,,,27,108,135,15,27,2632,1930,702
FH-2022-00676,2022-10-03,,,,Perdido,0,2022,2022-10,Ricardo Aragão,Vitalis Rede Integrada,Operadora verticalizada,PE,Malha e tela cirúrgica,Cirurgia geral,83869,0,83869,Cliente com fornecedor exclusivo,E1 Cotacao,0,0,0,0,0,0,0,0
FH-2022-00407,2022-10-04,2022-10-28,2022-11-12,,Perdido,0,2022,2022-11,Paulo Menezes,Hospital Aurora,Hospital privado,AL,Implante de quadril,Ortopedia,59120,0,59120,Material devolvido sem uso,E3 Cirurgia,31,0,31,24,0,0,0,0
FH-2022-00543,2022-10-05,2022-10-09,2022-10-14,2022-12-05,Ganho,1,2022,2022-10,Rogério Lins,Hospital Prazeres,Hospital privado,PE,Placas e parafusos,Ortopedia,102607,102607,0,,,34,142,176,4,52,9564,6316,3248
FH-2022-00668,2022-10-05,,,,Perdido,0,2022,2022-10,Diego Fontes,Hospital Municipal de Jaboatão,Hospital público,PE,Marcapasso,Cardiologia,645292,0,645292,Cotação respondida fora do prazo,E1 Cotacao,0,0,0,0,0,0,0,0
FH-2022-00523,2022-10-06,2022-10-31,2022-11-08,2023-01-12,Ganho,1,2022,2022-11,Ricardo Aragão,NordMed Saúde,Operadora verticalizada,AL,Marcapasso,Cardiologia,572532,572532,0,,,62,154,216,25,65,70574,36701,33873
FH-2022-00793,2022-10-06,,,,Perdido,0,2022,2022-10,Tatiana Coelho,Vitalis Rede Integrada,Operadora verticalizada,PE,Malha e tela cirúrgica,Cirurgia geral,83021,0,83021,Cotação respondida fora do prazo,E1 Cotacao,0,0,0,0,0,0,0,0
FH-2022-00425,2022-10-07,2022-10-23,2022-10-27,2022-11-22,Ganho,1,2022,2022-10,Márcia Duarte,Saúde Atlântico,Operadora não verticalizada,AL,Implante de joelho,Ortopedia,256694,256694,0,,,46,106,152,16,26,17582,8472,9110
FH-2022-00738,2022-10-07,,,,Perdido,0,2022,2022-10,Paulo Menezes,Hospital Geral de Mossoró,Hospital público,RN,Grampeador cirúrgico,Cirurgia geral,72214,0,72214,Produto indisponível em estoque,E1 Cotacao,0,0,0,0,0,0,0,0
FH-2022-00422,2022-10-10,,,,Perdido,0,2022,2022-10,Cíntia Barbosa,Bem-Estar Saúde,Operadora verticalizada,PE,Cateter para angioplastia,Cardiologia,202674,0,202674,Cliente com fornecedor exclusivo,E1 Cotacao,0,0,0,0,0,0,0,0
FH-2022-00496,2022-10-10,2022-10-21,2022-11-04,2023-02-01,Ganho,1,2022,2022-11,Luciana Prado,Clinipar Integrada,Operadora verticalizada,PE,Haste intramedular,Ortopedia,394534,394534,0,,,32,120,152,11,89,16386,11475,4911
FH-2022-00686,2022-10-12,2022-10-29,2022-11-07,,Perdido,0,2022,2022-11,Marcelo Bastos,Bem-Estar Saúde,Operadora verticalizada,PE,Cateter para angioplastia,Cardiologia,159722,0,159722,Troca de fornecedor em sala,E3 Cirurgia,38,0,38,17,0,0,0,0
FH-2022-00490,2022-10-16,2022-10-25,2022-11-15,2023-01-23,Ganho,1,2022,2022-11,Rogério Lins,Prever Saúde,Operadora não verticalizada,PE,Cateter para angioplastia,Cardiologia,42564,42564,0,,,43,112,155,9,69,2939,2077,862
FH-2022-00792,2022-10-17,2022-10-26,2022-11-08,,Perdido,0,2022,2022-11,Marcelo Bastos,Hospital Monte Sinai,Hospital privado,PE,Implante de quadril,Ortopedia,77025,0,77025,Troca de fornecedor em sala,E3 Cirurgia,49,0,49,9,0,0,0,0
FH-2022-00458,2022-10-19,2022-11-05,,,Perdido,0,2022,2022-10,Ricardo Aragão,NordMed Saúde,Operadora verticalizada,AL,Implante de joelho,Ortopedia,283633,0,283633,Cirurgia cancelada,E2 Autorizacao,0,0,0,17,0,0,0,0
FH-2022-00717,2022-10-19,,,,Perdido,0,2022,2022-10,Diego Fontes,Hospital Prazeres,Hospital privado,PE,Cateter para angioplastia,Cardiologia,132932,0,132932,Cotação respondida fora do prazo,E1 Cotacao,0,0,0,0,0,0,0,0
FH-2022-00604,2022-10-20,2022-10-26,2022-11-07,2023-01-27,Ganho,1,2022,2022-11,Márcia Duarte,Hospital Graças,Hospital privado,PE,Cateter para angioplastia,Cardiologia,130063,130063,0,,,41,123,164,6,81,5939,3514,2425
FH-2022-00426,2022-10-24,,,,Perdido,0,2022,2022-10,Ricardo Aragão,Bem-Estar Saúde,Operadora verticalizada,PE,Haste intramedular,Ortopedia,165727,0,165727,Preço acima do concorrente,E1 Cotacao,0,0,0,0,0,0,0,0
FH-2022-00552,2022-10-24,,,,Perdido,0,2022,2022-10,Diego Fontes,Bem-Estar Saúde,Operadora verticalizada,PE,Cateter para angioplastia,Cardiologia,171689,0,171689,Preço acima do concorrente,E1 Cotacao,0,0,0,0,0,0,0,0
FH-2022-00577,2022-10-24,,,,Perdido,0,2022,2022-10,Rogério Lins,Clinipar Integrada,Operadora verticalizada,PE,Introdutor e guia,Cardiologia,134255,0,134255,Preço acima do concorrente,E1 Cotacao,0,0,0,0,0,0,0,0
FH-2022-00706,2022-10-24,2022-10-29,2022-11-10,2023-01-16,Ganho,1,2022,2022-11,Paulo Menezes,Vitalis Rede Integrada,Operadora verticalizada,PE,Marcapasso,Cardiologia,180778,180778,0,,,33,113,146,5,67,12494,7859,4635
FH-2022-00548,2022-10-27,2022-11-01,2022-11-20,,Perdido,0,2022,2022-11,Ricardo Aragão,Prever Saúde,Operadora não verticalizada,PE,Marcapasso,Cardiologia,179437,0,179437,Extravio intra-hospitalar,E3 Cirurgia,71,0,71,5,0,0,0,0
FH-2022-00660,2022-10-27,2022-11-18,2022-12-06,2023-02-28,Ganho,1,2022,2022-12,Márcia Duarte,NordMed Saúde,Operadora verticalizada,AL,Placas e parafusos,Ortopedia,188909,188909,0,,,43,140,183,22,84,10899,2982,7917
FH-2022-00629,2022-11-05,2022-11-12,2022-11-20,2023-02-14,Ganho,1,2022,2022-11,Marcelo Bastos,Hospital Real do Recife,Hospital privado,PB,Placas e parafusos,Ortopedia,44318,44318,0,,,51,147,198,7,86,2988,1035,1953
FH-2022-00433,2022-11-09,,,,Perdido,0,2022,2022-11,Marcelo Bastos,Hospital Regional de Petrolina,Hospital público,PE,Haste intramedular,Ortopedia,431185,0,431185,Preço acima do concorrente,E1 Cotacao,0,0,0,0,0,0,0,0
FH-2022-00460,2022-11-09,2022-11-15,2022-11-23,2023-01-17,Ganho,1,2022,2022-11,Marcelo Bastos,Vitalis Rede Integrada,Operadora verticalizada,PE,Marcapasso,Cardiologia,181770,181770,0,,,50,131,181,6,55,11188,3486,7702
FH-2022-00771,2022-11-10,,,,Perdido,0,2022,2022-11,Diego Fontes,Clinipar Integrada,Operadora verticalizada,PE,Stent farmacológico,Cardiologia,312192,0,312192,Sem contrato para atender,E1 Cotacao,0,0,0,0,0,0,0,0
FH-2022-00785,2022-11-12,2022-11-22,2022-11-28,,Perdido,0,2022,2022-11,Marcelo Bastos,Bem-Estar Saúde,Operadora verticalizada,PE,Stent farmacológico,Cardiologia,204681,0,204681,Troca de fornecedor em sala,E3 Cirurgia,32,0,32,10,0,0,0,0
FH-2022-00518,2022-11-13,2022-11-27,2022-12-05,2023-01-07,Ganho,1,2022,2022-12,Rogério Lins,Clinipar Integrada,Operadora verticalizada,PE,Haste intramedular,Ortopedia,118405,118405,0,,,49,115,164,14,33,5961,2796,3165
FH-2022-00391,2022-11-16,2022-11-23,2022-11-30,2023-02-11,Ganho,1,2022,2022-11,Cíntia Barbosa,Hospital Municipal do Cabo,Hospital público,PE,Placas e parafusos,Ortopedia,52176,52176,0,,,29,97,126,7,73,1375,452,923
FH-2022-00526,2022-11-16,2022-12-07,2022-12-12,2023-03-02,Ganho,1,2022,2022-12,Rogério Lins,Vitalis Rede Integrada,Operadora verticalizada,PE,Stent farmacológico,Cardiologia,668765,668765,0,,,36,111,147,21,80,34970,21405,13565
FH-2022-00486,2022-11-18,2022-12-11,2022-12-19,2023-02-16,Ganho,1,2022,2022-12,Cíntia Barbosa,Saúde Atlântico,Operadora não verticalizada,AL,Marcapasso,Cardiologia,72919,72919,0,,,31,102,133,23,59,3565,1904,1661
FH-2022-00513,2022-11-18,2022-11-24,,,Perdido,0,2022,2022-11,Paulo Menezes,Bem-Estar Saúde,Operadora verticalizada,PE,Grampeador cirúrgico,Cirurgia geral,104452,0,104452,Troca de fonte pagadora no meio do processo,E2 Autorizacao,0,0,0,6,0,0,0,0
FH-2022-00545,2022-11-20,2022-12-04,2022-12-19,,Perdido,0,2022,2022-12,Joana Rios,Centro Cirúrgico Casa Forte,Hospital privado,PE,Haste intramedular,Ortopedia,32247,0,32247,Material devolvido sem uso,E3 Cirurgia,11,0,11,14,0,0,0,0
FH-2022-00720,2022-11-21,2022-12-09,2022-12-27,2023-01-21,Ganho,1,2022,2022-12,Tatiana Coelho,Hospital Vila Nova,Hospital privado,AL,Haste intramedular,Ortopedia,41354,41354,0,,,32,91,123,18,25,2112,784,1328
FH-2022-00599,2022-11-23,,,,Perdido,0,2022,2022-11,Ricardo Aragão,NordMed Saúde,Operadora verticalizada,AL,Placas e parafusos,Ortopedia,147409,0,147409,Sem contrato para atender,E1 Cotacao,0,0,0,0,0,0,0,0
FH-2022-00573,2022-11-24,2022-12-06,2022-12-16,2023-03-11,Ganho,1,2022,2022-12,Tatiana Coelho,Vitalis Rede Integrada,Operadora verticalizada,PE,Malha e tela cirúrgica,Cirurgia geral,39491,39491,0,,,27,103,130,12,85,1022,620,402
FH-2022-00651,2022-11-24,2022-12-13,2022-12-20,,Perdido,0,2022,2022-12,Cíntia Barbosa,Hospital Municipal de Caruaru,Hospital público,RN,Implante de quadril,Ortopedia,120294,0,120294,Extravio intra-hospitalar,E3 Cirurgia,23,0,23,19,0,0,0,0
FH-2022-00672,2022-11-24,2022-12-01,2022-12-17,2023-03-22,Perdido,0,2022,2022-12,Marcelo Bastos,Bem-Estar Saúde,Operadora verticalizada,PE,Cateter para angioplastia,Cardiologia,684227,0,684227,Divergência na folha de sala,E4 Faturamento,56,0,56,7,95,0,0,0
FH-2022-00784,2022-11-27,2022-12-15,2022-12-29,,Perdido,0,2022,2022-12,Tatiana Coelho,Hospital Ilha do Leite,Hospital privado,PE,Grampeador cirúrgico,Cirurgia geral,36347,0,36347,Material devolvido sem uso,E3 Cirurgia,15,0,15,18,0,0,0,0
FH-2022-00423,2022-12-01,,,,Perdido,0,2022,2022-12,Diego Fontes,Hospital Casa Amarela,Hospital privado,PE,Implante de quadril,Ortopedia,282339,0,282339,Preço acima do concorrente,E1 Cotacao,0,0,0,0,0,0,0,0
FH-2022-00637,2022-12-01,2022-12-15,,,Perdido,0,2022,2022-12,Ricardo Aragão,Hospital Vila Nova,Hospital privado,AL,Kit de consumo cirúrgico,Cirurgia geral,55594,0,55594,Procedimento não autorizado pelo pagador,E2 Autorizacao,0,0,0,14,0,0,0,0
FH-2022-00653,2022-12-02,2022-12-23,2023-01-13,2023-02-03,Ganho,1,2023,2023-01,Marcelo Bastos,Hospital Regional de Petrolina,Hospital público,PE,Stent farmacológico,Cardiologia,158310,158310,0,,,34,123,157,21,21,17942,10739,7203
FH-2022-00529,2022-12-05,2022-12-08,2022-12-11,2023-02-01,Ganho,1,2022,2022-12,Tatiana Coelho,Hospital Ponta Verde,Hospital privado,PE,Material para artroscopia,Ortopedia,35930,35930,0,,,28,101,129,3,52,825,594,231
FH-2022-00568,2022-12-06,,,,Perdido,0,2022,2022-12,Márcia Duarte,Vitalis Rede Integrada,Operadora verticalizada,PE,Implante de quadril,Ortopedia,71446,0,71446,Produto indisponível em estoque,E1 Cotacao,0,0,0,0,0,0,0,0
FH-2022-00443,2022-12-07,2022-12-16,2022-12-26,2023-03-27,Ganho,1,2022,2022-12,Paulo Menezes,Hospital Setúbal,Hospital privado,RN,Implante de joelho,Ortopedia,16835,16835,0,,,36,101,137,9,91,1222,826,396
FH-2022-00453,2022-12-07,2022-12-14,2022-12-18,2023-01-27,Ganho,1,2022,2022-12,Paulo Menezes,Bem-Estar Saúde,Operadora verticalizada,PE,Placas e parafusos,Ortopedia,67508,67508,0,,,23,136,159,7,40,3500,2371,1129
FH-2022-00768,2022-12-07,2022-12-13,2022-12-18,2023-02-27,Ganho,1,2022,2022-12,Diego Fontes,Saúde Atlântico,Operadora não verticalizada,AL,Grampeador cirúrgico,Cirurgia geral,37758,37758,0,,,37,155,192,6,71,2838,1289,1549
FH-2022-00397,2022-12-09,,,,Perdido,0,2022,2022-12,Marcelo Bastos,Hospital Geral de Mossoró,Hospital público,RN,Stent farmacológico,Cardiologia,153508,0,153508,Produto indisponível em estoque,E1 Cotacao,0,0,0,0,0,0,0,0
FH-2022-00467,2022-12-09,2022-12-24,2022-12-27,2023-02-22,Ganho,1,2022,2022-12,Márcia Duarte,Bom Viver Planos,Operadora não verticalizada,RN,Implante de joelho,Ortopedia,141915,141915,0,,,40,104,144,15,57,9643,2468,7175
FH-2022-00628,2022-12-09,2022-12-21,2023-01-06,2023-03-26,Ganho,1,2023,2023-01,Tatiana Coelho,Hospital Farol de Maceió,Hospital privado,AL,Implante de joelho,Ortopedia,96941,96941,0,,,14,83,97,12,79,3709,2156,1553
FH-2022-00656,2022-12-10,,,,Perdido,0,2022,2022-12,Marcelo Bastos,Vitalis Rede Integrada,Operadora verticalizada,PE,Implante de joelho,Ortopedia,117158,0,117158,Cliente com fornecedor exclusivo,E1 Cotacao,0,0,0,0,0,0,0,0
FH-2022-00387,2022-12-11,2022-12-16,2023-01-05,2023-03-22,Ganho,1,2023,2023-01,Rogério Lins,Saúde Atlântico,Operadora não verticalizada,AL,Implante de joelho,Ortopedia,66853,66853,0,,,45,131,176,5,76,6702,4223,2479
FH-2022-00788,2022-12-12,2023-01-07,2023-01-09,2023-03-02,Ganho,1,2023,2023-01,Ricardo Aragão,Saúde Atlântico,Operadora não verticalizada,AL,Introdutor e guia,Cardiologia,135137,135137,0,,,61,152,213,26,52,18077,9043,9034
FH-2022-00659,2022-12-14,2022-12-31,2023-01-07,2023-02-06,Ganho,1,2023,2023-01,Paulo Menezes,Saúde Atlântico,Operadora não verticalizada,AL,Placas e parafusos,Ortopedia,62078,62078,0,,,42,129,171,17,30,4063,1727,2336
FH-2022-00402,2022-12-15,2022-12-31,2023-01-08,2023-01-29,Ganho,1,2023,2023-01,Diego Fontes,Clinipar Integrada,Operadora verticalizada,PE,Stent farmacológico,Cardiologia,391596,391596,0,,,61,137,198,16,21,32278,16136,16142
FH-2022-00719,2022-12-15,,,,Perdido,0,2022,2022-12,Márcia Duarte,NordMed Saúde,Operadora verticalizada,AL,Haste intramedular,Ortopedia,207430,0,207430,Cotação respondida fora do prazo,E1 Cotacao,0,0,0,0,0,0,0,0
FH-2022-00739,2022-12-15,2022-12-30,,,Perdido,0,2022,2022-12,Rogério Lins,Hospital Nossa Senhora do Carmo,Hospital privado,PE,Material para artroscopia,Ortopedia,16841,0,16841,Cirurgia cancelada,E2 Autorizacao,0,0,0,15,0,0,0,0
FH-2022-00636,2022-12-16,2022-12-23,2023-01-10,2023-04-10,Ganho,1,2023,2023-01,Luciana Prado,Bem-Estar Saúde,Operadora verticalizada,PE,Placas e parafusos,Ortopedia,42559,42559,0,,,36,96,132,7,90,3066,1326,1740
FH-2022-00751,2022-12-17,2023-01-09,2023-01-28,2023-04-29,Ganho,1,2023,2023-01,Diego Fontes,Bem-Estar Saúde,Operadora verticalizada,PE,Implante de joelho,Ortopedia,109120,109120,0,,,50,149,199,23,91,6843,2271,4572
FH-2022-00590,2022-12-19,2022-12-26,2023-01-09,2023-01-31,Perdido,0,2023,2023-01,Ricardo Aragão,Vitalis Rede Integrada,Operadora verticalizada,PE,Haste intramedular,Ortopedia,135767,0,135767,Nota fiscal não autorizada pelo hospital,E4 Faturamento,62,0,62,7,22,0,0,0
FH-2022-00696,2022-12-21,2023-01-04,2023-01-25,2023-03-25,Ganho,1,2023,2023-01,Marcelo Bastos,Bom Viver Planos,Operadora não verticalizada,RN,Implante de joelho,Ortopedia,116011,116011,0,,,45,117,162,14,59,6459,4101,2358
FH-2022-00683,2022-12-22,,,,Perdido,0,2022,2022-12,Diego Fontes,Bom Viver Planos,Operadora não verticalizada,RN,Material para artroscopia,Ortopedia,140800,0,140800,Cotação respondida fora do prazo,E1 Cotacao,0,0,0,0,0,0,0,0
FH-2022-00712,2022-12-22,,,,Perdido,0,2022,2022-12,Diego Fontes,Vitalis Rede Integrada,Operadora verticalizada,PE,Implante de quadril,Ortopedia,126645,0,126645,Cliente com fornecedor exclusivo,E1 Cotacao,0,0,0,0,0,0,0,0
FH-2022-00721,2022-12-22,2023-01-16,2023-01-19,2023-04-12,Ganho,1,2023,2023-01,Márcia Duarte,Hospital Geral de Mossoró,Hospital público,RN,Malha e tela cirúrgica,Cirurgia geral,23245,23245,0,,,28,123,151,25,83,1244,600,644
FH-2022-00601,2022-12-23,,,,Perdido,0,2022,2022-12,Ricardo Aragão,Prever Saúde,Operadora não verticalizada,PE,Cateter para angioplastia,Cardiologia,111093,0,111093,Cotação respondida fora do prazo,E1 Cotacao,0,0,0,0,0,0,0,0
FH-2022-00756,2022-12-23,2023-01-13,2023-01-19,2023-03-26,Ganho,1,2023,2023-01,Márcia Duarte,NordMed Saúde,Operadora verticalizada,AL,Stent farmacológico,Cardiologia,194696,194696,0,,,28,117,145,21,66,19255,14314,4941
FH-2022-00780,2022-12-23,,,,Perdido,0,2022,2022-12,Tatiana Coelho,Instituto Ortopédico Caruaru,Hospital privado,PE,Introdutor e guia,Cardiologia,36065,0,36065,Produto indisponível em estoque,E1 Cotacao,0,0,0,0,0,0,0,0
FH-2022-00483,2022-12-25,2023-01-05,2023-01-10,2023-03-10,Ganho,1,2023,2023-01,Márcia Duarte,Hospital Ilha do Leite,Hospital privado,PE,Material para artroscopia,Ortopedia,44020,44020,0,,,50,132,182,11,59,4044,2340,1704
FH-2022-00728,2022-12-25,,,,Perdido,0,2022,2022-12,Márcia Duarte,Hospital Areia Preta,Hospital privado,AL,Kit de consumo cirúrgico,Cirurgia geral,8037,0,8037,Cotação respondida fora do prazo,E1 Cotacao,0,0,0,0,0,0,0,0
FH-2022-00430,2022-12-26,2022-12-30,2023-01-03,,Perdido,0,2023,2023-01,Diego Fontes,Bem-Estar Saúde,Operadora verticalizada,PE,Cateter para angioplastia,Cardiologia,114348,0,114348,Troca de fornecedor em sala,E3 Cirurgia,42,0,42,4,0,0,0,0
FH-2022-00415,2022-12-27,,,,Perdido,0,2022,2022-12,Marcelo Bastos,Saúde Atlântico,Operadora não verticalizada,AL,Implante de quadril,Ortopedia,98439,0,98439,Sem contrato para atender,E1 Cotacao,0,0,0,0,0,0,0,0
FH-2022-00470,2022-12-27,2023-01-22,2023-02-10,2023-04-07,Ganho,1,2023,2023-02,Joana Rios,Hospital Ilha do Leite,Hospital privado,PE,Implante de joelho,Ortopedia,51237,51237,0,,,14,73,87,26,56,1238,849,389
FH-2022-00498,2022-12-27,2023-01-02,,,Perdido,0,2022,2022-12,Diego Fontes,Clínica Cardio Espinheiro,Hospital privado,AL,Implante de joelho,Ortopedia,277608,0,277608,Procedimento não autorizado pelo pagador,E2 Autorizacao,0,0,0,6,0,0,0,0
FH-2023-01124,2023-01-02,2023-01-19,2023-02-09,2023-05-02,Ganho,1,2023,2023-02,Diego Fontes,NordMed Saúde,Operadora verticalizada,AL,Material para artroscopia,Ortopedia,26713,26713,0,,,36,155,191,17,82,2667,1875,792
FH-2023-00834,2023-01-03,2023-01-27,2023-01-31,2023-04-03,Ganho,1,2023,2023-01,Tatiana Coelho,Vitalis Rede Integrada,Operadora verticalizada,PE,Grampeador cirúrgico,Cirurgia geral,30806,30806,0,,,17,106,123,24,62,852,436,416
FH-2023-00946,2023-01-03,2023-01-26,2023-02-16,2023-04-09,Ganho,1,2023,2023-02,Cíntia Barbosa,Hospital Bairro Novo,Hospital privado,PB,Implante de quadril,Ortopedia,10240,10240,0,,,16,114,130,23,52,525,297,228
FH-2023-00812,2023-01-07,2023-01-15,,,Perdido,0,2023,2023-01,Rogério Lins,Hospital Farol de Maceió,Hospital privado,AL,Implante de quadril,Ortopedia,97047,0,97047,Procedimento não autorizado pelo pagador,E2 Autorizacao,0,0,0,8,0,0,0,0
FH-2023-00891,2023-01-07,2023-01-27,,,Perdido,0,2023,2023-01,Paulo Menezes,Hospital Madalena,Hospital privado,AL,Marcapasso,Cardiologia,206339,0,206339,Cirurgia cancelada,E2 Autorizacao,0,0,0,20,0,0,0,0
FH-2023-01202,2023-01-07,2023-01-25,2023-01-31,2023-04-10,Ganho,1,2023,2023-01,Ricardo Aragão,Clinipar Integrada,Operadora verticalizada,PE,Malha e tela cirúrgica,Cirurgia geral,109289,109289,0,,,78,152,230,18,69,9615,5756,3859
FH-2023-01072,2023-01-08,2023-01-28,2023-02-13,2023-05-05,Ganho,1,2023,2023-02,Ivan Peixoto,Bom Viver Planos,Operadora não verticalizada,RN,Stent farmacológico,Cardiologia,79151,79151,0,,,63,170,233,20,81,13658,8633,5025
FH-2023-01203,2023-01-08,,,,Perdido,0,2023,2023-01,Ricardo Aragão,Bem-Estar Saúde,Operadora verticalizada,PE,Implante de quadril,Ortopedia,136368,0,136368,Produto indisponível em estoque,E1 Cotacao,0,0,0,0,0,0,0,0
FH-2023-00817,2023-01-10,,,,Perdido,0,2023,2023-01,Marcelo Bastos,Hospital Sete Coqueiros,Hospital privado,PE,Placas e parafusos,Ortopedia,107172,0,107172,Cliente com fornecedor exclusivo,E1 Cotacao,0,0,0,0,0,0,0,0
FH-2023-01289,2023-01-11,2023-01-19,2023-01-27,2023-03-04,Ganho,1,2023,2023-01,Luciana Prado,Vitalis Rede Integrada,Operadora verticalizada,PE,Cateter para angioplastia,Cardiologia,191176,191176,0,,,20,122,142,8,36,15738,5966,9772
FH-2023-00894,2023-01-12,,,,Perdido,0,2023,2023-01,Diego Fontes,Vitalis Rede Integrada,Operadora verticalizada,PE,Marcapasso,Cardiologia,232526,0,232526,Preço acima do concorrente,E1 Cotacao,0,0,0,0,0,0,0,0
FH-2023-00840,2023-01-13,2023-02-07,2023-02-23,2023-05-02,Ganho,1,2023,2023-02,Cíntia Barbosa,Hospital Universitário de João Pessoa,Hospital público,PE,Malha e tela cirúrgica,Cirurgia geral,112407,112407,0,,,31,88,119,25,68,4955,3710,1245
FH-2023-01256,2023-01-13,2023-02-01,2023-02-09,2023-04-06,Ganho,1,2023,2023-02,Luciana Prado,Hospital Casa Amarela,Hospital privado,PE,Introdutor e guia,Cardiologia,86855,86855,0,,,44,104,148,19,56,5323,3347,1976
FH-2023-00815,2023-01-14,,,,Perdido,0,2023,2023-01,Marcelo Bastos,NordMed Saúde,Operadora verticalizada,AL,Marcapasso,Cardiologia,64454,0,64454,Cotação respondida fora do prazo,E1 Cotacao,0,0,0,0,0,0,0,0
FH-2023-01015,2023-01-16,2023-01-30,2023-02-16,2023-03-15,Ganho,1,2023,2023-02,Cíntia Barbosa,Bom Viver Planos,Operadora não verticalizada,RN,Material para artroscopia,Ortopedia,184309,184309,0,,,14,108,122,14,27,5778,3930,1848
FH-2023-01058,2023-01-16,2023-02-03,2023-02-24,2023-03-16,Perdido,0,2023,2023-02,Rogério Lins,NordMed Saúde,Operadora verticalizada,AL,Grampeador cirúrgico,Cirurgia geral,15599,0,15599,Nota fiscal não autorizada pelo hospital,E4 Faturamento,36,0,36,18,20,0,0,0
FH-2023-00825,2023-01-17,2023-01-31,2023-02-03,2023-04-22,Ganho,1,2023,2023-02,Ricardo Aragão,NordMed Saúde,Operadora verticalizada,AL,Implante de joelho,Ortopedia,120533,120533,0,,,47,165,212,14,78,12893,3373,9520
FH-2023-01126,2023-01-17,,,,Perdido,0,2023,2023-01,Cíntia Barbosa,Hospital Municipal do Cabo,Hospital público,PE,Placas e parafusos,Ortopedia,130763,0,130763,Cotação respondida fora do prazo,E1 Cotacao,0,0,0,0,0,0,0,0
FH-2023-01148,2023-01-17,2023-02-12,2023-02-15,2023-04-16,Ganho,1,2023,2023-02,Marcelo Bastos,Saúde Atlântico,Operadora não verticalizada,AL,Implante de joelho,Ortopedia,94953,94953,0,,,28,112,140,26,60,5709,4206,1503
FH-2023-01208,2023-01-17,,,,Perdido,0,2023,2023-01,Márcia Duarte,Clínica Vida Nova,Hospital privado,PE,Material para artroscopia,Ortopedia,136460,0,136460,Preço acima do concorrente,E1 Cotacao,0,0,0,0,0,0,0,0
FH-2023-00816,2023-01-18,,,,Perdido,0,2023,2023-01,Marcelo Bastos,Hospital Casa Amarela,Hospital privado,PE,Placas e parafusos,Ortopedia,48852,0,48852,Cotação respondida fora do prazo,E1 Cotacao,0,0,0,0,0,0,0,0
FH-2023-01019,2023-01-19,,,,Perdido,0,2023,2023-01,Ricardo Aragão,Bem-Estar Saúde,Operadora verticalizada,PE,Material para artroscopia,Ortopedia,50958,0,50958,Cliente com fornecedor exclusivo,E1 Cotacao,0,0,0,0,0,0,0,0
FH-2023-00847,2023-01-20,2023-01-26,2023-02-07,2023-05-09,Ganho,1,2023,2023-02,Paulo Menezes,Hospital Vila Nova,Hospital privado,AL,Implante de quadril,Ortopedia,60181,60181,0,,,32,116,148,6,91,3587,2218,1369
FH-2023-01085,2023-01-21,,,,Perdido,0,2023,2023-01,Tatiana Coelho,Bom Viver Planos,Operadora não verticalizada,RN,Cateter para angioplastia,Cardiologia,150099,0,150099,Cotação respondida fora do prazo,E1 Cotacao,0,0,0,0,0,0,0,0
FH-2023-01135,2023-01-22,2023-02-10,2023-02-23,2023-05-28,Ganho,1,2023,2023-02,Cíntia Barbosa,Hospital Casa Amarela,Hospital privado,PE,Marcapasso,Cardiologia,37521,37521,0,,,31,105,136,19,94,1289,424,865
FH-2023-01280,2023-01-22,2023-02-14,2023-03-06,2023-05-19,Ganho,1,2023,2023-03,Paulo Menezes,Bem-Estar Saúde,Operadora verticalizada,PE,Marcapasso,Cardiologia,243738,243738,0,,,48,102,150,23,74,13896,10300,3596
FH-2023-00876,2023-01-26,2023-01-30,2023-02-17,2023-04-10,Ganho,1,2023,2023-02,Cíntia Barbosa,Hospital Torre,Hospital privado,PE,Grampeador cirúrgico,Cirurgia geral,44761,44761,0,,,17,121,138,4,52,1490,764,726
FH-2023-00916,2023-01-26,2023-02-12,,,Perdido,0,2023,2023-01,Joana Rios,Hospital Nossa Senhora do Carmo,Hospital privado,PE,Malha e tela cirúrgica,Cirurgia geral,18735,0,18735,Autorização expirou,E2 Autorizacao,0,0,0,17,0,0,0,0
FH-2023-00822,2023-02-01,,,,Perdido,0,2023,2023-02,Paulo Menezes,Saúde Atlântico,Operadora não verticalizada,AL,Implante de quadril,Ortopedia,107610,0,107610,Cliente com fornecedor exclusivo,E1 Cotacao,0,0,0,0,0,0,0,0
FH-2023-01265,2023-02-01,2023-02-05,2023-02-07,2023-03-21,Ganho,1,2023,2023-02,Rogério Lins,Hospital Ponta Verde,Hospital privado,PE,Implante de quadril,Ortopedia,46900,46900,0,,,36,108,144,4,42,4177,1821,2356
FH-2023-00882,2023-02-02,,,,Perdido,0,2023,2023-02,Paulo Menezes,Clinipar Integrada,Operadora verticalizada,PE,Stent farmacológico,Cardiologia,105848,0,105848,Preço acima do concorrente,E1 Cotacao,0,0,0,0,0,0,0,0
FH-2023-01147,2023-02-02,2023-02-19,2023-02-24,2023-05-05,Perdido,0,2023,2023-02,Rogério Lins,Hospital Municipal de Olinda,Hospital público,AL,Grampeador cirúrgico,Cirurgia geral,94263,0,94263,Inadimplência do cliente,E4 Faturamento,47,0,47,17,70,0,0,0
FH-2023-01184,2023-02-02,,,,Perdido,0,2023,2023-02,Marcelo Bastos,Hospital Real do Recife,Hospital privado,PB,Stent farmacológico,Cardiologia,136861,0,136861,Sem contrato para atender,E1 Cotacao,0,0,0,0,0,0,0,0
FH-2023-01264,2023-02-02,2023-02-23,2023-02-25,2023-05-19,Ganho,1,2023,2023-02,Diego Fontes,NordMed Saúde,Operadora verticalizada,AL,Implante de joelho,Ortopedia,262746,262746,0,,,55,139,194,21,83,17583,4885,12698
FH-2023-01215,2023-02-03,2023-02-08,2023-02-25,2023-05-09,Ganho,1,2023,2023-02,Márcia Duarte,Clínica Cirúrgica Derby,Hospital privado,PB,Implante de joelho,Ortopedia,137479,137479,0,,,50,104,154,5,73,12482,4055,8427
FH-2023-00883,2023-02-05,2023-03-01,2023-03-05,2023-04-13,Ganho,1,2023,2023-03,Tatiana Coelho,Hospital Real do Recife,Hospital privado,PB,Placas e parafusos,Ortopedia,26510,26510,0,,,25,98,123,24,39,646,360,286
FH-2023-01017,2023-02-05,2023-02-23,,,Perdido,0,2023,2023-02,Joana Rios,Hospital Ponta Verde,Hospital privado,PE,Haste intramedular,Ortopedia,29638,0,29638,Procedimento não autorizado pelo pagador,E2 Autorizacao,0,0,0,18,0,0,0,0
FH-2023-01225,2023-02-05,2023-03-01,2023-03-08,,Perdido,0,2023,2023-03,Diego Fontes,NordMed Saúde,Operadora verticalizada,AL,Introdutor e guia,Cardiologia,139056,0,139056,Troca de fornecedor em sala,E3 Cirurgia,61,0,61,24,0,0,0,0
FH-2023-00961,2023-02-06,,,,Perdido,0,2023,2023-02,Rogério Lins,Clinipar Integrada,Operadora verticalizada,PE,Marcapasso,Cardiologia,234016,0,234016,Cotação respondida fora do prazo,E1 Cotacao,0,0,0,0,0,0,0,0
FH-2023-01242,2023-02-06,2023-02-25,2023-03-03,2023-04-25,Ganho,1,2023,2023-03,Rogério Lins,Bem-Estar Saúde,Operadora verticalizada,PE,Kit de consumo cirúrgico,Cirurgia geral,119702,119702,0,,,26,129,155,19,53,9050,5193,3857
FH-2023-01244,2023-02-06,2023-02-28,,,Perdido,0,2023,2023-02,Luciana Prado,Vitalis Rede Integrada,Operadora verticalizada,PE,Placas e parafusos,Ortopedia,114413,0,114413,Procedimento não autorizado pelo pagador,E2 Autorizacao,0,0,0,22,0,0,0,0
FH-2023-01040,2023-02-07,2023-03-05,2023-03-16,2023-04-30,Ganho,1,2023,2023-03,Ricardo Aragão,Vitalis Rede Integrada,Operadora verticalizada,PE,Placas e parafusos,Ortopedia,587935,587935,0,,,75,168,243,26,45,71376,49170,22206
FH-2023-01120,2023-02-07,,,,Perdido,0,2023,2023-02,Márcia Duarte,Hospital Geral de Maceió,Hospital público,RN,Placas e parafusos,Ortopedia,116847,0,116847,Cliente com fornecedor exclusivo,E1 Cotacao,0,0,0,0,0,0,0,0
FH-2023-01132,2023-02-07,2023-02-16,,,Perdido,0,2023,2023-02,Ricardo Aragão,Bom Viver Planos,Operadora não verticalizada,RN,Marcapasso,Cardiologia,221449,0,221449,Autorização expirou,E2 Autorizacao,0,0,0,9,0,0,0,0
FH-2023-01274,2023-02-07,2023-03-02,2023-03-15,2023-06-14,Ganho,1,2023,2023-03,Cíntia Barbosa,Hospital Regional do Agreste,Hospital público,RN,Introdutor e guia,Cardiologia,182249,182249,0,,,18,97,115,23,91,10279,2653,7626
FH-2023-01220,2023-02-08,2023-02-15,2023-03-08,2023-04-08,Ganho,1,2023,2023-03,Ricardo Aragão,Vitalis Rede Integrada,Operadora verticalizada,PE,Implante de joelho,Ortopedia,201694,201694,0,,,60,170,230,7,31,18143,7445,10698
FH-2023-00863,2023-02-09,2023-02-18,2023-02-28,2023-04-14,Ganho,1,2023,2023-02,Rogério Lins,Bem-Estar Saúde,Operadora verticalizada,PE,Introdutor e guia,Cardiologia,206010,206010,0,,,34,138,172,9,45,9067,5420,3647
FH-2023-01107,2023-02-10,2023-02-25,2023-02-28,2023-04-09,Ganho,1,2023,2023-02,Ivan Peixoto,Hospital Nossa Senhora do Carmo,Hospital privado,PE,Material para artroscopia,Ortopedia,32635,32635,0,,,60,172,232,15,40,3944,1318,2626
FH-2023-00909,2023-02-11,2023-02-24,2023-03-16,2023-05-20,Perdido,0,2023,2023-03,Paulo Menezes,Hospital Manaíra,Hospital privado,PE,Kit de consumo cirúrgico,Cirurgia geral,59818,0,59818,Inadimplência do cliente,E4 Faturamento,26,0,26,13,65,0,0,0
FH-2023-00811,2023-02-12,2023-03-05,,,Perdido,0,2023,2023-02,Tatiana Coelho,Hospital Graças,Hospital privado,PE,Cateter para angioplastia,Cardiologia,388599,0,388599,Cirurgia cancelada,E2 Autorizacao,0,0,0,21,0,0,0,0
FH-2023-01101,2023-02-14,2023-03-01,2023-03-17,2023-04-22,Ganho,1,2023,2023-03,Diego Fontes,Vitalis Rede Integrada,Operadora verticalizada,PE,Implante de quadril,Ortopedia,236879,236879,0,,,44,129,173,15,36,28028,10752,17276
FH-2023-00850,2023-02-15,2023-02-20,2023-02-28,,Perdido,0,2023,2023-02,Ricardo Aragão,Hospital Pina,Hospital privado,AL,Introdutor e guia,Cardiologia,73319,0,73319,Material devolvido sem uso,E3 Cirurgia,51,0,51,5,0,0,0,0
FH-2023-01108,2023-02-15,2023-03-04,2023-03-25,2023-06-09,Ganho,1,2023,2023-03,Luciana Prado,Hospital Sete Coqueiros,Hospital privado,PE,Material para artroscopia,Ortopedia,157554,157554,0,,,41,114,155,17,76,9065,3742,5323
FH-2023-01025,2023-02-17,2023-03-09,2023-03-23,2023-05-27,Ganho,1,2023,2023-03,Paulo Menezes,Hospital Regional do Agreste,Hospital público,RN,Implante de quadril,Ortopedia,39993,39993,0,,,38,127,165,20,65,3052,1234,1818
FH-2023-01077,2023-02-17,,,,Perdido,0,2023,2023-02,Luciana Prado,Hospital Vale do Capibaribe,Hospital privado,PE,Grampeador cirúrgico,Cirurgia geral,38596,0,38596,Cotação respondida fora do prazo,E1 Cotacao,0,0,0,0,0,0,0,0
FH-2023-01226,2023-02-17,,,,Perdido,0,2023,2023-02,Cíntia Barbosa,Hospital Municipal de Jaboatão,Hospital público,PE,Placas e parafusos,Ortopedia,77436,0,77436,Preço acima do concorrente,E1 Cotacao,0,0,0,0,0,0,0,0
FH-2023-01281,2023-02-17,2023-02-23,2023-03-15,2023-05-20,Ganho,1,2023,2023-03,Luciana Prado,Clínica Cardio Espinheiro,Hospital privado,AL,Kit de consumo cirúrgico,Cirurgia geral,49639,49639,0,,,24,105,129,6,66,3969,1554,2415
FH-2023-00918,2023-02-18,2023-02-27,2023-03-05,2023-06-08,Ganho,1,2023,2023-03,Joana Rios,Hospital Ponta Negra,Hospital privado,PE,Implante de quadril,Ortopedia,55975,55975,0,,,19,82,101,9,95,1620,606,1014
FH-2023-01032,2023-02-18,2023-03-06,2023-03-12,2023-05-30,Ganho,1,2023,2023-03,Tatiana Coelho,Vitalis Rede Integrada,Operadora verticalizada,PE,Cateter para angioplastia,Cardiologia,35155,35155,0,,,24,98,122,16,79,1046,780,266
FH-2023-01231,2023-02-18,,,,Perdido,0,2023,2023-02,Ivan Peixoto,Vitalis Rede Integrada,Operadora verticalizada,PE,Haste intramedular,Ortopedia,145941,0,145941,Preço acima do concorrente,E1 Cotacao,0,0,0,0,0,0,0,0
FH-2023-01073,2023-02-19,2023-03-09,2023-03-24,2023-06-13,Ganho,1,2023,2023-03,Rogério Lins,Clinipar Integrada,Operadora verticalizada,PE,Malha e tela cirúrgica,Cirurgia geral,48102,48102,0,,,47,112,159,18,81,2706,1862,844
FH-2023-01224,2023-02-20,2023-03-12,2023-03-14,2023-04-06,Ganho,1,2023,2023-03,Tatiana Coelho,Hospital Ponta Negra,Hospital privado,PE,Placas e parafusos,Ortopedia,7398,7398,0,,,27,90,117,20,23,191,143,48
FH-2023-00888,2023-02-21,2023-03-14,,,Perdido,0,2023,2023-02,Rogério Lins,Saúde Atlântico,Operadora não verticalizada,AL,Implante de joelho,Ortopedia,379741,0,379741,Autorização expirou,E2 Autorizacao,0,0,0,21,0,0,0,0
FH-2023-00925,2023-02-21,2023-02-24,2023-03-13,2023-04-03,Ganho,1,2023,2023-03,Luciana Prado,Clínica Vida Nova,Hospital privado,PE,Stent farmacológico,Cardiologia,104193,104193,0,,,29,123,152,3,21,5235,3667,1568
FH-2023-01234,2023-02-21,,,,Perdido,0,2023,2023-02,Marcelo Bastos,Vitalis Rede Integrada,Operadora verticalizada,PE,Implante de quadril,Ortopedia,191213,0,191213,Cotação respondida fora do prazo,E1 Cotacao,0,0,0,0,0,0,0,0
FH-2023-00896,2023-02-22,2023-03-10,2023-03-29,2023-05-23,Ganho,1,2023,2023-03,Joana Rios,Saúde Atlântico,Operadora não verticalizada,AL,Implante de joelho,Ortopedia,131889,131889,0,,,16,67,83,16,55,4761,2959,1802
FH-2023-01186,2023-02-22,2023-03-19,,,Perdido,0,2023,2023-02,Ricardo Aragão,Hospital Nossa Senhora do Carmo,Hospital privado,PE,Implante de joelho,Ortopedia,117772,0,117772,Troca de fonte pagadora no meio do processo,E2 Autorizacao,0,0,0,25,0,0,0,0
FH-2023-00929,2023-02-23,2023-03-08,2023-03-28,2023-05-18,Ganho,1,2023,2023-03,Márcia Duarte,Hospital Geral de Maceió,Hospital público,RN,Grampeador cirúrgico,Cirurgia geral,174025,174025,0,,,47,131,178,13,51,9677,2789,6888
FH-2023-00828,2023-02-25,,,,Perdido,0,2023,2023-02,Diego Fontes,Clinipar Integrada,Operadora verticalizada,PE,Grampeador cirúrgico,Cirurgia geral,44257,0,44257,Cotação respondida fora do prazo,E1 Cotacao,0,0,0,0,0,0,0,0
FH-2023-00927,2023-02-26,,,,Perdido,0,2023,2023-02,Diego Fontes,Hospital Manaíra,Hospital privado,PE,Implante de quadril,Ortopedia,20121,0,20121,Cliente com fornecedor exclusivo,E1 Cotacao,0,0,0,0,0,0,0,0
FH-2023-01266,2023-02-26,2023-03-14,2023-03-21,2023-04-27,Ganho,1,2023,2023-03,Tatiana Coelho,Hospital Vale do Capibaribe,Hospital privado,PE,Marcapasso,Cardiologia,25964,25964,0,,,24,105,129,16,37,1042,632,410
FH-2023-01166,2023-02-27,,,,Perdido,0,2023,2023-02,Ricardo Aragão,Vitalis Rede Integrada,Operadora verticalizada,PE,Marcapasso,Cardiologia,98637,0,98637,Cliente com fornecedor exclusivo,E1 Cotacao,0,0,0,0,0,0,0,0
FH-2023-01200,2023-02-27,2023-03-08,2023-03-14,2023-04-03,Ganho,1,2023,2023-03,Luciana Prado,Hospital Farol de Maceió,Hospital privado,AL,Grampeador cirúrgico,Cirurgia geral,64388,64388,0,,,26,106,132,9,20,2909,1011,1898
FH-2023-00885,2023-02-28,2023-03-14,2023-03-31,2023-05-04,Ganho,1,2023,2023-03,Paulo Menezes,Hospital Geral de Mossoró,Hospital público,RN,Material para artroscopia,Ortopedia,39343,39343,0,,,34,98,132,14,34,2367,1041,1326
FH-2023-00932,2023-02-28,2023-03-13,2023-04-03,2023-07-05,Ganho,1,2023,2023-04,Ricardo Aragão,NordMed Saúde,Operadora verticalizada,AL,Stent farmacológico,Cardiologia,136547,136547,0,,,50,142,192,13,93,20193,11853,8340
FH-2023-01141,2023-02-28,,,,Perdido,0,2023,2023-02,Joana Rios,Centro Cirúrgico Casa Forte,Hospital privado,PE,Haste intramedular,Ortopedia,12885,0,12885,Cliente com fornecedor exclusivo,E1 Cotacao,0,0,0,0,0,0,0,0
FH-2023-00823,2023-03-01,2023-03-14,2023-03-27,,Perdido,0,2023,2023-03,Diego Fontes,Vitalis Rede Integrada,Operadora verticalizada,PE,Placas e parafusos,Ortopedia,273315,0,273315,Material devolvido sem uso,E3 Cirurgia,46,0,46,13,0,0,0,0
FH-2023-01246,2023-03-01,2023-03-12,2023-03-23,2023-06-21,Ganho,1,2023,2023-03,Marcelo Bastos,Vitalis Rede Integrada,Operadora verticalizada,PE,Implante de quadril,Ortopedia,156447,156447,0,,,56,125,181,11,90,17863,5395,12468
FH-2023-01007,2023-03-02,2023-03-16,2023-03-29,2023-07-03,Ganho,1,2023,2023-03,Ricardo Aragão,Vitalis Rede Integrada,Operadora verticalizada,PE,Marcapasso,Cardiologia,206005,206005,0,,,48,178,226,14,96,30730,9577,21153
FH-2023-01070,2023-03-03,,,,Perdido,0,2023,2023-03,Ricardo Aragão,Clinipar Integrada,Operadora verticalizada,PE,Grampeador cirúrgico,Cirurgia geral,483177,0,483177,Preço acima do concorrente,E1 Cotacao,0,0,0,0,0,0,0,0
FH-2023-01283,2023-03-03,2023-03-09,2023-03-12,2023-04-11,Ganho,1,2023,2023-03,Tatiana Coelho,Hospital Rio Doce,Hospital privado,AL,Cateter para angioplastia,Cardiologia,187957,187957,0,,,17,85,102,6,30,8138,5255,2883
FH-2023-00938,2023-03-04,2023-03-14,2023-03-17,2023-05-05,Ganho,1,2023,2023-03,Rogério Lins,Clínica Vida Nova,Hospital privado,PE,Cateter para angioplastia,Cardiologia,46206,46206,0,,,26,140,166,10,49,2949,1821,1128
FH-2023-01066,2023-03-04,,,,Perdido,0,2023,2023-03,Diego Fontes,Bem-Estar Saúde,Operadora verticalizada,PE,Implante de joelho,Ortopedia,284918,0,284918,Produto indisponível em estoque,E1 Cotacao,0,0,0,0,0,0,0,0
FH-2023-00856,2023-03-05,,,,Perdido,0,2023,2023-03,Ricardo Aragão,Vitalis Rede Integrada,Operadora verticalizada,PE,Placas e parafusos,Ortopedia,170036,0,170036,Preço acima do concorrente,E1 Cotacao,0,0,0,0,0,0,0,0
FH-2023-00980,2023-03-05,,,,Perdido,0,2023,2023-03,Ricardo Aragão,Bom Viver Planos,Operadora não verticalizada,RN,Material para artroscopia,Ortopedia,57522,0,57522,Cotação respondida fora do prazo,E1 Cotacao,0,0,0,0,0,0,0,0
FH-2023-01176,2023-03-07,2023-03-20,2023-03-29,2023-05-11,Ganho,1,2023,2023-03,Joana Rios,Hospital Casa Amarela,Hospital privado,PE,Implante de joelho,Ortopedia,55223,55223,0,,,13,92,105,13,43,1773,672,1101
FH-2023-00950,2023-03-08,2023-03-16,2023-03-22,2023-05-08,Ganho,1,2023,2023-03,Ricardo Aragão,Hospital São Rafael de Olinda,Hospital privado,PE,Implante de joelho,Ortopedia,12361,12361,0,,,77,153,230,8,47,1637,901,736
FH-2023-01099,2023-03-08,2023-03-22,2023-03-31,2023-05-13,Ganho,1,2023,2023-03,Paulo Menezes,Saúde Atlântico,Operadora não verticalizada,AL,Grampeador cirúrgico,Cirurgia geral,30590,30590,0,,,28,126,154,14,43,1601,409,1192
FH-2023-01130,2023-03-08,,,,Perdido,0,2023,2023-03,Diego Fontes,Vitalis Rede Integrada,Operadora verticalizada,PE,Stent farmacológico,Cardiologia,127391,0,127391,Produto indisponível em estoque,E1 Cotacao,0,0,0,0,0,0,0,0
FH-2023-00853,2023-03-09,,,,Perdido,0,2023,2023-03,Luciana Prado,Hospital Graças,Hospital privado,PE,Introdutor e guia,Cardiologia,49414,0,49414,Produto indisponível em estoque,E1 Cotacao,0,0,0,0,0,0,0,0
FH-2023-01216,2023-03-09,2023-03-26,2023-03-29,2023-06-16,Ganho,1,2023,2023-03,Luciana Prado,Clinipar Integrada,Operadora verticalizada,PE,Implante de quadril,Ortopedia,115138,115138,0,,,21,116,137,17,79,4171,2254,1917
FH-2023-01205,2023-03-11,2023-03-21,2023-03-26,,Perdido,0,2023,2023-03,Cíntia Barbosa,Bom Viver Planos,Operadora não verticalizada,RN,Malha e tela cirúrgica,Cirurgia geral,66081,0,66081,Material devolvido sem uso,E3 Cirurgia,19,0,19,10,0,0,0,0
FH-2023-01272,2023-03-11,2023-03-28,2023-04-07,2023-05-03,Ganho,1,2023,2023-04,Ricardo Aragão,Clinipar Integrada,Operadora verticalizada,PE,Placas e parafusos,Ortopedia,46371,46371,0,,,54,148,202,17,26,5385,1407,3978
FH-2023-00997,2023-03-12,2023-03-29,2023-04-19,2023-05-13,Ganho,1,2023,2023-04,Marcelo Bastos,NordMed Saúde,Operadora verticalizada,AL,Malha e tela cirúrgica,Cirurgia geral,66674,66674,0,,,52,141,193,17,24,4368,1806,2562
FH-2023-00941,2023-03-13,2023-04-08,2023-04-11,2023-05-06,Perdido,0,2023,2023-04,Marcelo Bastos,Vitalis Rede Integrada,Operadora verticalizada,PE,Marcapasso,Cardiologia,611934,0,611934,Glosa não recuperada,E4 Faturamento,39,0,39,26,25,0,0,0
FH-2023-01021,2023-03-15,,,,Perdido,0,2023,2023-03,Diego Fontes,Vitalis Rede Integrada,Operadora verticalizada,PE,Haste intramedular,Ortopedia,64102,0,64102,Preço acima do concorrente,E1 Cotacao,0,0,0,0,0,0,0,0
FH-2023-01279,2023-03-15,2023-03-26,2023-04-06,2023-06-29,Ganho,1,2023,2023-04,Luciana Prado,Bem-Estar Saúde,Operadora verticalizada,PE,Grampeador cirúrgico,Cirurgia geral,97405,97405,0,,,40,101,141,11,84,6481,4076,2405
FH-2023-01037,2023-03-17,2023-04-06,2023-04-19,2023-05-24,Ganho,1,2023,2023-04,Luciana Prado,NordMed Saúde,Operadora verticalizada,AL,Material para artroscopia,Ortopedia,88420,88420,0,,,31,109,140,20,35,7024,4159,2865
FH-2023-01157,2023-03-18,2023-03-24,2023-03-27,2023-05-26,Perdido,0,2023,2023-03,Joana Rios,Hospital Costa Verde,Hospital privado,RN,Cateter para angioplastia,Cardiologia,46796,0,46796,Inadimplência do cliente,E4 Faturamento,8,0,8,6,60,0,0,0
FH-2023-00818,2023-03-19,2023-04-03,2023-04-24,2023-07-28,Ganho,1,2023,2023-04,Ricardo Aragão,Clinipar Integrada,Operadora verticalizada,PE,Stent farmacológico,Cardiologia,277707,277707,0,,,58,178,236,15,95,26942,7939,19003
FH-2023-01018,2023-03-19,2023-03-26,2023-03-29,2023-05-18,Ganho,1,2023,2023-03,Tatiana Coelho,Hospital Rio Doce,Hospital privado,AL,Kit de consumo cirúrgico,Cirurgia geral,36152,36152,0,,,24,86,110,7,50,905,492,413
FH-2023-01100,2023-03-19,2023-04-06,2023-04-27,2023-06-06,Ganho,1,2023,2023-04,Tatiana Coelho,Clínica Vida Nova,Hospital privado,PE,Malha e tela cirúrgica,Cirurgia geral,28863,28863,0,,,26,102,128,18,40,1641,674,967
FH-2023-00969,2023-03-21,2023-04-06,2023-04-12,2023-05-24,Ganho,1,2023,2023-04,Paulo Menezes,Hospital Torre,Hospital privado,PE,Grampeador cirúrgico,Cirurgia geral,46223,46223,0,,,47,99,146,16,42,3167,1316,1851
FH-2023-01048,2023-03-21,2023-04-01,2023-04-09,2023-07-10,Ganho,1,2023,2023-04,Marcelo Bastos,Hospital Pina,Hospital privado,AL,Implante de joelho,Ortopedia,64077,64077,0,,,40,138,178,11,92,7228,2808,4420
FH-2023-01095,2023-03-23,2023-04-08,2023-04-15,2023-06-15,Ganho,1,2023,2023-04,Luciana Prado,Bom Viver Planos,Operadora não verticalizada,RN,Grampeador cirúrgico,Cirurgia geral,27628,27628,0,,,22,123,145,16,61,1839,1040,799
FH-2023-00827,2023-03-24,,,,Perdido,0,2023,2023-03,Diego Fontes,Saúde Atlântico,Operadora não verticalizada,AL,Cateter para angioplastia,Cardiologia,157447,0,157447,Sem contrato para atender,E1 Cotacao,0,0,0,0,0,0,0,0
FH-2023-01064,2023-03-24,2023-04-15,2023-04-26,2023-06-26,Ganho,1,2023,2023-04,Rogério Lins,Clinipar Integrada,Operadora verticalizada,PE,Malha e tela cirúrgica,Cirurgia geral,139485,139485,0,,,38,115,153,22,61,13304,6505,6799
FH-2023-00955,2023-03-25,2023-04-20,2023-04-27,2023-07-09,Ganho,1,2023,2023-04,Ricardo Aragão,NordMed Saúde,Operadora verticalizada,AL,Implante de quadril,Ortopedia,231363,231363,0,,,57,138,195,26,73,21223,7422,13801
FH-2023-01020,2023-03-26,,,,Perdido,0,2023,2023-03,Cíntia Barbosa,Hospital Casa Amarela,Hospital privado,PE,Malha e tela cirúrgica,Cirurgia geral,11826,0,11826,Cliente com fornecedor exclusivo,E1 Cotacao,0,0,0,0,0,0,0,0
FH-2023-01270,2023-03-26,2023-04-15,2023-04-19,2023-05-20,Perdido,0,2023,2023-04,Marcelo Bastos,Vitalis Rede Integrada,Operadora verticalizada,PE,Implante de joelho,Ortopedia,484294,0,484294,Divergência na folha de sala,E4 Faturamento,31,0,31,20,31,0,0,0
FH-2023-01024,2023-03-28,2023-04-03,2023-04-21,2023-05-12,Ganho,1,2023,2023-04,Paulo Menezes,Bom Viver Planos,Operadora não verticalizada,RN,Implante de joelho,Ortopedia,115628,115628,0,,,37,124,161,6,21,5060,1488,3572
FH-2023-01174,2023-03-28,2023-04-12,2023-04-21,,Perdido,0,2023,2023-04,Paulo Menezes,Saúde Atlântico,Operadora não verticalizada,AL,Malha e tela cirúrgica,Cirurgia geral,16497,0,16497,Extravio intra-hospitalar,E3 Cirurgia,29,0,29,15,0,0,0,0
FH-2023-00995,2023-04-01,2023-04-04,2023-04-20,2023-06-27,Ganho,1,2023,2023-04,Marcelo Bastos,Hospital Nossa Senhora do Carmo,Hospital privado,PE,Implante de joelho,Ortopedia,92756,92756,0,,,34,120,154,3,68,5729,1514,4215
FH-2023-01119,2023-04-01,,,,Perdido,0,2023,2023-04,Rogério Lins,Bem-Estar Saúde,Operadora verticalizada,PE,Placas e parafusos,Ortopedia,163458,0,163458,Cotação respondida fora do prazo,E1 Cotacao,0,0,0,0,0,0,0,0
FH-2023-00845,2023-04-02,,,,Perdido,0,2023,2023-04,Luciana Prado,Hospital Universitário de João Pessoa,Hospital público,PE,Introdutor e guia,Cardiologia,677203,0,677203,Produto indisponível em estoque,E1 Cotacao,0,0,0,0,0,0,0,0
FH-2023-01111,2023-04-04,2023-04-10,2023-04-17,2023-06-18,Ganho,1,2023,2023-04,Ivan Peixoto,Vitalis Rede Integrada,Operadora verticalizada,PE,Implante de quadril,Ortopedia,64315,64315,0,,,64,149,213,6,62,7682,3722,3960
FH-2023-01131,2023-04-04,2023-04-17,2023-04-20,2023-06-03,Ganho,1,2023,2023-04,Paulo Menezes,Hospital Costa Verde,Hospital privado,RN,Implante de joelho,Ortopedia,156189,156189,0,,,43,127,170,13,44,12694,6026,6668
FH-2023-01172,2023-04-06,,,,Perdido,0,2023,2023-04,Tatiana Coelho,Bom Viver Planos,Operadora não verticalizada,RN,Material para artroscopia,Ortopedia,110333,0,110333,Preço acima do concorrente,E1 Cotacao,0,0,0,0,0,0,0,0
FH-2023-01261,2023-04-06,2023-04-30,2023-05-20,2023-07-18,Ganho,1,2023,2023-05,Luciana Prado,Vitalis Rede Integrada,Operadora verticalizada,PE,Material para artroscopia,Ortopedia,119707,119707,0,,,29,97,126,24,59,9998,7409,2589
FH-2023-01227,2023-04-07,2023-04-19,,,Perdido,0,2023,2023-04,Ricardo Aragão,Vitalis Rede Integrada,Operadora verticalizada,PE,Material para artroscopia,Ortopedia,483877,0,483877,Procedimento não autorizado pelo pagador,E2 Autorizacao,0,0,0,12,0,0,0,0
FH-2023-01237,2023-04-07,2023-04-10,,,Perdido,0,2023,2023-04,Tatiana Coelho,Prever Saúde,Operadora não verticalizada,PE,Introdutor e guia,Cardiologia,39373,0,39373,Troca de fonte pagadora no meio do processo,E2 Autorizacao,0,0,0,3,0,0,0,0
FH-2023-01092,2023-04-09,2023-04-16,2023-05-07,2023-07-03,Ganho,1,2023,2023-05,Tatiana Coelho,Vitalis Rede Integrada,Operadora verticalizada,PE,Implante de quadril,Ortopedia,67893,67893,0,,,14,86,100,7,57,2318,1521,797
FH-2023-00988,2023-04-12,2023-05-02,2023-05-13,2023-07-31,Ganho,1,2023,2023-05,Luciana Prado,Bom Viver Planos,Operadora não verticalizada,RN,Material para artroscopia,Ortopedia,27407,27407,0,,,42,117,159,20,79,1354,493,861
FH-2023-01076,2023-04-12,2023-04-25,2023-05-16,2023-06-18,Ganho,1,2023,2023-05,Márcia Duarte,Hospital Geral de Mossoró,Hospital público,RN,Cateter para angioplastia,Cardiologia,157241,157241,0,,,40,123,163,13,33,8908,4854,4054
FH-2023-00814,2023-04-13,,,,Perdido,0,2023,2023-04,Diego Fontes,NordMed Saúde,Operadora verticalizada,AL,Placas e parafusos,Ortopedia,171658,0,171658,Sem contrato para atender,E1 Cotacao,0,0,0,0,0,0,0,0
FH-2023-00937,2023-04-13,2023-04-29,2023-05-05,2023-07-20,Ganho,1,2023,2023-05,Joana Rios,Hospital Setúbal,Hospital privado,RN,Stent farmacológico,Cardiologia,31216,31216,0,,,8,65,73,16,76,831,246,585
FH-2023-01241,2023-04-14,2023-04-25,2023-04-27,2023-07-06,Ganho,1,2023,2023-04,Rogério Lins,NordMed Saúde,Operadora verticalizada,AL,Placas e parafusos,Ortopedia,242157,242157,0,,,29,133,162,11,70,23211,9966,13245
FH-2023-00906,2023-04-15,,,,Perdido,0,2023,2023-04,Luciana Prado,Vitalis Rede Integrada,Operadora verticalizada,PE,Introdutor e guia,Cardiologia,271632,0,271632,Sem contrato para atender,E1 Cotacao,0,0,0,0,0,0,0,0
FH-2023-01162,2023-04-16,,,,Perdido,0,2023,2023-04,Joana Rios,Hospital São Rafael de Olinda,Hospital privado,PE,Placas e parafusos,Ortopedia,30689,0,30689,Preço acima do concorrente,E1 Cotacao,0,0,0,0,0,0,0,0
FH-2023-00939,2023-04-18,2023-05-02,,,Perdido,0,2023,2023-04,Tatiana Coelho,Saúde Atlântico,Operadora não verticalizada,AL,Grampeador cirúrgico,Cirurgia geral,16323,0,16323,Cirurgia cancelada,E2 Autorizacao,0,0,0,14,0,0,0,0
FH-2023-00992,2023-04-18,,,,Perdido,0,2023,2023-04,Ricardo Aragão,Bom Viver Planos,Operadora não verticalizada,RN,Introdutor e guia,Cardiologia,149752,0,149752,Preço acima do concorrente,E1 Cotacao,0,0,0,0,0,0,0,0
FH-2023-01081,2023-04-18,,,,Perdido,0,2023,2023-04,Ricardo Aragão,Bom Viver Planos,Operadora não verticalizada,RN,Cateter para angioplastia,Cardiologia,143398,0,143398,Preço acima do concorrente,E1 Cotacao,0,0,0,0,0,0,0,0
FH-2023-01114,2023-04-18,2023-04-28,2023-05-19,2023-08-05,Perdido,0,2023,2023-05,Joana Rios,Hospital Prazeres,Hospital privado,PE,Malha e tela cirúrgica,Cirurgia geral,9287,0,9287,Glosa não recuperada,E4 Faturamento,19,0,19,10,78,0,0,0
FH-2023-00890,2023-04-20,2023-05-08,2023-05-14,2023-07-13,Ganho,1,2023,2023-05,Tatiana Coelho,Hospital Graças,Hospital privado,PE,Implante de quadril,Ortopedia,326905,326905,0,,,27,87,114,18,60,7590,3570,4020
FH-2023-01290,2023-04-20,2023-04-29,2023-05-07,2023-06-23,Ganho,1,2023,2023-05,Marcelo Bastos,Saúde Atlântico,Operadora não verticalizada,AL,Material para artroscopia,Ortopedia,52952,52952,0,,,30,135,165,9,47,5897,4422,1475
FH-2023-00821,2023-04-21,2023-05-02,2023-05-18,2023-06-30,Ganho,1,2023,2023-05,Tatiana Coelho,Hospital Cabo Branco,Hospital privado,PE,Stent farmacológico,Cardiologia,197288,197288,0,,,26,111,137,11,43,10169,3036,7133
FH-2023-00832,2023-04-22,2023-05-11,2023-05-14,2023-06-07,Ganho,1,2023,2023-05,Diego Fontes,NordMed Saúde,Operadora verticalizada,AL,Placas e parafusos,Ortopedia,111651,111651,0,,,45,154,199,19,24,9291,6419,2872
FH-2023-00911,2023-04-22,,,,Perdido,0,2023,2023-04,Luciana Prado,Hospital Monte Sinai,Hospital privado,PE,Malha e tela cirúrgica,Cirurgia geral,109060,0,109060,Cotação respondida fora do prazo,E1 Cotacao,0,0,0,0,0,0,0,0
FH-2023-01061,2023-04-22,2023-05-03,2023-05-23,2023-08-07,Ganho,1,2023,2023-05,Ricardo Aragão,Clinipar Integrada,Operadora verticalizada,PE,Cateter para angioplastia,Cardiologia,688166,688166,0,,,63,164,227,11,76,87326,51967,35359
FH-2023-01118,2023-04-22,,,,Perdido,0,2023,2023-04,Marcelo Bastos,Vitalis Rede Integrada,Operadora verticalizada,PE,Cateter para angioplastia,Cardiologia,146145,0,146145,Produto indisponível em estoque,E1 Cotacao,0,0,0,0,0,0,0,0
FH-2023-01213,2023-04-22,,,,Perdido,0,2023,2023-04,Cíntia Barbosa,Hospital Geral de Mossoró,Hospital público,RN,Marcapasso,Cardiologia,86916,0,86916,Cotação respondida fora do prazo,E1 Cotacao,0,0,0,0,0,0,0,0
FH-2023-00880,2023-04-23,,,,Perdido,0,2023,2023-04,Márcia Duarte,Bem-Estar Saúde,Operadora verticalizada,PE,Cateter para angioplastia,Cardiologia,102874,0,102874,Preço acima do concorrente,E1 Cotacao,0,0,0,0,0,0,0,0
FH-2023-00907,2023-04-25,2023-05-06,2023-05-20,2023-08-08,Ganho,1,2023,2023-05,Luciana Prado,Clinipar Integrada,Operadora verticalizada,PE,Haste intramedular,Ortopedia,60797,60797,0,,,34,117,151,11,80,3632,2286,1346
FH-2023-01153,2023-04-25,2023-05-06,2023-05-14,2023-07-03,Ganho,1,2023,2023-05,Ricardo Aragão,Saúde Atlântico,Operadora não verticalizada,AL,Material para artroscopia,Ortopedia,86831,86831,0,,,56,149,205,11,50,11816,3656,8160
FH-2023-00957,2023-04-27,2023-05-08,2023-05-15,2023-07-16,Ganho,1,2023,2023-05,Marcelo Bastos,Vitalis Rede Integrada,Operadora verticalizada,PE,Placas e parafusos,Ortopedia,64947,64947,0,,,45,127,172,11,62,3546,1335,2211
FH-2023-01003,2023-04-27,2023-05-20,2023-05-23,2023-08-25,Ganho,1,2023,2023-05,Marcelo Bastos,Saúde Atlântico,Operadora não verticalizada,AL,Introdutor e guia,Cardiologia,279118,279118,0,,,47,119,166,23,94,27097,13267,13830
FH-2023-01235,2023-04-27,2023-05-04,2023-05-15,2023-07-08,Perdido,0,2023,2023-05,Marcelo Bastos,Hospital Casa Amarela,Hospital privado,PE,Material para artroscopia,Ortopedia,190122,0,190122,Inadimplência do cliente,E4 Faturamento,41,0,41,7,54,0,0,0
FH-2023-01155,2023-05-01,2023-05-04,2023-05-19,2023-06-16,Ganho,1,2023,2023-05,Joana Rios,Bom Viver Planos,Operadora não verticalizada,RN,Grampeador cirúrgico,Cirurgia geral,23043,23043,0,,,13,85,98,3,28,965,472,493
FH-2023-00986,2023-05-02,2023-05-27,2023-06-12,2023-09-06,Ganho,1,2023,2023-06,Tatiana Coelho,Hospital Municipal de Jaboatão,Hospital público,PE,Haste intramedular,Ortopedia,43501,43501,0,,,12,94,106,25,86,2230,1023,1207
FH-2023-01004,2023-05-02,2023-05-11,2023-05-22,2023-06-15,Ganho,1,2023,2023-05,Diego Fontes,Bom Viver Planos,Operadora não verticalizada,RN,Marcapasso,Cardiologia,160200,160200,0,,,43,156,199,9,24,9307,4120,5187
FH-2023-01187,2023-05-02,2023-05-23,2023-05-30,2023-07-01,Ganho,1,2023,2023-05,Rogério Lins,Hospital Municipal de Olinda,Hospital público,AL,Stent farmacológico,Cardiologia,47949,47949,0,,,26,113,139,21,32,2444,1789,655
FH-2023-01010,2023-05-03,2023-05-27,2023-06-14,2023-08-05,Ganho,1,2023,2023-06,Ricardo Aragão,Clinipar Integrada,Operadora verticalizada,PE,Haste intramedular,Ortopedia,158307,158307,0,,,67,143,210,24,52,15417,5091,10326
FH-2023-01109,2023-05-03,2023-05-15,2023-05-19,2023-08-23,Perdido,0,2023,2023-05,Joana Rios,Clínica Vida Nova,Hospital privado,PE,Grampeador cirúrgico,Cirurgia geral,22476,0,22476,Glosa não recuperada,E4 Faturamento,17,0,17,12,96,0,0,0
FH-2023-00968,2023-05-04,,,,Perdido,0,2023,2023-05,Tatiana Coelho,Bom Viver Planos,Operadora não verticalizada,RN,Haste intramedular,Ortopedia,62413,0,62413,Cliente com fornecedor exclusivo,E1 Cotacao,0,0,0,0,0,0,0,0
FH-2023-00983,2023-05-05,2023-05-18,2023-05-23,2023-06-16,Ganho,1,2023,2023-05,Joana Rios,Hospital Tamandaré,Hospital privado,RN,Grampeador cirúrgico,Cirurgia geral,30320,30320,0,,,12,71,83,13,24,841,240,601
FH-2023-00877,2023-05-06,,,,Perdido,0,2023,2023-05,Marcelo Bastos,Saúde Atlântico,Operadora não verticalizada,AL,Stent farmacológico,Cardiologia,213732,0,213732,Produto indisponível em estoque,E1 Cotacao,0,0,0,0,0,0,0,0
FH-2023-00972,2023-05-06,2023-05-21,2023-06-10,2023-09-12,Ganho,1,2023,2023-06,Márcia Duarte,Hospital Piedade,Hospital privado,RN,Material para artroscopia,Ortopedia,150202,150202,0,,,42,116,158,15,94,13115,8821,4294
FH-2023-01173,2023-05-06,,,,Perdido,0,2023,2023-05,Diego Fontes,NordMed Saúde,Operadora verticalizada,AL,Haste intramedular,Ortopedia,78054,0,78054,Produto indisponível em estoque,E1 Cotacao,0,0,0,0,0,0,0,0
FH-2023-00935,2023-05-07,2023-05-19,2023-06-01,2023-08-01,Ganho,1,2023,2023-06,Luciana Prado,Bom Viver Planos,Operadora não verticalizada,RN,Placas e parafusos,Ortopedia,44726,44726,0,,,22,128,150,12,61,2924,1856,1068
FH-2023-01012,2023-05-07,2023-05-14,2023-05-18,2023-06-07,Ganho,1,2023,2023-05,Rogério Lins,Bem-Estar Saúde,Operadora verticalizada,PE,Stent farmacológico,Cardiologia,64826,64826,0,,,43,134,177,7,20,4672,1794,2878
FH-2023-01149,2023-05-08,,,,Perdido,0,2023,2023-05,Diego Fontes,Bom Viver Planos,Operadora não verticalizada,RN,Malha e tela cirúrgica,Cirurgia geral,70111,0,70111,Cliente com fornecedor exclusivo,E1 Cotacao,0,0,0,0,0,0,0,0
FH-2023-01247,2023-05-08,2023-05-19,2023-06-04,2023-08-07,Ganho,1,2023,2023-06,Rogério Lins,Hospital São Fidélis,Hospital privado,PE,Haste intramedular,Ortopedia,30673,30673,0,,,49,140,189,11,64,3082,793,2289
FH-2023-01262,2023-05-08,2023-06-03,,,Perdido,0,2023,2023-05,Luciana Prado,Bem-Estar Saúde,Operadora verticalizada,PE,Material para artroscopia,Ortopedia,106586,0,106586,Procedimento não autorizado pelo pagador,E2 Autorizacao,0,0,0,26,0,0,0,0
FH-2023-00903,2023-05-09,2023-05-28,2023-06-14,2023-08-03,Ganho,1,2023,2023-06,Márcia Duarte,Hospital Piedade,Hospital privado,RN,Placas e parafusos,Ortopedia,98464,98464,0,,,38,136,174,19,50,4408,1567,2841
FH-2023-01008,2023-05-09,2023-05-22,2023-05-30,2023-08-08,Ganho,1,2023,2023-05,Joana Rios,Bem-Estar Saúde,Operadora verticalizada,PE,Haste intramedular,Ortopedia,50898,50898,0,,,16,84,100,13,70,1719,981,738
FH-2023-01028,2023-05-11,,,,Perdido,0,2023,2023-05,Cíntia Barbosa,Hospital Municipal de Olinda,Hospital público,AL,Haste intramedular,Ortopedia,201768,0,201768,Preço acima do concorrente,E1 Cotacao,0,0,0,0,0,0,0,0
FH-2023-01229,2023-05-11,,,,Perdido,0,2023,2023-05,Marcelo Bastos,Centro Cirúrgico Casa Forte,Hospital privado,PE,Kit de consumo cirúrgico,Cirurgia geral,140583,0,140583,Preço acima do concorrente,E1 Cotacao,0,0,0,0,0,0,0,0
FH-2023-01013,2023-05-12,,,,Perdido,0,2023,2023-05,Marcelo Bastos,NordMed Saúde,Operadora verticalizada,AL,Implante de quadril,Ortopedia,144334,0,144334,Cliente com fornecedor exclusivo,E1 Cotacao,0,0,0,0,0,0,0,0
FH-2023-01171,2023-05-13,,,,Perdido,0,2023,2023-05,Tatiana Coelho,Vitalis Rede Integrada,Operadora verticalizada,PE,Implante de joelho,Ortopedia,76106,0,76106,Produto indisponível em estoque,E1 Cotacao,0,0,0,0,0,0,0,0
FH-2023-00985,2023-05-14,2023-05-24,2023-06-01,2023-07-19,Ganho,1,2023,2023-06,Ricardo Aragão,Bom Viver Planos,Operadora não verticalizada,RN,Implante de quadril,Ortopedia,140314,140314,0,,,53,139,192,10,48,16083,11967,4116
FH-2023-01285,2023-05-14,2023-05-22,2023-05-26,2023-08-25,Ganho,1,2023,2023-05,Tatiana Coelho,Centro Cirúrgico Casa Forte,Hospital privado,PE,Haste intramedular,Ortopedia,82791,82791,0,,,29,99,128,8,91,3433,1301,2132
FH-2023-01198,2023-05-15,2023-05-30,2023-06-07,2023-09-09,Ganho,1,2023,2023-06,Cíntia Barbosa,Hospital Geral de Mossoró,Hospital público,RN,Introdutor e guia,Cardiologia,136547,136547,0,,,32,124,156,15,94,7153,5013,2140
FH-2023-00852,2023-05-16,2023-06-03,2023-06-20,2023-07-30,Ganho,1,2023,2023-06,Tatiana Coelho,Hospital Municipal de Paulista,Hospital público,PE,Material para artroscopia,Ortopedia,49155,49155,0,,,27,82,109,18,40,2124,1568,556
FH-2023-00899,2023-05-16,,,,Perdido,0,2023,2023-05,Marcelo Bastos,Vitalis Rede Integrada,Operadora verticalizada,PE,Cateter para angioplastia,Cardiologia,266350,0,266350,Preço acima do concorrente,E1 Cotacao,0,0,0,0,0,0,0,0
FH-2023-00936,2023-05-16,,,,Perdido,0,2023,2023-05,Cíntia Barbosa,Clínica Ortopédica Boa Viagem,Hospital privado,PE,Placas e parafusos,Ortopedia,307925,0,307925,Preço acima do concorrente,E1 Cotacao,0,0,0,0,0,0,0,0
FH-2023-00958,2023-05-16,2023-05-28,,,Perdido,0,2023,2023-05,Ricardo Aragão,NordMed Saúde,Operadora verticalizada,AL,Haste intramedular,Ortopedia,370908,0,370908,Cirurgia cancelada,E2 Autorizacao,0,0,0,12,0,0,0,0
FH-2023-01163,2023-05-16,2023-05-21,2023-05-23,2023-07-29,Ganho,1,2023,2023-05,Ricardo Aragão,Vitalis Rede Integrada,Operadora verticalizada,PE,Marcapasso,Cardiologia,186947,186947,0,,,66,163,229,5,67,20084,7728,12356
FH-2023-00859,2023-05-17,2023-05-23,2023-06-08,2023-09-09,Ganho,1,2023,2023-06,Paulo Menezes,NordMed Saúde,Operadora verticalizada,AL,Kit de consumo cirúrgico,Cirurgia geral,17094,17094,0,,,41,122,163,6,93,1054,686,368
FH-2023-01168,2023-05-17,2023-06-09,,,Perdido,0,2023,2023-05,Ricardo Aragão,NordMed Saúde,Operadora verticalizada,AL,Haste intramedular,Ortopedia,274229,0,274229,Autorização expirou,E2 Autorizacao,0,0,0,23,0,0,0,0
FH-2023-01180,2023-05-17,,,,Perdido,0,2023,2023-05,Márcia Duarte,Vitalis Rede Integrada,Operadora verticalizada,PE,Implante de quadril,Ortopedia,126094,0,126094,Preço acima do concorrente,E1 Cotacao,0,0,0,0,0,0,0,0
FH-2023-01267,2023-05-17,2023-06-04,2023-06-25,2023-08-17,Ganho,1,2023,2023-06,Diego Fontes,Bem-Estar Saúde,Operadora verticalizada,PE,Stent farmacológico,Cardiologia,54974,54974,0,,,43,132,175,18,53,5996,3481,2515
FH-2023-01080,2023-05-18,2023-05-22,2023-05-30,2023-06-30,Ganho,1,2023,2023-05,Luciana Prado,Hospital Areia Preta,Hospital privado,AL,Implante de joelho,Ortopedia,48843,48843,0,,,35,107,142,4,31,4196,1902,2294
FH-2023-01088,2023-05-18,2023-06-04,,,Perdido,0,2023,2023-05,Ivan Peixoto,NordMed Saúde,Operadora verticalizada,AL,Material para artroscopia,Ortopedia,148491,0,148491,Procedimento não autorizado pelo pagador,E2 Autorizacao,0,0,0,17,0,0,0,0
FH-2023-01113,2023-05-18,2023-06-08,2023-06-11,2023-08-23,Ganho,1,2023,2023-06,Paulo Menezes,Hospital Universitário de João Pessoa,Hospital público,PE,Malha e tela cirúrgica,Cirurgia geral,77146,77146,0,,,42,126,168,21,73,5977,3394,2583
FH-2023-01156,2023-05-18,2023-05-26,2023-06-09,2023-07-20,Ganho,1,2023,2023-06,Ivan Peixoto,NordMed Saúde,Operadora verticalizada,AL,Introdutor e guia,Cardiologia,157522,157522,0,,,50,160,210,8,41,12619,6779,5840
FH-2023-00920,2023-05-21,,,,Perdido,0,2023,2023-05,Cíntia Barbosa,Hospital Municipal de Paulista,Hospital público,PE,Placas e parafusos,Ortopedia,113626,0,113626,Cotação respondida fora do prazo,E1 Cotacao,0,0,0,0,0,0,0,0
FH-2023-00871,2023-05-26,2023-06-06,2023-06-12,2023-08-01,Ganho,1,2023,2023-06,Cíntia Barbosa,Prever Saúde,Operadora não verticalizada,PE,Material para artroscopia,Ortopedia,36188,36188,0,,,18,132,150,11,50,1594,652,942
FH-2023-01188,2023-05-26,,,,Perdido,0,2023,2023-05,Luciana Prado,Hospital Municipal do Cabo,Hospital público,PE,Implante de joelho,Ortopedia,146463,0,146463,Preço acima do concorrente,E1 Cotacao,0,0,0,0,0,0,0,0
FH-2023-00944,2023-05-27,2023-06-05,2023-06-24,2023-09-16,Ganho,1,2023,2023-06,Marcelo Bastos,Hospital Jardim Atlântico,Hospital privado,PE,Implante de quadril,Ortopedia,21752,21752,0,,,35,131,166,9,84,1637,1203,434
FH-2023-00970,2023-05-27,2023-06-01,2023-06-08,2023-08-13,Ganho,1,2023,2023-06,Ricardo Aragão,Saúde Atlântico,Operadora não verticalizada,AL,Grampeador cirúrgico,Cirurgia geral,51282,51282,0,,,57,174,231,5,66,5382,3529,1853
FH-2023-01258,2023-05-27,,,,Perdido,0,2023,2023-05,Diego Fontes,Bom Viver Planos,Operadora não verticalizada,RN,Implante de joelho,Ortopedia,209556,0,209556,Cliente com fornecedor exclusivo,E1 Cotacao,0,0,0,0,0,0,0,0
FH-2023-00868,2023-05-28,,,,Perdido,0,2023,2023-05,Ricardo Aragão,Vitalis Rede Integrada,Operadora verticalizada,PE,Kit de consumo cirúrgico,Cirurgia geral,60262,0,60262,Preço acima do concorrente,E1 Cotacao,0,0,0,0,0,0,0,0
FH-2023-00967,2023-05-28,2023-06-08,2023-06-10,2023-09-14,Ganho,1,2023,2023-06,Joana Rios,Hospital Nossa Senhora do Carmo,Hospital privado,PE,Marcapasso,Cardiologia,169684,169684,0,,,10,84,94,11,96,5757,2971,2786
FH-2023-00976,2023-05-28,,,,Perdido,0,2023,2023-05,Rogério Lins,Hospital Costa Verde,Hospital privado,RN,Malha e tela cirúrgica,Cirurgia geral,39716,0,39716,Produto indisponível em estoque,E1 Cotacao,0,0,0,0,0,0,0,0
FH-2023-01138,2023-06-01,,,,Perdido,0,2023,2023-06,Marcelo Bastos,Hospital Ponta Negra,Hospital privado,PE,Placas e parafusos,Ortopedia,20553,0,20553,Preço acima do concorrente,E1 Cotacao,0,0,0,0,0,0,0,0
FH-2023-01223,2023-06-01,,,,Perdido,0,2023,2023-06,Ivan Peixoto,Instituto Ortopédico Caruaru,Hospital privado,PE,Malha e tela cirúrgica,Cirurgia geral,50146,0,50146,Preço acima do concorrente,E1 Cotacao,0,0,0,0,0,0,0,0
FH-2023-01098,2023-06-03,,,,Perdido,0,2023,2023-06,Tatiana Coelho,Hospital Setúbal,Hospital privado,RN,Placas e parafusos,Ortopedia,51371,0,51371,Preço acima do concorrente,E1 Cotacao,0,0,0,0,0,0,0,0
FH-2023-01243,2023-06-03,,,,Perdido,0,2023,2023-06,Rogério Lins,Vitalis Rede Integrada,Operadora verticalizada,PE,Grampeador cirúrgico,Cirurgia geral,87271,0,87271,Preço acima do concorrente,E1 Cotacao,0,0,0,0,0,0,0,0
FH-2023-01259,2023-06-03,2023-06-12,2023-06-21,2023-07-25,Ganho,1,2023,2023-06,Ricardo Aragão,NordMed Saúde,Operadora verticalizada,AL,Marcapasso,Cardiologia,195932,195932,0,,,78,175,253,9,34,30614,11819,18795
FH-2023-01005,2023-06-04,2023-06-07,,,Perdido,0,2023,2023-06,Diego Fontes,Bom Viver Planos,Operadora não verticalizada,RN,Grampeador cirúrgico,Cirurgia geral,16182,0,16182,Cirurgia cancelada,E2 Autorizacao,0,0,0,3,0,0,0,0
FH-2023-01050,2023-06-04,2023-06-10,2023-06-15,2023-07-29,Perdido,0,2023,2023-06,Ricardo Aragão,NordMed Saúde,Operadora verticalizada,AL,Grampeador cirúrgico,Cirurgia geral,474350,0,474350,Glosa não recuperada,E4 Faturamento,64,0,64,6,44,0,0,0
FH-2023-00820,2023-06-05,2023-06-16,2023-06-26,2023-09-14,Ganho,1,2023,2023-06,Luciana Prado,Hospital Jardim Atlântico,Hospital privado,PE,Implante de quadril,Ortopedia,67525,67525,0,,,26,105,131,11,80,3214,1618,1596
FH-2023-01043,2023-06-05,2023-06-22,2023-07-11,2023-08-17,Ganho,1,2023,2023-07,Luciana Prado,Clinipar Integrada,Operadora verticalizada,PE,Stent farmacológico,Cardiologia,180576,180576,0,,,44,102,146,17,37,14904,10402,4502
FH-2023-01240,2023-06-05,2023-06-09,2023-06-17,2023-07-21,Perdido,0,2023,2023-06,Luciana Prado,Clínica Ortopédica Boa Viagem,Hospital privado,PE,Implante de joelho,Ortopedia,46880,0,46880,Glosa não recuperada,E4 Faturamento,24,0,24,4,34,0,0,0
FH-2023-01252,2023-06-05,2023-06-20,2023-06-23,2023-09-01,Perdido,0,2023,2023-06,Joana Rios,Hospital Ponta Negra,Hospital privado,PE,Kit de consumo cirúrgico,Cirurgia geral,62567,0,62567,Nota fiscal não autorizada pelo hospital,E4 Faturamento,20,0,20,15,70,0,0,0
FH-2023-01254,2023-06-05,2023-06-20,2023-06-25,2023-08-26,Ganho,1,2023,2023-06,Luciana Prado,Hospital Geral de Mossoró,Hospital público,RN,Haste intramedular,Ortopedia,46964,46964,0,,,32,118,150,15,62,1846,1095,751
FH-2023-00998,2023-06-06,2023-06-27,2023-07-03,2023-08-19,Ganho,1,2023,2023-07,Ivan Peixoto,Clinipar Integrada,Operadora verticalizada,PE,Implante de quadril,Ortopedia,281919,281919,0,,,44,169,213,21,47,31705,15856,15849
FH-2023-00931,2023-06-09,2023-06-29,2023-07-05,2023-09-02,Ganho,1,2023,2023-07,Marcelo Bastos,NordMed Saúde,Operadora verticalizada,AL,Material para artroscopia,Ortopedia,62664,62664,0,,,40,124,164,20,59,5806,1870,3936
FH-2023-01269,2023-06-09,,,,Perdido,0,2023,2023-06,Joana Rios,Hospital Ponta Negra,Hospital privado,PE,Implante de quadril,Ortopedia,11751,0,11751,Cliente com fornecedor exclusivo,E1 Cotacao,0,0,0,0,0,0,0,0
FH-2023-01084,2023-06-10,2023-07-04,2023-07-06,2023-08-23,Ganho,1,2023,2023-07,Luciana Prado,Vitalis Rede Integrada,Operadora verticalizada,PE,Implante de quadril,Ortopedia,146373,146373,0,,,33,114,147,24,48,10833,7105,3728
FH-2023-00875,2023-06-11,2023-06-21,2023-07-04,2023-10-05,Ganho,1,2023,2023-07,Diego Fontes,Bem-Estar Saúde,Operadora verticalizada,PE,Material para artroscopia,Ortopedia,137197,137197,0,,,49,130,179,10,93,17610,11413,6197
FH-2023-00855,2023-06-14,2023-06-17,2023-07-03,2023-09-07,Ganho,1,2023,2023-07,Paulo Menezes,Clínica Cirúrgica Derby,Hospital privado,PB,Implante de quadril,Ortopedia,56675,56675,0,,,42,123,165,3,66,2996,886,2110
FH-2023-00915,2023-06-14,,,,Perdido,0,2023,2023-06,Marcelo Bastos,Hospital Costa Verde,Hospital privado,RN,Material para artroscopia,Ortopedia,83879,0,83879,Preço acima do concorrente,E1 Cotacao,0,0,0,0,0,0,0,0
FH-2023-00921,2023-06-14,2023-06-17,2023-07-07,2023-08-22,Ganho,1,2023,2023-07,Ricardo Aragão,Clinipar Integrada,Operadora verticalizada,PE,Grampeador cirúrgico,Cirurgia geral,426842,426842,0,,,69,175,244,3,46,39189,17961,21228
FH-2023-01059,2023-06-14,2023-07-09,2023-07-29,2023-10-29,Ganho,1,2023,2023-07,Marcelo Bastos,Hospital Municipal do Cabo,Hospital público,PE,Placas e parafusos,Ortopedia,70965,70965,0,,,56,130,186,25,92,3516,2480,1036
FH-2023-01161,2023-06-14,2023-07-09,2023-07-22,2023-09-10,Ganho,1,2023,2023-07,Tatiana Coelho,Clinipar Integrada,Operadora verticalizada,PE,Implante de quadril,Ortopedia,25359,25359,0,,,22,86,108,25,50,1354,986,368
FH-2023-01094,2023-06-15,2023-07-01,2023-07-21,2023-09-30,Ganho,1,2023,2023-07,Luciana Prado,Saúde Atlântico,Operadora não verticalizada,AL,Implante de quadril,Ortopedia,90935,90935,0,,,44,129,173,16,71,3237,1545,1692
FH-2023-01145,2023-06-16,2023-06-23,2023-07-02,2023-08-18,Ganho,1,2023,2023-07,Rogério Lins,Hospital Tamandaré,Hospital privado,RN,Introdutor e guia,Cardiologia,54262,54262,0,,,48,129,177,7,47,4499,1566,2933
FH-2023-01051,2023-06-17,2023-06-24,2023-06-28,2023-08-10,Ganho,1,2023,2023-06,Ricardo Aragão,Vitalis Rede Integrada,Operadora verticalizada,PE,Cateter para angioplastia,Cardiologia,121770,121770,0,,,51,177,228,7,43,13834,5372,8462
FH-2023-00952,2023-06-18,2023-06-29,,,Perdido,0,2023,2023-06,Rogério Lins,NordMed Saúde,Operadora verticalizada,AL,Placas e parafusos,Ortopedia,144257,0,144257,Procedimento não autorizado pelo pagador,E2 Autorizacao,0,0,0,11,0,0,0,0
FH-2023-01160,2023-06-19,2023-07-12,2023-08-01,2023-09-23,Ganho,1,2023,2023-08,Tatiana Coelho,Centro Cirúrgico Casa Forte,Hospital privado,PE,Stent farmacológico,Cardiologia,130113,130113,0,,,25,111,136,23,53,4132,2255,1877
FH-2023-00841,2023-06-20,2023-06-24,2023-07-11,,Perdido,0,2023,2023-07,Paulo Menezes,NordMed Saúde,Operadora verticalizada,AL,Stent farmacológico,Cardiologia,83085,0,83085,Troca de fornecedor em sala,E3 Cirurgia,25,0,25,4,0,0,0,0
FH-2023-01287,2023-06-20,2023-07-14,2023-07-26,2023-09-11,Ganho,1,2023,2023-07,Luciana Prado,Bem-Estar Saúde,Operadora verticalizada,PE,Marcapasso,Cardiologia,172419,172419,0,,,35,100,135,24,47,11485,2892,8593
FH-2023-00971,2023-06-21,2023-07-06,2023-07-14,2023-09-26,Ganho,1,2023,2023-07,Ricardo Aragão,Bom Viver Planos,Operadora não verticalizada,RN,Implante de quadril,Ortopedia,73523,73523,0,,,47,173,220,15,74,6073,2108,3965
FH-2023-01030,2023-06-22,,,,Perdido,0,2023,2023-06,Cíntia Barbosa,Hospital Municipal de Garanhuns,Hospital público,PE,Haste intramedular,Ortopedia,46840,0,46840,Preço acima do concorrente,E1 Cotacao,0,0,0,0,0,0,0,0
FH-2023-01159,2023-06-22,2023-07-09,2023-07-24,2023-09-18,Perdido,0,2023,2023-07,Ricardo Aragão,Vitalis Rede Integrada,Operadora verticalizada,PE,Material para artroscopia,Ortopedia,465638,0,465638,Divergência na folha de sala,E4 Faturamento,75,0,75,17,56,0,0,0
FH-2023-01194,2023-06-22,2023-07-06,2023-07-26,2023-10-07,Perdido,0,2023,2023-07,Joana Rios,Hospital Casa Amarela,Hospital privado,PE,Stent farmacológico,Cardiologia,259951,0,259951,Nota fiscal não autorizada pelo hospital,E4 Faturamento,17,0,17,14,73,0,0,0
FH-2023-00923,2023-06-24,2023-07-11,2023-07-16,2023-10-07,Ganho,1,2023,2023-07,Luciana Prado,Hospital Municipal de Jaboatão,Hospital público,PE,Placas e parafusos,Ortopedia,442859,442859,0,,,27,124,151,17,83,24187,13648,10539
FH-2023-01031,2023-06-24,2023-06-30,2023-07-09,2023-10-04,Perdido,0,2023,2023-07,Luciana Prado,Hospital Ponta Negra,Hospital privado,PE,Introdutor e guia,Cardiologia,83064,0,83064,Inadimplência do cliente,E4 Faturamento,23,0,23,6,87,0,0,0
FH-2023-01214,2023-06-24,,,,Perdido,0,2023,2023-06,Márcia Duarte,Clínica Vida Nova,Hospital privado,PE,Grampeador cirúrgico,Cirurgia geral,38313,0,38313,Preço acima do concorrente,E1 Cotacao,0,0,0,0,0,0,0,0
FH-2023-01179,2023-06-25,2023-07-20,2023-07-31,2023-11-02,Ganho,1,2023,2023-07,Tatiana Coelho,Bem-Estar Saúde,Operadora verticalizada,PE,Malha e tela cirúrgica,Cirurgia geral,60295,60295,0,,,16,110,126,25,94,2321,1523,798
FH-2023-01029,2023-06-26,2023-06-30,2023-07-17,2023-09-01,Ganho,1,2023,2023-07,Diego Fontes,Bem-Estar Saúde,Operadora verticalizada,PE,Implante de joelho,Ortopedia,42502,42502,0,,,61,152,213,4,46,3882,2853,1029
FH-2023-01116,2023-06-27,2023-07-21,2023-08-02,2023-09-15,Ganho,1,2023,2023-08,Diego Fontes,Clinipar Integrada,Operadora verticalizada,PE,Implante de joelho,Ortopedia,255435,255435,0,,,54,153,207,24,44,28078,7911,20167
FH-2023-01276,2023-06-27,2023-07-01,2023-07-17,2023-08-21,Ganho,1,2023,2023-07,Rogério Lins,Bem-Estar Saúde,Operadora verticalizada,PE,Implante de joelho,Ortopedia,370144,370144,0,,,41,131,172,4,35,25395,14299,11096
FH-2023-01115,2023-06-28,,,,Perdido,0,2023,2023-06,Paulo Menezes,Clínica Vida Nova,Hospital privado,PE,Cateter para angioplastia,Cardiologia,122094,0,122094,Preço acima do concorrente,E1 Cotacao,0,0,0,0,0,0,0,0
FH-2023-01152,2023-07-01,,,,Perdido,0,2023,2023-07,Diego Fontes,Bom Viver Planos,Operadora não verticalizada,RN,Implante de joelho,Ortopedia,165716,0,165716,Produto indisponível em estoque,E1 Cotacao,0,0,0,0,0,0,0,0
FH-2023-01222,2023-07-01,,,,Perdido,0,2023,2023-07,Márcia Duarte,Hospital Municipal de Jaboatão,Hospital público,PE,Introdutor e guia,Cardiologia,629510,0,629510,Preço acima do concorrente,E1 Cotacao,0,0,0,0,0,0,0,0
FH-2023-00953,2023-07-02,,,,Perdido,0,2023,2023-07,Ricardo Aragão,Vitalis Rede Integrada,Operadora verticalizada,PE,Placas e parafusos,Ortopedia,82540,0,82540,Produto indisponível em estoque,E1 Cotacao,0,0,0,0,0,0,0,0
FH-2023-01245,2023-07-02,2023-07-28,2023-08-04,2023-09-23,Ganho,1,2023,2023-08,Ivan Peixoto,Bem-Estar Saúde,Operadora verticalizada,PE,Haste intramedular,Ortopedia,559362,559362,0,,,55,160,215,26,50,56088,21700,34388
FH-2023-00922,2023-07-03,,,,Perdido,0,2023,2023-07,Paulo Menezes,NordMed Saúde,Operadora verticalizada,AL,Kit de consumo cirúrgico,Cirurgia geral,104004,0,104004,Cliente com fornecedor exclusivo,E1 Cotacao,0,0,0,0,0,0,0,0
FH-2023-01089,2023-07-03,2023-07-24,2023-07-31,2023-10-14,Ganho,1,2023,2023-07,Márcia Duarte,Bom Viver Planos,Operadora não verticalizada,RN,Placas e parafusos,Ortopedia,613294,613294,0,,,39,105,144,21,75,35394,11794,23600
FH-2023-01026,2023-07-04,,,,Perdido,0,2023,2023-07,Ivan Peixoto,Clinipar Integrada,Operadora verticalizada,PE,Material para artroscopia,Ortopedia,128999,0,128999,Cotação respondida fora do prazo,E1 Cotacao,0,0,0,0,0,0,0,0
FH-2023-00901,2023-07-05,2023-07-24,2023-07-30,2023-09-01,Perdido,0,2023,2023-07,Marcelo Bastos,NordMed Saúde,Operadora verticalizada,AL,Implante de joelho,Ortopedia,539272,0,539272,Inadimplência do cliente,E4 Faturamento,39,0,39,19,33,0,0,0
FH-2023-00959,2023-07-05,2023-07-13,2023-07-15,2023-09-05,Ganho,1,2023,2023-07,Tatiana Coelho,Hospital Vila Nova,Hospital privado,AL,Implante de joelho,Ortopedia,24597,24597,0,,,30,87,117,8,52,889,331,558
FH-2023-01057,2023-07-05,2023-07-31,2023-08-19,2023-11-12,Ganho,1,2023,2023-08,Ricardo Aragão,Bem-Estar Saúde,Operadora verticalizada,PE,Implante de joelho,Ortopedia,64062,64062,0,,,65,171,236,26,85,10401,4558,5843
FH-2023-01143,2023-07-05,2023-07-15,2023-07-23,2023-10-11,Perdido,0,2023,2023-07,Tatiana Coelho,Hospital Regional de Petrolina,Hospital público,PE,Placas e parafusos,Ortopedia,67113,0,67113,Inadimplência do cliente,E4 Faturamento,28,0,28,10,80,0,0,0
FH-2023-01047,2023-07-07,2023-07-17,2023-07-20,2023-10-07,Perdido,0,2023,2023-07,Ricardo Aragão,Clinipar Integrada,Operadora verticalizada,PE,Implante de joelho,Ortopedia,349527,0,349527,Inadimplência do cliente,E4 Faturamento,46,0,46,10,79,0,0,0
FH-2023-01170,2023-07-07,2023-07-20,2023-08-09,2023-11-13,Ganho,1,2023,2023-08,Márcia Duarte,Vitalis Rede Integrada,Operadora verticalizada,PE,Implante de quadril,Ortopedia,111948,111948,0,,,47,140,187,13,96,7115,3104,4011
FH-2023-00870,2023-07-08,2023-08-03,2023-08-21,2023-11-17,Ganho,1,2023,2023-08,Paulo Menezes,Clínica Vida Nova,Hospital privado,PE,Placas e parafusos,Ortopedia,15219,15219,0,,,40,116,156,26,88,1258,754,504
FH-2023-01083,2023-07-08,2023-07-21,2023-07-27,2023-09-07,Ganho,1,2023,2023-07,Ricardo Aragão,Saúde Atlântico,Operadora não verticalizada,AL,Implante de joelho,Ortopedia,92726,92726,0,,,54,165,219,13,42,8856,5486,3370
FH-2023-01053,2023-07-09,2023-07-16,2023-07-28,2023-10-27,Ganho,1,2023,2023-07,Diego Fontes,Hospital Ponta Negra,Hospital privado,PE,Haste intramedular,Ortopedia,32548,32548,0,,,53,130,183,7,91,3871,2661,1210
FH-2023-01182,2023-07-09,2023-08-03,2023-08-23,2023-09-14,Ganho,1,2023,2023-08,Cíntia Barbosa,Hospital Municipal de Garanhuns,Hospital público,PE,Grampeador cirúrgico,Cirurgia geral,119842,119842,0,,,34,106,140,25,22,5177,3678,1499
FH-2023-00930,2023-07-11,2023-07-20,2023-08-01,2023-09-20,Ganho,1,2023,2023-08,Ivan Peixoto,Clinipar Integrada,Operadora verticalizada,PE,Implante de quadril,Ortopedia,257310,257310,0,,,56,167,223,9,50,33119,20666,12453
FH-2023-01069,2023-07-11,2023-07-21,2023-08-04,2023-11-05,Ganho,1,2023,2023-08,Tatiana Coelho,Hospital Vila Nova,Hospital privado,AL,Material para artroscopia,Ortopedia,52846,52846,0,,,20,88,108,10,93,2616,1204,1412
FH-2023-00848,2023-07-12,,,,Perdido,0,2023,2023-07,Cíntia Barbosa,Hospital Municipal de Paulista,Hospital público,PE,Implante de quadril,Ortopedia,81110,0,81110,Produto indisponível em estoque,E1 Cotacao,0,0,0,0,0,0,0,0
FH-2023-00960,2023-07-12,2023-07-29,2023-08-10,2023-10-13,Ganho,1,2023,2023-08,Diego Fontes,Hospital Regional de Campina Grande,Hospital público,PB,Cateter para angioplastia,Cardiologia,94987,94987,0,,,47,154,201,17,64,10915,3872,7043
FH-2023-01055,2023-07-12,2023-07-26,2023-08-04,,Perdido,0,2023,2023-08,Marcelo Bastos,Hospital Universitário de João Pessoa,Hospital público,PE,Material para artroscopia,Ortopedia,387274,0,387274,Troca de fornecedor em sala,E3 Cirurgia,32,0,32,14,0,0,0,0
FH-2023-01275,2023-07-13,,,,Perdido,0,2023,2023-07,Tatiana Coelho,Hospital Monte Sinai,Hospital privado,PE,Implante de joelho,Ortopedia,77236,0,77236,Cliente com fornecedor exclusivo,E1 Cotacao,0,0,0,0,0,0,0,0
FH-2023-00836,2023-07-14,,,,Perdido,0,2023,2023-07,Márcia Duarte,Bem-Estar Saúde,Operadora verticalizada,PE,Placas e parafusos,Ortopedia,99270,0,99270,Cliente com fornecedor exclusivo,E1 Cotacao,0,0,0,0,0,0,0,0
FH-2023-01001,2023-07-14,2023-07-23,2023-07-27,2023-10-27,Ganho,1,2023,2023-07,Joana Rios,Hospital Piedade,Hospital privado,RN,Kit de consumo cirúrgico,Cirurgia geral,25625,25625,0,,,16,91,107,9,92,828,350,478
FH-2023-01199,2023-07-15,,,,Perdido,0,2023,2023-07,Marcelo Bastos,Vitalis Rede Integrada,Operadora verticalizada,PE,Material para artroscopia,Ortopedia,125017,0,125017,Cotação respondida fora do prazo,E1 Cotacao,0,0,0,0,0,0,0,0
FH-2023-00989,2023-07-16,,,,Perdido,0,2023,2023-07,Diego Fontes,Vitalis Rede Integrada,Operadora verticalizada,PE,Implante de joelho,Ortopedia,67165,0,67165,Preço acima do concorrente,E1 Cotacao,0,0,0,0,0,0,0,0
FH-2023-01097,2023-07-16,2023-08-10,2023-08-27,2023-11-15,Ganho,1,2023,2023-08,Ricardo Aragão,Vitalis Rede Integrada,Operadora verticalizada,PE,Implante de quadril,Ortopedia,277434,277434,0,,,58,141,199,25,80,35358,15875,19483
FH-2023-00830,2023-07-17,2023-08-11,2023-08-18,2023-10-06,Ganho,1,2023,2023-08,Rogério Lins,Vitalis Rede Integrada,Operadora verticalizada,PE,Malha e tela cirúrgica,Cirurgia geral,104039,104039,0,,,51,116,167,25,49,7167,1803,5364
FH-2023-00981,2023-07-17,2023-07-21,2023-07-29,2023-08-25,Ganho,1,2023,2023-07,Rogério Lins,Bem-Estar Saúde,Operadora verticalizada,PE,Material para artroscopia,Ortopedia,89591,89591,0,,,41,125,166,4,27,5668,2539,3129
FH-2023-01112,2023-07-17,2023-07-31,2023-08-20,2023-11-19,Ganho,1,2023,2023-08,Paulo Menezes,Bem-Estar Saúde,Operadora verticalizada,PE,Stent farmacológico,Cardiologia,187175,187175,0,,,27,130,157,14,91,8998,4423,4575
FH-2023-01177,2023-07-17,,,,Perdido,0,2023,2023-07,Luciana Prado,Hospital Estadual de Arapiraca,Hospital público,PE,Implante de joelho,Ortopedia,176302,0,176302,Cliente com fornecedor exclusivo,E1 Cotacao,0,0,0,0,0,0,0,0
FH-2023-00860,2023-07-18,,,,Perdido,0,2023,2023-07,Marcelo Bastos,Clinipar Integrada,Operadora verticalizada,PE,Kit de consumo cirúrgico,Cirurgia geral,415217,0,415217,Cotação respondida fora do prazo,E1 Cotacao,0,0,0,0,0,0,0,0
FH-2023-00857,2023-07-19,2023-08-09,2023-08-22,2023-11-14,Ganho,1,2023,2023-08,Joana Rios,Hospital Vila Nova,Hospital privado,AL,Haste intramedular,Ortopedia,125148,125148,0,,,13,80,93,21,84,3455,979,2476
FH-2023-01016,2023-07-19,,,,Perdido,0,2023,2023-07,Diego Fontes,Prever Saúde,Operadora não verticalizada,PE,Haste intramedular,Ortopedia,83376,0,83376,Preço acima do concorrente,E1 Cotacao,0,0,0,0,0,0,0,0
FH-2023-01121,2023-07-19,2023-08-02,2023-08-09,2023-09-19,Perdido,0,2023,2023-08,Marcelo Bastos,Bom Viver Planos,Operadora não verticalizada,RN,Stent farmacológico,Cardiologia,106723,0,106723,Inadimplência do cliente,E4 Faturamento,30,0,30,14,41,0,0,0
FH-2023-00838,2023-07-20,2023-07-27,2023-08-02,,Perdido,0,2023,2023-08,Joana Rios,Hospital Casa Amarela,Hospital privado,PE,Haste intramedular,Ortopedia,51604,0,51604,Extravio intra-hospitalar,E3 Cirurgia,17,0,17,7,0,0,0,0
FH-2023-00879,2023-07-21,2023-08-03,2023-08-15,2023-09-26,Ganho,1,2023,2023-08,Tatiana Coelho,Clínica Vida Nova,Hospital privado,PE,Material para artroscopia,Ortopedia,7856,7856,0,,,30,88,118,13,42,261,105,156
FH-2023-00846,2023-07-22,2023-08-12,2023-08-21,2023-11-14,Ganho,1,2023,2023-08,Márcia Duarte,Prever Saúde,Operadora não verticalizada,PE,Malha e tela cirúrgica,Cirurgia geral,59350,59350,0,,,31,107,138,21,85,5916,3838,2078
FH-2023-00908,2023-07-23,,,,Perdido,0,2023,2023-07,Ricardo Aragão,Bom Viver Planos,Operadora não verticalizada,RN,Implante de joelho,Ortopedia,290915,0,290915,Produto indisponível em estoque,E1 Cotacao,0,0,0,0,0,0,0,0
FH-2023-00942,2023-07-23,2023-08-11,2023-08-31,2023-09-26,Ganho,1,2023,2023-08,Paulo Menezes,Clinipar Integrada,Operadora verticalizada,PE,Implante de joelho,Ortopedia,107821,107821,0,,,37,117,154,19,26,6872,5101,1771
FH-2023-00898,2023-07-24,2023-08-19,2023-09-08,2023-10-08,Ganho,1,2023,2023-09,Joana Rios,Bem-Estar Saúde,Operadora verticalizada,PE,Material para artroscopia,Ortopedia,136842,136842,0,,,19,72,91,26,30,3485,2475,1010
FH-2023-00954,2023-07-24,,,,Perdido,0,2023,2023-07,Diego Fontes,Bem-Estar Saúde,Operadora verticalizada,PE,Haste intramedular,Ortopedia,196839,0,196839,Produto indisponível em estoque,E1 Cotacao,0,0,0,0,0,0,0,0
FH-2023-00914,2023-07-25,2023-08-12,2023-09-02,2023-11-28,Ganho,1,2023,2023-09,Ricardo Aragão,Clinipar Integrada,Operadora verticalizada,PE,Implante de quadril,Ortopedia,280092,280092,0,,,70,166,236,18,87,23358,12700,10658
FH-2023-01044,2023-07-25,2023-08-06,2023-08-12,2023-11-02,Ganho,1,2023,2023-08,Ricardo Aragão,Clinipar Integrada,Operadora verticalizada,PE,Placas e parafusos,Ortopedia,183916,183916,0,,,57,141,198,12,82,18745,10798,7947
FH-2023-01278,2023-07-25,2023-08-08,2023-08-18,2023-09-08,Ganho,1,2023,2023-08,Diego Fontes,Prever Saúde,Operadora não verticalizada,PE,Implante de quadril,Ortopedia,178167,178167,0,,,35,140,175,14,21,19989,7908,12081
FH-2023-00948,2023-07-26,2023-08-17,2023-09-03,2023-10-29,Ganho,1,2023,2023-09,Ricardo Aragão,Vitalis Rede Integrada,Operadora verticalizada,PE,Implante de quadril,Ortopedia,149060,149060,0,,,56,144,200,22,56,20300,5173,15127
FH-2023-01128,2023-07-26,2023-08-14,2023-08-30,2023-10-28,Ganho,1,2023,2023-08,Rogério Lins,Saúde Atlântico,Operadora não verticalizada,AL,Haste intramedular,Ortopedia,83712,83712,0,,,29,124,153,19,59,5843,1859,3984
FH-2023-01251,2023-07-26,,,,Perdido,0,2023,2023-07,Ricardo Aragão,NordMed Saúde,Operadora verticalizada,AL,Introdutor e guia,Cardiologia,328208,0,328208,Preço acima do concorrente,E1 Cotacao,0,0,0,0,0,0,0,0
FH-2023-01268,2023-07-27,2023-08-19,2023-08-29,2023-10-24,Ganho,1,2023,2023-08,Tatiana Coelho,Hospital São Rafael de Olinda,Hospital privado,PE,Grampeador cirúrgico,Cirurgia geral,30303,30303,0,,,27,94,121,23,56,1516,791,725
FH-2023-00978,2023-07-28,2023-08-09,2023-08-13,2023-09-30,Ganho,1,2023,2023-08,Diego Fontes,NordMed Saúde,Operadora verticalizada,AL,Introdutor e guia,Cardiologia,381168,381168,0,,,37,149,186,12,48,24312,9472,14840
FH-2023-00874,2023-08-01,2023-08-23,2023-09-05,2023-11-21,Ganho,1,2023,2023-09,Cíntia Barbosa,Hospital Municipal do Cabo,Hospital público,PE,Haste intramedular,Ortopedia,174359,174359,0,,,16,111,127,22,77,9147,4806,4341
FH-2023-01117,2023-08-01,2023-08-12,2023-08-24,2023-10-05,Ganho,1,2023,2023-08,Ricardo Aragão,Bem-Estar Saúde,Operadora verticalizada,PE,Cateter para angioplastia,Cardiologia,77317,77317,0,,,53,145,198,11,42,6302,2566,3736
FH-2023-01014,2023-08-02,2023-08-07,2023-08-24,2023-10-24,Ganho,1,2023,2023-08,Marcelo Bastos,Hospital Areia Preta,Hospital privado,AL,Grampeador cirúrgico,Cirurgia geral,67863,67863,0,,,37,117,154,5,61,4614,1794,2820
FH-2023-00947,2023-08-03,2023-08-15,2023-09-02,2023-10-01,Ganho,1,2023,2023-09,Luciana Prado,Clinipar Integrada,Operadora verticalizada,PE,Malha e tela cirúrgica,Cirurgia geral,172836,172836,0,,,22,128,150,12,29,9627,4657,4970
FH-2023-01183,2023-08-03,,,,Perdido,0,2023,2023-08,Marcelo Bastos,Vitalis Rede Integrada,Operadora verticalizada,PE,Placas e parafusos,Ortopedia,231619,0,231619,Cliente com fornecedor exclusivo,E1 Cotacao,0,0,0,0,0,0,0,0
FH-2023-01221,2023-08-04,2023-08-18,2023-08-28,2023-10-20,Ganho,1,2023,2023-08,Rogério Lins,Vitalis Rede Integrada,Operadora verticalizada,PE,Kit de consumo cirúrgico,Cirurgia geral,25483,25483,0,,,49,115,164,14,53,2189,1272,917
FH-2023-01282,2023-08-04,2023-08-07,2023-08-22,2023-10-07,Ganho,1,2023,2023-08,Ricardo Aragão,Clinipar Integrada,Operadora verticalizada,PE,Implante de joelho,Ortopedia,537458,537458,0,,,64,147,211,3,46,64819,17374,47445
FH-2023-01197,2023-08-05,2023-08-19,2023-08-24,2023-11-19,Ganho,1,2023,2023-08,Diego Fontes,Bem-Estar Saúde,Operadora verticalizada,PE,Placas e parafusos,Ortopedia,245851,245851,0,,,59,146,205,14,87,17213,9306,7907
FH-2023-00917,2023-08-06,2023-08-24,2023-09-10,2023-12-04,Ganho,1,2023,2023-09,Luciana Prado,Clinipar Integrada,Operadora verticalizada,PE,Stent farmacológico,Cardiologia,434945,434945,0,,,21,110,131,18,85,18107,10178,7929
FH-2023-00833,2023-08-08,2023-08-28,2023-09-13,2023-11-28,Ganho,1,2023,2023-09,Tatiana Coelho,Hospital Jardim Atlântico,Hospital privado,PE,Kit de consumo cirúrgico,Cirurgia geral,65879,65879,0,,,24,112,136,20,76,2826,1450,1376
FH-2023-01189,2023-08-10,2023-09-01,,,Perdido,0,2023,2023-08,Ricardo Aragão,Bem-Estar Saúde,Operadora verticalizada,PE,Stent farmacológico,Cardiologia,229608,0,229608,Procedimento não autorizado pelo pagador,E2 Autorizacao,0,0,0,22,0,0,0,0
FH-2023-01232,2023-08-10,,,,Perdido,0,2023,2023-08,Diego Fontes,Prever Saúde,Operadora não verticalizada,PE,Marcapasso,Cardiologia,166085,0,166085,Cotação respondida fora do prazo,E1 Cotacao,0,0,0,0,0,0,0,0
FH-2023-00884,2023-08-11,,,,Perdido,0,2023,2023-08,Tatiana Coelho,Instituto Ortopédico Caruaru,Hospital privado,PE,Cateter para angioplastia,Cardiologia,26598,0,26598,Preço acima do concorrente,E1 Cotacao,0,0,0,0,0,0,0,0
FH-2023-00869,2023-08-12,2023-08-21,2023-09-05,2023-12-09,Ganho,1,2023,2023-09,Ivan Peixoto,Hospital Municipal de Jaboatão,Hospital público,PE,Introdutor e guia,Cardiologia,294343,294343,0,,,55,162,217,9,95,49778,25226,24552
FH-2023-00974,2023-08-13,,,,Perdido,0,2023,2023-08,Joana Rios,Hospital Casa Amarela,Hospital privado,PE,Cateter para angioplastia,Cardiologia,104817,0,104817,Cotação respondida fora do prazo,E1 Cotacao,0,0,0,0,0,0,0,0
FH-2023-00975,2023-08-13,2023-08-17,2023-08-27,,Perdido,0,2023,2023-08,Tatiana Coelho,Hospital Jardim Atlântico,Hospital privado,PE,Placas e parafusos,Ortopedia,137163,0,137163,Material devolvido sem uso,E3 Cirurgia,31,0,31,4,0,0,0,0
FH-2023-00940,2023-08-14,2023-09-05,2023-09-26,,Perdido,0,2023,2023-09,Rogério Lins,Hospital Farol de Maceió,Hospital privado,AL,Stent farmacológico,Cardiologia,115192,0,115192,Troca de fornecedor em sala,E3 Cirurgia,51,0,51,22,0,0,0,0
FH-2023-01106,2023-08-14,2023-09-08,2023-09-18,2023-10-19,Perdido,0,2023,2023-09,Luciana Prado,Hospital Costa Verde,Hospital privado,RN,Implante de joelho,Ortopedia,141958,0,141958,Divergência na folha de sala,E4 Faturamento,21,0,21,25,31,0,0,0
FH-2023-01087,2023-08-16,2023-09-08,2023-09-23,2023-10-29,Ganho,1,2023,2023-09,Tatiana Coelho,Hospital Municipal de Jaboatão,Hospital público,PE,Marcapasso,Cardiologia,77773,77773,0,,,19,111,130,23,36,3447,1249,2198
FH-2023-00835,2023-08-17,,,,Perdido,0,2023,2023-08,Ricardo Aragão,Vitalis Rede Integrada,Operadora verticalizada,PE,Stent farmacológico,Cardiologia,472268,0,472268,Cotação respondida fora do prazo,E1 Cotacao,0,0,0,0,0,0,0,0
FH-2023-01082,2023-08-17,2023-09-09,2023-09-25,2023-10-22,Ganho,1,2023,2023-09,Rogério Lins,Prever Saúde,Operadora não verticalizada,PE,Malha e tela cirúrgica,Cirurgia geral,124807,124807,0,,,25,112,137,23,27,6444,3774,2670
FH-2023-01151,2023-08-17,2023-08-30,2023-09-15,2023-12-16,Ganho,1,2023,2023-09,Ricardo Aragão,Prever Saúde,Operadora não verticalizada,PE,Cateter para angioplastia,Cardiologia,308949,308949,0,,,68,174,242,13,92,25823,12437,13386
FH-2023-01273,2023-08-17,2023-09-09,2023-09-25,2023-11-17,Perdido,0,2023,2023-09,Rogério Lins,Hospital São Fidélis,Hospital privado,PE,Grampeador cirúrgico,Cirurgia geral,11883,0,11883,Glosa não recuperada,E4 Faturamento,25,0,25,23,53,0,0,0
FH-2023-01056,2023-08-19,2023-09-10,2023-09-13,2023-11-21,Ganho,1,2023,2023-09,Diego Fontes,Clinipar Integrada,Operadora verticalizada,PE,Cateter para angioplastia,Cardiologia,126057,126057,0,,,46,137,183,22,69,10222,2744,7478
FH-2023-01263,2023-08-20,2023-09-08,2023-09-21,2023-10-19,Ganho,1,2023,2023-09,Luciana Prado,Hospital Vila Nova,Hospital privado,AL,Marcapasso,Cardiologia,28869,28869,0,,,31,108,139,19,28,1042,375,667
FH-2023-00902,2023-08-21,,,,Perdido,0,2023,2023-08,Paulo Menezes,Instituto Ortopédico Caruaru,Hospital privado,PE,Implante de joelho,Ortopedia,111432,0,111432,Cotação respondida fora do prazo,E1 Cotacao,0,0,0,0,0,0,0,0
FH-2023-01000,2023-08-21,,,,Perdido,0,2023,2023-08,Marcelo Bastos,Vitalis Rede Integrada,Operadora verticalizada,PE,Implante de quadril,Ortopedia,111551,0,111551,Produto indisponível em estoque,E1 Cotacao,0,0,0,0,0,0,0,0
FH-2023-01022,2023-08-23,,,,Perdido,0,2023,2023-08,Márcia Duarte,Hospital Graças,Hospital privado,PE,Implante de joelho,Ortopedia,46781,0,46781,Produto indisponível em estoque,E1 Cotacao,0,0,0,0,0,0,0,0
FH-2023-01133,2023-08-23,2023-09-16,2023-09-26,2023-11-13,Ganho,1,2023,2023-09,Márcia Duarte,NordMed Saúde,Operadora verticalizada,AL,Marcapasso,Cardiologia,184204,184204,0,,,36,140,176,24,48,14366,6620,7746
FH-2023-00949,2023-08-24,2023-09-04,2023-09-18,2023-12-07,Ganho,1,2023,2023-09,Marcelo Bastos,Centro Cirúrgico Casa Forte,Hospital privado,PE,Implante de joelho,Ortopedia,56657,56657,0,,,55,134,189,11,80,5789,2301,3488
FH-2023-01074,2023-08-24,2023-08-31,2023-09-17,2023-12-20,Ganho,1,2023,2023-09,Ricardo Aragão,Vitalis Rede Integrada,Operadora verticalizada,PE,Cateter para angioplastia,Cardiologia,661121,661121,0,,,75,158,233,7,94,101552,25975,75577
FH-2023-01090,2023-08-25,2023-09-04,2023-09-21,2023-10-28,Ganho,1,2023,2023-09,Cíntia Barbosa,NordMed Saúde,Operadora verticalizada,AL,Stent farmacológico,Cardiologia,413220,413220,0,,,18,130,148,10,37,21145,10348,10797
FH-2023-01127,2023-08-25,,,,Perdido,0,2023,2023-08,Cíntia Barbosa,Hospital Regional de Petrolina,Hospital público,PE,Implante de joelho,Ortopedia,40753,0,40753,Preço acima do concorrente,E1 Cotacao,0,0,0,0,0,0,0,0
FH-2023-01123,2023-08-27,,,,Perdido,0,2023,2023-08,Rogério Lins,Clinipar Integrada,Operadora verticalizada,PE,Implante de quadril,Ortopedia,62145,0,62145,Produto indisponível em estoque,E1 Cotacao,0,0,0,0,0,0,0,0
FH-2023-01193,2023-08-27,2023-09-22,2023-09-30,2023-12-31,Ganho,1,2023,2023-09,Joana Rios,Saúde Atlântico,Operadora não verticalizada,AL,Stent farmacológico,Cardiologia,46264,46264,0,,,19,92,111,26,92,847,479,368
FH-2023-01260,2023-08-27,2023-09-20,2023-10-02,2023-12-10,Ganho,1,2023,2023-10,Rogério Lins,Bem-Estar Saúde,Operadora verticalizada,PE,Implante de joelho,Ortopedia,142111,142111,0,,,33,108,141,24,69,14507,8157,6350
FH-2023-00881,2023-08-28,2023-09-23,,,Perdido,0,2023,2023-08,Tatiana Coelho,Hospital Metropolitano Norte,Hospital público,PB,Placas e parafusos,Ortopedia,61572,0,61572,Procedimento não autorizado pelo pagador,E2 Autorizacao,0,0,0,26,0,0,0,0
FH-2023-00962,2023-08-28,2023-09-20,2023-09-22,2023-11-16,Ganho,1,2023,2023-09,Luciana Prado,NordMed Saúde,Operadora verticalizada,AL,Cateter para angioplastia,Cardiologia,203263,203263,0,,,33,99,132,23,55,10034,4881,5153
FH-2023-01185,2023-08-28,2023-09-19,2023-09-27,2023-10-18,Perdido,0,2023,2023-09,Marcelo Bastos,Instituto Ortopédico Caruaru,Hospital privado,PE,Marcapasso,Cardiologia,85251,0,85251,Divergência na folha de sala,E4 Faturamento,55,0,55,22,21,0,0,0
FH-2023-01218,2023-09-01,2023-09-05,2023-09-22,2023-11-24,Ganho,1,2023,2023-09,Diego Fontes,Hospital Jaguaribe,Hospital privado,AL,Material para artroscopia,Ortopedia,34579,34579,0,,,36,143,179,4,63,3390,901,2489
FH-2023-01023,2023-09-02,2023-09-05,2023-09-26,2023-12-26,Perdido,0,2023,2023-09,Ricardo Aragão,NordMed Saúde,Operadora verticalizada,AL,Material para artroscopia,Ortopedia,75082,0,75082,Inadimplência do cliente,E4 Faturamento,52,0,52,3,91,0,0,0
FH-2023-00887,2023-09-03,2023-09-19,2023-09-28,2023-12-06,Ganho,1,2023,2023-09,Ivan Peixoto,Bem-Estar Saúde,Operadora verticalizada,PE,Grampeador cirúrgico,Cirurgia geral,72514,72514,0,,,74,142,216,16,69,10705,7624,3081
FH-2023-01079,2023-09-03,2023-09-15,2023-10-05,2023-11-07,Perdido,0,2023,2023-10,Luciana Prado,Hospital Prazeres,Hospital privado,PE,Kit de consumo cirúrgico,Cirurgia geral,30386,0,30386,Glosa não recuperada,E4 Faturamento,33,0,33,12,33,0,0,0
FH-2023-01175,2023-09-03,2023-09-20,2023-10-06,2024-01-04,Ganho,1,2023,2023-10,Tatiana Coelho,NordMed Saúde,Operadora verticalizada,AL,Cateter para angioplastia,Cardiologia,257775,257775,0,,,27,91,118,17,90,11036,3892,7144
FH-2023-00831,2023-09-04,2023-09-26,2023-10-03,2023-10-21,Perdido,0,2023,2023-10,Márcia Duarte,Clinipar Integrada,Operadora verticalizada,PE,Implante de joelho,Ortopedia,218553,0,218553,Glosa não recuperada,E4 Faturamento,31,0,31,22,18,0,0,0
FH-2023-01253,2023-09-05,2023-09-27,2023-10-18,2023-12-03,Ganho,1,2023,2023-10,Tatiana Coelho,Hospital São Rafael de Olinda,Hospital privado,PE,Stent farmacológico,Cardiologia,106617,106617,0,,,30,89,119,22,46,5719,2294,3425
FH-2023-00889,2023-09-06,2023-09-19,2023-09-30,2023-11-21,Ganho,1,2023,2023-09,Tatiana Coelho,Hospital Universitário de João Pessoa,Hospital público,PE,Material para artroscopia,Ortopedia,91935,91935,0,,,20,90,110,13,52,5238,2778,2460
FH-2023-01230,2023-09-07,2023-09-30,2023-10-05,2023-12-25,Ganho,1,2023,2023-10,Luciana Prado,Hospital Jaguaribe,Hospital privado,AL,Implante de joelho,Ortopedia,187698,187698,0,,,29,113,142,23,81,13045,5876,7169
FH-2023-00824,2023-09-10,,,,Perdido,0,2023,2023-09,Paulo Menezes,Bom Viver Planos,Operadora não verticalizada,RN,Implante de quadril,Ortopedia,163220,0,163220,Cliente com fornecedor exclusivo,E1 Cotacao,0,0,0,0,0,0,0,0
FH-2023-01239,2023-09-10,2023-09-19,2023-10-03,2023-11-13,Ganho,1,2023,2023-10,Diego Fontes,Clínica Vida Nova,Hospital privado,PE,Placas e parafusos,Ortopedia,60288,60288,0,,,54,147,201,9,41,4658,2723,1935
FH-2023-00839,2023-09-13,,,,Perdido,0,2023,2023-09,Marcelo Bastos,Vitalis Rede Integrada,Operadora verticalizada,PE,Cateter para angioplastia,Cardiologia,54024,0,54024,Cliente com fornecedor exclusivo,E1 Cotacao,0,0,0,0,0,0,0,0
FH-2023-01122,2023-09-13,2023-09-28,2023-10-03,,Perdido,0,2023,2023-10,Paulo Menezes,Hospital Manaíra,Hospital privado,PE,Implante de quadril,Ortopedia,104045,0,104045,Troca de fornecedor em sala,E3 Cirurgia,39,0,39,15,0,0,0,0
FH-2023-01206,2023-09-13,2023-10-06,2023-10-19,2024-01-08,Ganho,1,2023,2023-10,Cíntia Barbosa,Hospital Regional de Campina Grande,Hospital público,PB,Implante de quadril,Ortopedia,355357,355357,0,,,33,98,131,23,81,18131,10936,7195
FH-2023-00900,2023-09-15,,,,Perdido,0,2023,2023-09,Marcelo Bastos,Hospital Geral de Mossoró,Hospital público,RN,Implante de joelho,Ortopedia,76066,0,76066,Preço acima do concorrente,E1 Cotacao,0,0,0,0,0,0,0,0
FH-2023-00993,2023-09-15,,,,Perdido,0,2023,2023-09,Ricardo Aragão,Bem-Estar Saúde,Operadora verticalizada,PE,Grampeador cirúrgico,Cirurgia geral,213062,0,213062,Cotação respondida fora do prazo,E1 Cotacao,0,0,0,0,0,0,0,0
FH-2023-01052,2023-09-15,2023-09-26,2023-10-07,2023-12-17,Perdido,0,2023,2023-10,Paulo Menezes,Hospital Tamandaré,Hospital privado,RN,Marcapasso,Cardiologia,277065,0,277065,Nota fiscal não autorizada pelo hospital,E4 Faturamento,47,0,47,11,71,0,0,0
FH-2023-01137,2023-09-15,2023-10-10,2023-10-19,2024-01-12,Ganho,1,2023,2023-10,Rogério Lins,Hospital Farol de Maceió,Hospital privado,AL,Implante de quadril,Ortopedia,208523,208523,0,,,41,113,154,25,85,17795,6529,11266
FH-2023-00926,2023-09-16,2023-09-22,2023-10-11,2023-12-25,Ganho,1,2023,2023-10,Marcelo Bastos,NordMed Saúde,Operadora verticalizada,AL,Implante de quadril,Ortopedia,347165,347165,0,,,55,147,202,6,75,28230,17758,10472
FH-2023-01146,2023-09-16,2023-09-28,2023-10-02,2023-11-26,Ganho,1,2023,2023-10,Diego Fontes,Bem-Estar Saúde,Operadora verticalizada,PE,Stent farmacológico,Cardiologia,218438,218438,0,,,39,129,168,12,55,26573,15063,11510
FH-2023-01158,2023-09-17,2023-10-12,2023-10-14,2023-11-16,Ganho,1,2023,2023-10,Diego Fontes,Vitalis Rede Integrada,Operadora verticalizada,PE,Haste intramedular,Ortopedia,74162,74162,0,,,64,157,221,25,33,9299,2821,6478
FH-2023-01212,2023-09-17,2023-10-12,2023-10-21,2023-11-17,Perdido,0,2023,2023-10,Márcia Duarte,Hospital Vila Nova,Hospital privado,AL,Implante de joelho,Ortopedia,127869,0,127869,Nota fiscal não autorizada pelo hospital,E4 Faturamento,38,0,38,25,27,0,0,0
FH-2023-01140,2023-09-19,,,,Perdido,0,2023,2023-09,Ricardo Aragão,Bom Viver Planos,Operadora não verticalizada,RN,Stent farmacológico,Cardiologia,80909,0,80909,Produto indisponível em estoque,E1 Cotacao,0,0,0,0,0,0,0,0
FH-2023-00904,2023-09-22,2023-09-30,2023-10-20,2023-12-09,Ganho,1,2023,2023-10,Ivan Peixoto,NordMed Saúde,Operadora verticalizada,AL,Malha e tela cirúrgica,Cirurgia geral,357538,357538,0,,,47,143,190,8,50,39685,13751,25934
FH-2023-00851,2023-09-23,,,,Perdido,0,2023,2023-09,Ivan Peixoto,NordMed Saúde,Operadora verticalizada,AL,Stent farmacológico,Cardiologia,164127,0,164127,Produto indisponível em estoque,E1 Cotacao,0,0,0,0,0,0,0,0
FH-2023-00977,2023-09-24,,,,Perdido,0,2023,2023-09,Ricardo Aragão,Vitalis Rede Integrada,Operadora verticalizada,PE,Kit de consumo cirúrgico,Cirurgia geral,68736,0,68736,Sem contrato para atender,E1 Cotacao,0,0,0,0,0,0,0,0
FH-2023-01038,2023-09-24,2023-09-30,2023-10-08,2023-12-20,Ganho,1,2023,2023-10,Rogério Lins,Hospital Graças,Hospital privado,PE,Marcapasso,Cardiologia,102677,102677,0,,,30,121,151,6,73,5133,2598,2535
FH-2023-01134,2023-09-24,,,,Perdido,0,2023,2023-09,Ivan Peixoto,Prever Saúde,Operadora não verticalizada,PE,Haste intramedular,Ortopedia,142997,0,142997,Cotação respondida fora do prazo,E1 Cotacao,0,0,0,0,0,0,0,0
FH-2023-01190,2023-09-26,2023-10-04,2023-10-20,2024-01-16,Ganho,1,2023,2023-10,Marcelo Bastos,NordMed Saúde,Operadora verticalizada,AL,Haste intramedular,Ortopedia,387718,387718,0,,,32,113,145,8,88,39046,13336,25710
FH-2023-00924,2023-09-27,,,,Perdido,0,2023,2023-09,Marcelo Bastos,Clinipar Integrada,Operadora verticalizada,PE,Stent farmacológico,Cardiologia,114963,0,114963,Preço acima do concorrente,E1 Cotacao,0,0,0,0,0,0,0,0
FH-2023-01257,2023-09-27,2023-09-30,,,Perdido,0,2023,2023-09,Ricardo Aragão,Vitalis Rede Integrada,Operadora verticalizada,PE,Material para artroscopia,Ortopedia,242943,0,242943,Cirurgia cancelada,E2 Autorizacao,0,0,0,3,0,0,0,0
FH-2023-00843,2023-09-28,2023-10-17,2023-10-23,,Perdido,0,2023,2023-10,Márcia Duarte,Prever Saúde,Operadora não verticalizada,PE,Cateter para angioplastia,Cardiologia,30275,0,30275,Material devolvido sem uso,E3 Cirurgia,46,0,46,19,0,0,0,0
FH-2023-00862,2023-09-28,2023-10-24,2023-11-07,2023-12-22,Ganho,1,2023,2023-11,Rogério Lins,Vitalis Rede Integrada,Operadora verticalizada,PE,Implante de quadril,Ortopedia,239150,239150,0,,,52,114,166,26,45,10317,2886,7431
FH-2023-00990,2023-10-02,,,,Perdido,0,2023,2023-10,Ricardo Aragão,Vitalis Rede Integrada,Operadora verticalizada,PE,Placas e parafusos,Ortopedia,319118,0,319118,Cliente com fornecedor exclusivo,E1 Cotacao,0,0,0,0,0,0,0,0
FH-2023-01062,2023-10-02,,,,Perdido,0,2023,2023-10,Joana Rios,Hospital Municipal de Paulista,Hospital público,PE,Material para artroscopia,Ortopedia,27120,0,27120,Preço acima do concorrente,E1 Cotacao,0,0,0,0,0,0,0,0
FH-2023-00928,2023-10-03,,,,Perdido,0,2023,2023-10,Paulo Menezes,Saúde Atlântico,Operadora não verticalizada,AL,Material para artroscopia,Ortopedia,100265,0,100265,Produto indisponível em estoque,E1 Cotacao,0,0,0,0,0,0,0,0
FH-2023-01191,2023-10-03,,,,Perdido,0,2023,2023-10,Marcelo Bastos,Bom Viver Planos,Operadora não verticalizada,RN,Implante de quadril,Ortopedia,195801,0,195801,Preço acima do concorrente,E1 Cotacao,0,0,0,0,0,0,0,0
FH-2023-01228,2023-10-03,,,,Perdido,0,2023,2023-10,Ricardo Aragão,Vitalis Rede Integrada,Operadora verticalizada,PE,Placas e parafusos,Ortopedia,372429,0,372429,Preço acima do concorrente,E1 Cotacao,0,0,0,0,0,0,0,0
FH-2023-01204,2023-10-04,2023-10-12,2023-10-25,2023-12-20,Ganho,1,2023,2023-10,Cíntia Barbosa,Hospital Metropolitano Norte,Hospital público,PB,Placas e parafusos,Ortopedia,91416,91416,0,,,33,102,135,8,56,3400,1155,2245
FH-2023-00999,2023-10-06,,,,Perdido,0,2023,2023-10,Joana Rios,Bom Viver Planos,Operadora não verticalizada,RN,Stent farmacológico,Cardiologia,88463,0,88463,Sem contrato para atender,E1 Cotacao,0,0,0,0,0,0,0,0
FH-2023-00943,2023-10-07,2023-10-29,2023-11-16,2024-02-02,Ganho,1,2023,2023-11,Paulo Menezes,Clinipar Integrada,Operadora verticalizada,PE,Stent farmacológico,Cardiologia,112347,112347,0,,,29,131,160,22,78,9925,5360,4565
FH-2023-01217,2023-10-07,2023-10-12,2023-10-23,2024-01-15,Ganho,1,2023,2023-10,Marcelo Bastos,Vitalis Rede Integrada,Operadora verticalizada,PE,Material para artroscopia,Ortopedia,337575,337575,0,,,57,146,203,5,84,24626,7395,17231
FH-2023-00867,2023-10-08,2023-10-14,2023-10-23,2023-12-15,Ganho,1,2023,2023-10,Ricardo Aragão,Vitalis Rede Integrada,Operadora verticalizada,PE,Material para artroscopia,Ortopedia,90255,90255,0,,,68,177,245,6,53,13012,5419,7593
FH-2023-01041,2023-10-09,,,,Perdido,0,2023,2023-10,Paulo Menezes,Hospital Prazeres,Hospital privado,PE,Haste intramedular,Ortopedia,55758,0,55758,Cotação respondida fora do prazo,E1 Cotacao,0,0,0,0,0,0,0,0
FH-2023-01207,2023-10-09,,,,Perdido,0,2023,2023-10,Ricardo Aragão,Vitalis Rede Integrada,Operadora verticalizada,PE,Placas e parafusos,Ortopedia,170549,0,170549,Cotação respondida fora do prazo,E1 Cotacao,0,0,0,0,0,0,0,0
FH-2023-01210,2023-10-10,2023-11-01,2023-11-11,2024-02-11,Perdido,0,2023,2023-11,Cíntia Barbosa,Hospital Metropolitano Norte,Hospital público,PB,Grampeador cirúrgico,Cirurgia geral,55564,0,55564,Glosa não recuperada,E4 Faturamento,16,0,16,22,92,0,0,0
FH-2023-01049,2023-10-12,2023-11-01,2023-11-22,2024-02-18,Ganho,1,2023,2023-11,Diego Fontes,Bom Viver Planos,Operadora não verticalizada,RN,Placas e parafusos,Ortopedia,265854,265854,0,,,54,150,204,20,88,22881,11070,11811
FH-2023-00897,2023-10-13,2023-10-24,2023-11-01,2024-01-12,Ganho,1,2023,2023-11,Paulo Menezes,Vitalis Rede Integrada,Operadora verticalizada,PE,Introdutor e guia,Cardiologia,216567,216567,0,,,31,127,158,11,72,10755,4802,5953
FH-2023-01286,2023-10-13,,,,Perdido,0,2023,2023-10,Márcia Duarte,Bem-Estar Saúde,Operadora verticalizada,PE,Implante de quadril,Ortopedia,242387,0,242387,Produto indisponível em estoque,E1 Cotacao,0,0,0,0,0,0,0,0
FH-2023-01103,2023-10-15,2023-10-31,2023-11-15,2023-12-25,Ganho,1,2023,2023-11,Ivan Peixoto,NordMed Saúde,Operadora verticalizada,AL,Implante de quadril,Ortopedia,204693,204693,0,,,66,157,223,16,40,14525,10191,4334
FH-2023-00837,2023-10-17,2023-11-11,2023-11-17,2024-02-15,Perdido,0,2023,2023-11,Tatiana Coelho,Hospital Ponta Negra,Hospital privado,PE,Implante de joelho,Ortopedia,109038,0,109038,Inadimplência do cliente,E4 Faturamento,12,0,12,25,90,0,0,0
FH-2023-00912,2023-10-18,2023-10-21,2023-11-11,2024-02-02,Ganho,1,2023,2023-11,Marcelo Bastos,Hospital Boa Vista,Hospital privado,PB,Placas e parafusos,Ortopedia,99860,99860,0,,,35,122,157,3,83,8843,4322,4521
FH-2023-01167,2023-10-18,2023-11-04,2023-11-13,2023-12-10,Ganho,1,2023,2023-11,Márcia Duarte,Prever Saúde,Operadora não verticalizada,PE,Material para artroscopia,Ortopedia,189515,189515,0,,,31,128,159,17,27,8832,6132,2700
FH-2023-00873,2023-10-19,2023-11-05,2023-11-08,2024-02-12,Ganho,1,2023,2023-11,Marcelo Bastos,Bem-Estar Saúde,Operadora verticalizada,PE,Introdutor e guia,Cardiologia,102616,102616,0,,,32,123,155,17,96,11389,8337,3052
FH-2023-00905,2023-10-19,2023-10-29,2023-11-12,2023-12-15,Ganho,1,2023,2023-11,Tatiana Coelho,NordMed Saúde,Operadora verticalizada,AL,Marcapasso,Cardiologia,73495,73495,0,,,32,86,118,10,33,3057,1551,1506
FH-2023-01236,2023-10-21,,,,Perdido,0,2023,2023-10,Ricardo Aragão,Bom Viver Planos,Operadora não verticalizada,RN,Kit de consumo cirúrgico,Cirurgia geral,102656,0,102656,Cotação respondida fora do prazo,E1 Cotacao,0,0,0,0,0,0,0,0
FH-2023-00861,2023-10-22,2023-11-10,2023-11-26,2023-12-16,Ganho,1,2023,2023-11,Diego Fontes,NordMed Saúde,Operadora verticalizada,AL,Marcapasso,Cardiologia,60133,60133,0,,,36,156,192,19,20,6548,2914,3634
FH-2023-01009,2023-10-22,2023-10-27,2023-10-30,2023-12-08,Ganho,1,2023,2023-10,Ivan Peixoto,NordMed Saúde,Operadora verticalizada,AL,Implante de quadril,Ortopedia,115184,115184,0,,,55,150,205,5,39,11330,4062,7268
FH-2023-01165,2023-10-22,,,,Perdido,0,2023,2023-10,Ricardo Aragão,Vitalis Rede Integrada,Operadora verticalizada,PE,Material para artroscopia,Ortopedia,576386,0,576386,Produto indisponível em estoque,E1 Cotacao,0,0,0,0,0,0,0,0
FH-2023-00919,2023-10-23,2023-10-28,2023-11-05,,Perdido,0,2023,2023-11,Marcelo Bastos,Hospital Vale do Capibaribe,Hospital privado,PE,Implante de joelho,Ortopedia,68143,0,68143,Troca de fornecedor em sala,E3 Cirurgia,51,0,51,5,0,0,0,0
FH-2023-01060,2023-10-23,,,,Perdido,0,2023,2023-10,Marcelo Bastos,Clinipar Integrada,Operadora verticalizada,PE,Placas e parafusos,Ortopedia,264999,0,264999,Sem contrato para atender,E1 Cotacao,0,0,0,0,0,0,0,0
FH-2023-01027,2023-10-24,,,,Perdido,0,2023,2023-10,Diego Fontes,Vitalis Rede Integrada,Operadora verticalizada,PE,Placas e parafusos,Ortopedia,81180,0,81180,Cliente com fornecedor exclusivo,E1 Cotacao,0,0,0,0,0,0,0,0
FH-2023-01039,2023-10-25,2023-11-11,2023-11-17,2024-02-07,Perdido,0,2023,2023-11,Ricardo Aragão,Clinipar Integrada,Operadora verticalizada,PE,Placas e parafusos,Ortopedia,249704,0,249704,Inadimplência do cliente,E4 Faturamento,64,0,64,17,82,0,0,0
FH-2023-01093,2023-10-25,,,,Perdido,0,2023,2023-10,Joana Rios,Hospital Bairro Novo,Hospital privado,PB,Grampeador cirúrgico,Cirurgia geral,23050,0,23050,Cotação respondida fora do prazo,E1 Cotacao,0,0,0,0,0,0,0,0
FH-2023-01238,2023-10-25,2023-11-10,,,Perdido,0,2023,2023-10,Cíntia Barbosa,Hospital Regional de Petrolina,Hospital público,PE,Implante de joelho,Ortopedia,74723,0,74723,Procedimento não autorizado pelo pagador,E2 Autorizacao,0,0,0,16,0,0,0,0
FH-2023-00964,2023-10-26,,,,Perdido,0,2023,2023-10,Rogério Lins,Hospital Tamandaré,Hospital privado,RN,Cateter para angioplastia,Cardiologia,466981,0,466981,Preço acima do concorrente,E1 Cotacao,0,0,0,0,0,0,0,0
FH-2023-01063,2023-10-26,,,,Perdido,0,2023,2023-10,Cíntia Barbosa,Hospital Regional de Petrolina,Hospital público,PE,Implante de joelho,Ortopedia,416770,0,416770,Preço acima do concorrente,E1 Cotacao,0,0,0,0,0,0,0,0
FH-2023-01195,2023-10-26,2023-11-06,2023-11-14,2024-01-09,Ganho,1,2023,2023-11,Tatiana Coelho,Bem-Estar Saúde,Operadora verticalizada,PE,Implante de quadril,Ortopedia,117988,117988,0,,,29,94,123,11,56,5115,2644,2471
FH-2023-00854,2023-10-27,2023-10-31,2023-11-11,,Perdido,0,2023,2023-11,Paulo Menezes,Bem-Estar Saúde,Operadora verticalizada,PE,Placas e parafusos,Ortopedia,84627,0,84627,Troca de fornecedor em sala,E3 Cirurgia,45,0,45,4,0,0,0,0
FH-2023-00934,2023-10-28,,,,Perdido,0,2023,2023-10,Cíntia Barbosa,Hospital Cabo Branco,Hospital privado,PE,Malha e tela cirúrgica,Cirurgia geral,13911,0,13911,Sem contrato para atender,E1 Cotacao,0,0,0,0,0,0,0,0
FH-2023-01169,2023-10-28,,,,Perdido,0,2023,2023-10,Ricardo Aragão,Vitalis Rede Integrada,Operadora verticalizada,PE,Malha e tela cirúrgica,Cirurgia geral,94471,0,94471,Sem contrato para atender,E1 Cotacao,0,0,0,0,0,0,0,0
FH-2023-00878,2023-11-02,2023-11-14,2023-11-25,2024-02-27,Ganho,1,2023,2023-11,Joana Rios,Clinipar Integrada,Operadora verticalizada,PE,Introdutor e guia,Cardiologia,150214,150214,0,,,17,71,88,12,94,5867,4075,1792
FH-2023-00933,2023-11-03,2023-11-14,2023-11-17,2024-01-03,Ganho,1,2023,2023-11,Marcelo Bastos,Hospital Boa Vista,Hospital privado,PB,Cateter para angioplastia,Cardiologia,334806,334806,0,,,40,117,157,11,47,36822,23126,13696
FH-2023-01181,2023-11-03,2023-11-21,2023-12-04,,Perdido,0,2023,2023-12,Marcelo Bastos,Vitalis Rede Integrada,Operadora verticalizada,PE,Placas e parafusos,Ortopedia,130261,0,130261,Troca de fornecedor em sala,E3 Cirurgia,40,0,40,18,0,0,0,0
FH-2023-00895,2023-11-04,2023-11-07,2023-11-22,2024-01-17,Ganho,1,2023,2023-11,Ricardo Aragão,Saúde Atlântico,Operadora não verticalizada,AL,Implante de joelho,Ortopedia,129714,129714,0,,,78,173,251,3,56,14845,9626,5219
FH-2023-00994,2023-11-04,2023-11-12,2023-11-14,2024-01-01,Ganho,1,2023,2023-11,Ricardo Aragão,NordMed Saúde,Operadora verticalizada,AL,Stent farmacológico,Cardiologia,267021,267021,0,,,63,147,210,8,48,37627,17485,20142
FH-2023-01164,2023-11-05,2023-11-27,2023-12-11,2024-02-26,Ganho,1,2023,2023-12,Márcia Duarte,Hospital Areia Preta,Hospital privado,AL,Stent farmacológico,Cardiologia,137211,137211,0,,,24,117,141,22,77,13110,8821,4289
FH-2023-00829,2023-11-06,2023-11-29,2023-12-12,2024-01-01,Ganho,1,2023,2023-12,Paulo Menezes,NordMed Saúde,Operadora verticalizada,AL,Placas e parafusos,Ortopedia,106716,106716,0,,,37,98,135,23,20,7464,3646,3818
FH-2023-01096,2023-11-06,2023-11-10,2023-11-16,2024-01-01,Ganho,1,2023,2023-11,Diego Fontes,Vitalis Rede Integrada,Operadora verticalizada,PE,Stent farmacológico,Cardiologia,406165,406165,0,,,46,140,186,4,46,24599,17138,7461
FH-2023-00910,2023-11-07,,,,Perdido,0,2023,2023-11,Márcia Duarte,Hospital Cabo Branco,Hospital privado,PE,Placas e parafusos,Ortopedia,36936,0,36936,Sem contrato para atender,E1 Cotacao,0,0,0,0,0,0,0,0
FH-2023-01178,2023-11-07,,,,Perdido,0,2023,2023-11,Ivan Peixoto,Vitalis Rede Integrada,Operadora verticalizada,PE,Cateter para angioplastia,Cardiologia,225234,0,225234,Cliente com fornecedor exclusivo,E1 Cotacao,0,0,0,0,0,0,0,0
FH-2023-01071,2023-11-08,,,,Perdido,0,2023,2023-11,Tatiana Coelho,Clínica Vida Nova,Hospital privado,PE,Cateter para angioplastia,Cardiologia,104791,0,104791,Preço acima do concorrente,E1 Cotacao,0,0,0,0,0,0,0,0
FH-2023-00963,2023-11-09,2023-11-28,2023-12-02,2024-02-05,Ganho,1,2023,2023-12,Marcelo Bastos,Clinipar Integrada,Operadora verticalizada,PE,Implante de quadril,Ortopedia,264281,264281,0,,,42,130,172,19,65,18692,13637,5055
FH-2023-00864,2023-11-10,2023-11-28,,,Perdido,0,2023,2023-11,Ricardo Aragão,Bem-Estar Saúde,Operadora verticalizada,PE,Material para artroscopia,Ortopedia,235271,0,235271,Procedimento não autorizado pelo pagador,E2 Autorizacao,0,0,0,18,0,0,0,0
FH-2023-01192,2023-11-10,,,,Perdido,0,2023,2023-11,Tatiana Coelho,Saúde Atlântico,Operadora não verticalizada,AL,Material para artroscopia,Ortopedia,62209,0,62209,Preço acima do concorrente,E1 Cotacao,0,0,0,0,0,0,0,0
FH-2023-00956,2023-11-11,2023-12-01,2023-12-09,2024-02-17,Ganho,1,2023,2023-12,Marcelo Bastos,Bom Viver Planos,Operadora não verticalizada,RN,Implante de joelho,Ortopedia,77216,77216,0,,,32,146,178,20,70,6634,3836,2798
FH-2023-01201,2023-11-13,2023-12-03,2023-12-19,2024-02-23,Perdido,0,2023,2023-12,Tatiana Coelho,Bem-Estar Saúde,Operadora verticalizada,PE,Placas e parafusos,Ortopedia,84258,0,84258,Inadimplência do cliente,E4 Faturamento,29,0,29,20,66,0,0,0
FH-2023-01211,2023-11-14,2023-12-04,2023-12-12,2024-03-06,Ganho,1,2023,2023-12,Paulo Menezes,Bem-Estar Saúde,Operadora verticalizada,PE,Placas e parafusos,Ortopedia,22807,22807,0,,,29,123,152,20,85,1426,624,802
FH-2023-00913,2023-11-15,,,,Perdido,0,2023,2023-11,Tatiana Coelho,Saúde Atlântico,Operadora não verticalizada,AL,Haste intramedular,Ortopedia,74818,0,74818,Cliente com fornecedor exclusivo,E1 Cotacao,0,0,0,0,0,0,0,0
FH-2023-01002,2023-11-15,,,,Perdido,0,2023,2023-11,Ricardo Aragão,Vitalis Rede Integrada,Operadora verticalizada,PE,Material para artroscopia,Ortopedia,325116,0,325116,Preço acima do concorrente,E1 Cotacao,0,0,0,0,0,0,0,0
FH-2023-00945,2023-11-16,2023-11-27,2023-12-18,,Perdido,0,2023,2023-12,Joana Rios,Hospital Cabo Branco,Hospital privado,PE,Introdutor e guia,Cardiologia,35353,0,35353,Troca de fornecedor em sala,E3 Cirurgia,20,0,20,11,0,0,0,0
FH-2023-01068,2023-11-16,2023-12-12,2023-12-18,2024-01-07,Ganho,1,2023,2023-12,Ricardo Aragão,NordMed Saúde,Operadora verticalizada,AL,Placas e parafusos,Ortopedia,87671,87671,0,,,74,159,233,26,20,10706,7878,2828
FH-2023-01104,2023-11-16,2023-12-03,,,Perdido,0,2023,2023-11,Joana Rios,Clínica Cardio Espinheiro,Hospital privado,AL,Material para artroscopia,Ortopedia,43041,0,43041,Procedimento não autorizado pelo pagador,E2 Autorizacao,0,0,0,17,0,0,0,0
FH-2023-00893,2023-11-17,,,,Perdido,0,2023,2023-11,Marcelo Bastos,Vitalis Rede Integrada,Operadora verticalizada,PE,Implante de joelho,Ortopedia,32566,0,32566,Preço acima do concorrente,E1 Cotacao,0,0,0,0,0,0,0,0
FH-2023-00987,2023-11-17,2023-11-23,,,Perdido,0,2023,2023-11,Ricardo Aragão,Bem-Estar Saúde,Operadora verticalizada,PE,Material para artroscopia,Ortopedia,251227,0,251227,Cirurgia cancelada,E2 Autorizacao,0,0,0,6,0,0,0,0
FH-2023-01078,2023-11-17,2023-12-09,2023-12-12,2023-12-31,Ganho,1,2023,2023-12,Marcelo Bastos,Bem-Estar Saúde,Operadora verticalizada,PE,Implante de quadril,Ortopedia,243701,243701,0,,,52,128,180,22,19,21992,12005,9987
FH-2023-01110,2023-11-17,2023-11-28,2023-12-16,2024-02-24,Ganho,1,2023,2023-12,Márcia Duarte,Bem-Estar Saúde,Operadora verticalizada,PE,Marcapasso,Cardiologia,111850,111850,0,,,30,119,149,11,70,7064,4205,2859
FH-2023-01102,2023-11-18,2023-11-30,2023-12-15,2024-03-16,Ganho,1,2023,2023-12,Marcelo Bastos,Vitalis Rede Integrada,Operadora verticalizada,PE,Implante de quadril,Ortopedia,104974,104974,0,,,55,148,203,12,92,7679,5252,2427
FH-2023-00826,2023-11-19,,,,Perdido,0,2023,2023-11,Tatiana Coelho,Bom Viver Planos,Operadora não verticalizada,RN,Cateter para angioplastia,Cardiologia,121897,0,121897,Cliente com fornecedor exclusivo,E1 Cotacao,0,0,0,0,0,0,0,0
FH-2023-00973,2023-11-19,2023-11-25,2023-12-02,2024-01-24,Ganho,1,2023,2023-12,Cíntia Barbosa,Hospital Manaíra,Hospital privado,PE,Grampeador cirúrgico,Cirurgia geral,53908,53908,0,,,21,90,111,6,53,1849,1174,675
FH-2023-01086,2023-11-20,,,,Perdido,0,2023,2023-11,Ivan Peixoto,Bem-Estar Saúde,Operadora verticalizada,PE,Implante de quadril,Ortopedia,335464,0,335464,Sem contrato para atender,E1 Cotacao,0,0,0,0,0,0,0,0
FH-2023-00865,2023-11-21,2023-12-12,,,Perdido,0,2023,2023-11,Diego Fontes,NordMed Saúde,Operadora verticalizada,AL,Implante de joelho,Ortopedia,329057,0,329057,Cirurgia cancelada,E2 Autorizacao,0,0,0,21,0,0,0,0
FH-2023-00991,2023-11-21,2023-12-09,2023-12-14,2024-03-16,Ganho,1,2023,2023-12,Rogério Lins,Prever Saúde,Operadora não verticalizada,PE,Grampeador cirúrgico,Cirurgia geral,34329,34329,0,,,47,128,175,18,93,2575,724,1851
FH-2023-01065,2023-11-22,2023-12-09,2023-12-30,2024-02-21,Ganho,1,2023,2023-12,Cíntia Barbosa,Vitalis Rede Integrada,Operadora verticalizada,PE,Stent farmacológico,Cardiologia,331377,331377,0,,,16,108,124,17,53,12417,4722,7695
FH-2023-00844,2023-11-23,2023-12-17,2024-01-07,2024-02-15,Ganho,1,2024,2024-01,Ricardo Aragão,Clinipar Integrada,Operadora verticalizada,PE,Implante de joelho,Ortopedia,95978,95978,0,,,73,153,226,24,39,8471,3461,5010
FH-2023-00965,2023-11-23,2023-12-17,2023-12-27,2024-02-05,Ganho,1,2023,2023-12,Joana Rios,Bom Viver Planos,Operadora não verticalizada,RN,Material para artroscopia,Ortopedia,23382,23382,0,,,13,72,85,24,40,592,351,241
FH-2023-01154,2023-11-23,2023-12-18,2024-01-08,2024-04-12,Ganho,1,2024,2024-01,Tatiana Coelho,Hospital Jardim Atlântico,Hospital privado,PE,Implante de quadril,Ortopedia,56853,56853,0,,,22,99,121,25,95,1902,941,961
FH-2023-01249,2023-11-23,2023-11-30,2023-12-18,2024-02-27,Perdido,0,2023,2023-12,Diego Fontes,NordMed Saúde,Operadora verticalizada,AL,Placas e parafusos,Ortopedia,230301,0,230301,Glosa não recuperada,E4 Faturamento,48,0,48,7,71,0,0,0
FH-2023-01067,2023-11-24,2023-12-16,2024-01-06,2024-03-13,Ganho,1,2024,2024-01,Rogério Lins,Hospital Municipal de Olinda,Hospital público,AL,Grampeador cirúrgico,Cirurgia geral,35782,35782,0,,,34,115,149,22,67,1885,1286,599
FH-2023-01284,2023-11-24,2023-12-10,2023-12-31,2024-03-22,Ganho,1,2023,2023-12,Marcelo Bastos,NordMed Saúde,Operadora verticalizada,AL,Kit de consumo cirúrgico,Cirurgia geral,167857,167857,0,,,46,128,174,16,82,12839,6763,6076
FH-2023-01091,2023-11-25,,,,Perdido,0,2023,2023-11,Marcelo Bastos,Saúde Atlântico,Operadora não verticalizada,AL,Stent farmacológico,Cardiologia,919163,0,919163,Cliente com fornecedor exclusivo,E1 Cotacao,0,0,0,0,0,0,0,0
FH-2023-01142,2023-11-27,,,,Perdido,0,2023,2023-11,Márcia Duarte,Hospital Ponta Negra,Hospital privado,PE,Material para artroscopia,Ortopedia,29946,0,29946,Cotação respondida fora do prazo,E1 Cotacao,0,0,0,0,0,0,0,0
FH-2023-01150,2023-11-27,2023-12-21,,,Perdido,0,2023,2023-11,Ivan Peixoto,Bom Viver Planos,Operadora não verticalizada,RN,Material para artroscopia,Ortopedia,311709,0,311709,Procedimento não autorizado pelo pagador,E2 Autorizacao,0,0,0,24,0,0,0,0
FH-2023-00842,2023-11-28,2023-12-09,2023-12-12,2024-02-02,Perdido,0,2023,2023-12,Ivan Peixoto,Bom Viver Planos,Operadora não verticalizada,RN,Haste intramedular,Ortopedia,80348,0,80348,Divergência na folha de sala,E4 Faturamento,44,0,44,11,52,0,0,0
FH-2023-01196,2023-11-28,2023-12-12,2023-12-31,2024-03-12,Ganho,1,2023,2023-12,Paulo Menezes,Clínica Cardio Espinheiro,Hospital privado,AL,Placas e parafusos,Ortopedia,80399,80399,0,,,45,116,161,14,72,5461,2706,2755
FH-2023-00996,2023-12-03,2023-12-12,2023-12-29,2024-02-14,Perdido,0,2023,2023-12,Marcelo Bastos,Hospital Geral de Mossoró,Hospital público,RN,Stent farmacológico,Cardiologia,1130078,0,1130078,Inadimplência do cliente,E4 Faturamento,58,0,58,9,47,0,0,0
FH-2023-00849,2023-12-04,2023-12-11,2023-12-30,2024-01-25,Ganho,1,2023,2023-12,Paulo Menezes,Vitalis Rede Integrada,Operadora verticalizada,PE,Implante de quadril,Ortopedia,121054,121054,0,,,27,107,134,7,26,6432,4277,2155
FH-2023-00866,2023-12-04,2023-12-20,,,Perdido,0,2023,2023-12,Márcia Duarte,Bom Viver Planos,Operadora não verticalizada,RN,Haste intramedular,Ortopedia,179078,0,179078,Cirurgia cancelada,E2 Autorizacao,0,0,0,16,0,0,0,0
FH-2023-01011,2023-12-04,,,,Perdido,0,2023,2023-12,Rogério Lins,Hospital Ponta Verde,Hospital privado,PE,Marcapasso,Cardiologia,45146,0,45146,Cliente com fornecedor exclusivo,E1 Cotacao,0,0,0,0,0,0,0,0
FH-2023-01034,2023-12-04,2023-12-11,2023-12-23,2024-03-19,Ganho,1,2023,2023-12,Paulo Menezes,Centro Cirúrgico Casa Forte,Hospital privado,PE,Implante de quadril,Ortopedia,62660,62660,0,,,37,104,141,7,87,4220,2230,1990
FH-2023-00819,2023-12-05,,,,Perdido,0,2023,2023-12,Joana Rios,Hospital Rio Doce,Hospital privado,AL,Kit de consumo cirúrgico,Cirurgia geral,24606,0,24606,Cotação respondida fora do prazo,E1 Cotacao,0,0,0,0,0,0,0,0
FH-2023-01233,2023-12-05,,,,Perdido,0,2023,2023-12,Marcelo Bastos,Bem-Estar Saúde,Operadora verticalizada,PE,Cateter para angioplastia,Cardiologia,338970,0,338970,Sem contrato para atender,E1 Cotacao,0,0,0,0,0,0,0,0
FH-2023-00886,2023-12-06,2023-12-17,2024-01-06,2024-02-03,Perdido,0,2024,2024-01,Marcelo Bastos,NordMed Saúde,Operadora verticalizada,AL,Stent farmacológico,Cardiologia,666307,0,666307,Divergência na folha de sala,E4 Faturamento,31,0,31,11,28,0,0,0
FH-2023-00966,2023-12-07,,,,Perdido,0,2023,2023-12,Ricardo Aragão,Clinipar Integrada,Operadora verticalizada,PE,Malha e tela cirúrgica,Cirurgia geral,59355,0,59355,Preço acima do concorrente,E1 Cotacao,0,0,0,0,0,0,0,0
FH-2023-01277,2023-12-08,2023-12-13,2023-12-29,,Perdido,0,2023,2023-12,Rogério Lins,Bem-Estar Saúde,Operadora verticalizada,PE,Stent farmacológico,Cardiologia,338123,0,338123,Troca de fornecedor em sala,E3 Cirurgia,37,0,37,5,0,0,0,0
FH-2023-00979,2023-12-09,2023-12-15,,,Perdido,0,2023,2023-12,Paulo Menezes,Hospital Vila Nova,Hospital privado,AL,Placas e parafusos,Ortopedia,20210,0,20210,Cirurgia cancelada,E2 Autorizacao,0,0,0,6,0,0,0,0
FH-2023-01033,2023-12-10,,,,Perdido,0,2023,2023-12,Ivan Peixoto,NordMed Saúde,Operadora verticalizada,AL,Stent farmacológico,Cardiologia,170411,0,170411,Preço acima do concorrente,E1 Cotacao,0,0,0,0,0,0,0,0
FH-2023-01042,2023-12-10,2024-01-01,2024-01-15,2024-04-07,Perdido,0,2024,2024-01,Ricardo Aragão,NordMed Saúde,Operadora verticalizada,AL,Implante de joelho,Ortopedia,438093,0,438093,Glosa não recuperada,E4 Faturamento,50,0,50,22,83,0,0,0
FH-2023-01054,2023-12-10,2023-12-30,2024-01-16,2024-04-01,Ganho,1,2024,2024-01,Tatiana Coelho,Hospital Municipal de Garanhuns,Hospital público,PE,Cateter para angioplastia,Cardiologia,127883,127883,0,,,30,100,130,20,76,3035,2273,762
FH-2023-01035,2023-12-11,2023-12-16,,,Perdido,0,2023,2023-12,Ricardo Aragão,NordMed Saúde,Operadora verticalizada,AL,Kit de consumo cirúrgico,Cirurgia geral,51257,0,51257,Cirurgia cancelada,E2 Autorizacao,0,0,0,5,0,0,0,0
FH-2023-01105,2023-12-11,,,,Perdido,0,2023,2023-12,Rogério Lins,Clinipar Integrada,Operadora verticalizada,PE,Stent farmacológico,Cardiologia,57068,0,57068,Cliente com fornecedor exclusivo,E1 Cotacao,0,0,0,0,0,0,0,0
FH-2023-01136,2023-12-14,2024-01-03,,,Perdido,0,2023,2023-12,Ivan Peixoto,Clinipar Integrada,Operadora verticalizada,PE,Implante de joelho,Ortopedia,324192,0,324192,Procedimento não autorizado pelo pagador,E2 Autorizacao,0,0,0,20,0,0,0,0
FH-2023-01139,2023-12-14,,,,Perdido,0,2023,2023-12,Tatiana Coelho,Vitalis Rede Integrada,Operadora verticalizada,PE,Placas e parafusos,Ortopedia,569241,0,569241,Sem contrato para atender,E1 Cotacao,0,0,0,0,0,0,0,0
FH-2023-01219,2023-12-15,,,,Perdido,0,2023,2023-12,Diego Fontes,Clinipar Integrada,Operadora verticalizada,PE,Material para artroscopia,Ortopedia,136115,0,136115,Preço acima do concorrente,E1 Cotacao,0,0,0,0,0,0,0,0
FH-2023-00984,2023-12-16,2023-12-22,2024-01-03,2024-03-04,Ganho,1,2024,2024-01,Diego Fontes,Bem-Estar Saúde,Operadora verticalizada,PE,Implante de quadril,Ortopedia,300367,300367,0,,,62,144,206,6,61,34274,23934,10340
FH-2023-01250,2023-12-16,2024-01-10,2024-01-25,2024-02-16,Ganho,1,2024,2024-01,Rogério Lins,Vitalis Rede Integrada,Operadora verticalizada,PE,Haste intramedular,Ortopedia,262501,262501,0,,,51,116,167,25,22,18161,7259,10902
FH-2023-01046,2023-12-17,,,,Perdido,0,2023,2023-12,Joana Rios,Prever Saúde,Operadora não verticalizada,PE,Grampeador cirúrgico,Cirurgia geral,48531,0,48531,Preço acima do concorrente,E1 Cotacao,0,0,0,0,0,0,0,0
FH-2023-01036,2023-12-18,,,,Perdido,0,2023,2023-12,Cíntia Barbosa,Hospital Municipal de Paulista,Hospital público,PE,Malha e tela cirúrgica,Cirurgia geral,60609,0,60609,Cliente com fornecedor exclusivo,E1 Cotacao,0,0,0,0,0,0,0,0
FH-2023-01209,2023-12-18,2023-12-27,,,Perdido,0,2023,2023-12,Marcelo Bastos,NordMed Saúde,Operadora verticalizada,AL,Material para artroscopia,Ortopedia,221244,0,221244,Autorização expirou,E2 Autorizacao,0,0,0,9,0,0,0,0
FH-2023-01248,2023-12-19,2024-01-04,,,Perdido,0,2023,2023-12,Ricardo Aragão,Bem-Estar Saúde,Operadora verticalizada,PE,Placas e parafusos,Ortopedia,166972,0,166972,Troca de fonte pagadora no meio do processo,E2 Autorizacao,0,0,0,16,0,0,0,0
FH-2023-00951,2023-12-20,2023-12-31,2024-01-08,2024-03-05,Ganho,1,2024,2024-01,Ricardo Aragão,Bem-Estar Saúde,Operadora verticalizada,PE,Stent farmacológico,Cardiologia,1171624,1171624,0,,,62,161,223,11,57,136847,69285,67562
FH-2023-00813,2023-12-21,2024-01-02,,,Perdido,0,2023,2023-12,Paulo Menezes,Bem-Estar Saúde,Operadora verticalizada,PE,Grampeador cirúrgico,Cirurgia geral,93298,0,93298,Autorização expirou,E2 Autorizacao,0,0,0,12,0,0,0,0
FH-2023-01144,2023-12-21,2024-01-14,2024-02-04,2024-02-26,Ganho,1,2024,2024-02,Ricardo Aragão,Bem-Estar Saúde,Operadora verticalizada,PE,Implante de joelho,Ortopedia,293956,293956,0,,,68,148,216,24,22,49983,13424,36559
FH-2023-01129,2023-12-22,2024-01-03,2024-01-09,2024-03-11,Ganho,1,2024,2024-01,Cíntia Barbosa,Hospital Municipal de Olinda,Hospital público,AL,Introdutor e guia,Cardiologia,96320,96320,0,,,23,93,116,12,62,4270,1871,2399
FH-2023-01006,2023-12-23,2024-01-08,2024-01-26,,Perdido,0,2024,2024-01,Joana Rios,Hospital Municipal de Garanhuns,Hospital público,PE,Implante de joelho,Ortopedia,58298,0,58298,Troca de fornecedor em sala,E3 Cirurgia,22,0,22,16,0,0,0,0
FH-2023-01045,2023-12-23,2024-01-06,2024-01-26,,Perdido,0,2024,2024-01,Cíntia Barbosa,Hospital Regional de Petrolina,Hospital público,PE,Kit de consumo cirúrgico,Cirurgia geral,33217,0,33217,Troca de fornecedor em sala,E3 Cirurgia,22,0,22,14,0,0,0,0
FH-2023-01125,2023-12-23,2023-12-30,2024-01-18,2024-03-25,Ganho,1,2024,2024-01,Paulo Menezes,Centro Cirúrgico Casa Forte,Hospital privado,PE,Implante de joelho,Ortopedia,73210,73210,0,,,31,111,142,7,67,6492,4506,1986
FH-2023-00872,2023-12-24,,,,Perdido,0,2023,2023-12,Ricardo Aragão,Vitalis Rede Integrada,Operadora verticalizada,PE,Placas e parafusos,Ortopedia,303119,0,303119,Preço acima do concorrente,E1 Cotacao,0,0,0,0,0,0,0,0
FH-2023-01288,2023-12-24,2024-01-13,,,Perdido,0,2023,2023-12,Paulo Menezes,Vitalis Rede Integrada,Operadora verticalizada,PE,Kit de consumo cirúrgico,Cirurgia geral,139441,0,139441,Procedimento não autorizado pelo pagador,E2 Autorizacao,0,0,0,20,0,0,0,0
FH-2023-01271,2023-12-26,2024-01-19,2024-01-23,2024-04-10,Perdido,0,2024,2024-01,Tatiana Coelho,Hospital Municipal de Garanhuns,Hospital público,PE,Grampeador cirúrgico,Cirurgia geral,190861,0,190861,Glosa não recuperada,E4 Faturamento,29,0,29,24,78,0,0,0
FH-2023-00892,2023-12-27,2024-01-18,2024-02-01,2024-04-16,Ganho,1,2024,2024-02,Diego Fontes,Prever Saúde,Operadora não verticalizada,PE,Implante de quadril,Ortopedia,67462,67462,0,,,57,146,203,22,75,7977,5433,2544
FH-2023-00858,2023-12-28,2024-01-06,2024-01-26,2024-04-01,Ganho,1,2024,2024-01,Ricardo Aragão,Vitalis Rede Integrada,Operadora verticalizada,PE,Stent farmacológico,Cardiologia,110081,110081,0,,,52,178,230,9,66,8928,5723,3205
FH-2023-00982,2023-12-28,,,,Perdido,0,2023,2023-12,Márcia Duarte,Bem-Estar Saúde,Operadora verticalizada,PE,Introdutor e guia,Cardiologia,122746,0,122746,Produto indisponível em estoque,E1 Cotacao,0,0,0,0,0,0,0,0
FH-2023-01075,2023-12-28,2024-01-11,2024-01-31,2024-05-02,Ganho,1,2024,2024-01,Tatiana Coelho,Clínica Cirúrgica Derby,Hospital privado,PB,Cateter para angioplastia,Cardiologia,238021,238021,0,,,22,107,129,14,92,6121,4064,2057
FH-2023-01255,2023-12-28,2024-01-10,2024-01-19,2024-03-10,Ganho,1,2024,2024-01,Tatiana Coelho,Bem-Estar Saúde,Operadora verticalizada,PE,Implante de quadril,Ortopedia,166343,166343,0,,,16,107,123,13,51,8959,4086,4873
FH-2024-01331,2024-01-01,2024-01-14,2024-01-19,2024-03-19,Ganho,1,2024,2024-01,Marcelo Bastos,Vitalis Rede Integrada,Operadora verticalizada,PE,Grampeador cirúrgico,Cirurgia geral,113786,113786,0,,,53,131,184,13,60,6385,2016,4369
FH-2024-01627,2024-01-01,2024-01-22,2024-02-05,,Perdido,0,2024,2024-02,Paulo Menezes,Hospital Madalena,Hospital privado,AL,Placas e parafusos,Ortopedia,95388,0,95388,Material devolvido sem uso,E3 Cirurgia,22,0,22,21,0,0,0,0
FH-2024-01751,2024-01-01,2024-01-15,2024-01-26,2024-03-28,Perdido,0,2024,2024-01,Paulo Menezes,Bem-Estar Saúde,Operadora verticalizada,PE,Placas e parafusos,Ortopedia,91244,0,91244,Divergência na folha de sala,E4 Faturamento,28,0,28,14,62,0,0,0
FH-2024-01395,2024-01-02,2024-01-11,2024-01-25,2024-02-26,Ganho,1,2024,2024-01,Tatiana Coelho,Centro Cirúrgico Casa Forte,Hospital privado,PE,Marcapasso,Cardiologia,151698,151698,0,,,26,86,112,9,32,6123,1641,4482
FH-2024-01521,2024-01-02,2024-01-11,2024-01-21,2024-03-08,Ganho,1,2024,2024-01,Rogério Lins,Vitalis Rede Integrada,Operadora verticalizada,PE,Implante de joelho,Ortopedia,42797,42797,0,,,44,111,155,9,47,3358,897,2461
FH-2024-01585,2024-01-03,,,,Perdido,0,2024,2024-01,Verônica Sá,Saúde Atlântico,Operadora não verticalizada,AL,Placas e parafusos,Ortopedia,10983,0,10983,Produto indisponível em estoque,E1 Cotacao,0,0,0,0,0,0,0,0
FH-2024-01807,2024-01-03,2024-01-24,,,Perdido,0,2024,2024-01,Marcelo Bastos,Bem-Estar Saúde,Operadora verticalizada,PE,Implante de quadril,Ortopedia,231612,0,231612,Cirurgia cancelada,E2 Autorizacao,0,0,0,21,0,0,0,0
FH-2024-01503,2024-01-04,,,,Perdido,0,2024,2024-01,Paulo Menezes,Hospital Madalena,Hospital privado,AL,Malha e tela cirúrgica,Cirurgia geral,56174,0,56174,Preço acima do concorrente,E1 Cotacao,0,0,0,0,0,0,0,0
FH-2024-01700,2024-01-04,2024-01-11,2024-02-01,2024-02-24,Ganho,1,2024,2024-02,Ricardo Aragão,Vitalis Rede Integrada,Operadora verticalizada,PE,Haste intramedular,Ortopedia,222386,222386,0,,,63,177,240,7,23,32856,23099,9757
FH-2024-01401,2024-01-05,,,,Perdido,0,2024,2024-01,Cíntia Barbosa,Bom Viver Planos,Operadora não verticalizada,RN,Implante de joelho,Ortopedia,79083,0,79083,Cliente com fornecedor exclusivo,E1 Cotacao,0,0,0,0,0,0,0,0
FH-2024-01778,2024-01-05,,,,Perdido,0,2024,2024-01,Verônica Sá,Prever Saúde,Operadora não verticalizada,PE,Material para artroscopia,Ortopedia,73057,0,73057,Preço acima do concorrente,E1 Cotacao,0,0,0,0,0,0,0,0
FH-2024-01508,2024-01-06,2024-01-31,2024-02-19,2024-05-21,Ganho,1,2024,2024-02,Márcia Duarte,Hospital Boa Vista,Hospital privado,PB,Material para artroscopia,Ortopedia,71206,71206,0,,,42,109,151,25,92,6165,2918,3247
FH-2024-01525,2024-01-06,,,,Perdido,0,2024,2024-01,Paulo Menezes,Saúde Atlântico,Operadora não verticalizada,AL,Stent farmacológico,Cardiologia,348550,0,348550,Preço acima do concorrente,E1 Cotacao,0,0,0,0,0,0,0,0
FH-2024-01530,2024-01-07,2024-01-18,2024-02-07,2024-05-02,Ganho,1,2024,2024-02,Ricardo Aragão,Bem-Estar Saúde,Operadora verticalizada,PE,Kit de consumo cirúrgico,Cirurgia geral,172152,172152,0,,,46,144,190,11,85,27378,9153,18225
FH-2024-01729,2024-01-07,2024-01-22,2024-02-08,2024-05-10,Perdido,0,2024,2024-02,Diego Fontes,Hospital Municipal de Jaboatão,Hospital público,PE,Haste intramedular,Ortopedia,302195,0,302195,Nota fiscal não autorizada pelo hospital,E4 Faturamento,49,0,49,15,92,0,0,0
FH-2024-01296,2024-01-08,,,,Perdido,0,2024,2024-01,Marcelo Bastos,Prever Saúde,Operadora não verticalizada,PE,Implante de quadril,Ortopedia,149465,0,149465,Produto indisponível em estoque,E1 Cotacao,0,0,0,0,0,0,0,0
FH-2024-01474,2024-01-09,2024-01-30,2024-02-03,2024-04-09,Perdido,0,2024,2024-02,Joana Rios,Hospital São Fidélis,Hospital privado,PE,Grampeador cirúrgico,Cirurgia geral,12977,0,12977,Glosa não recuperada,E4 Faturamento,11,0,11,21,66,0,0,0
FH-2024-01548,2024-01-10,,,,Perdido,0,2024,2024-01,Tatiana Coelho,Hospital Municipal de Jaboatão,Hospital público,PE,Implante de quadril,Ortopedia,311278,0,311278,Preço acima do concorrente,E1 Cotacao,0,0,0,0,0,0,0,0
FH-2024-01309,2024-01-12,,,,Perdido,0,2024,2024-01,Tatiana Coelho,Vitalis Rede Integrada,Operadora verticalizada,PE,Grampeador cirúrgico,Cirurgia geral,59419,0,59419,Preço acima do concorrente,E1 Cotacao,0,0,0,0,0,0,0,0
FH-2024-01559,2024-01-12,2024-01-18,2024-02-08,2024-05-04,Ganho,1,2024,2024-02,Ricardo Aragão,Hospital Municipal do Cabo,Hospital público,PE,Implante de joelho,Ortopedia,58800,58800,0,,,65,169,234,6,86,5436,2471,2965
FH-2024-01386,2024-01-13,,,,Perdido,0,2024,2024-01,Rogério Lins,Hospital Municipal de Caruaru,Hospital público,RN,Stent farmacológico,Cardiologia,259843,0,259843,Cotação respondida fora do prazo,E1 Cotacao,0,0,0,0,0,0,0,0
FH-2024-01543,2024-01-13,2024-01-21,2024-01-24,2024-03-18,Perdido,0,2024,2024-01,Joana Rios,Hospital Prazeres,Hospital privado,PE,Grampeador cirúrgico,Cirurgia geral,10720,0,10720,Glosa não recuperada,E4 Faturamento,20,0,20,8,54,0,0,0
FH-2024-01771,2024-01-13,2024-02-05,,,Perdido,0,2024,2024-01,Rogério Lins,Saúde Atlântico,Operadora não verticalizada,AL,Cateter para angioplastia,Cardiologia,170731,0,170731,Autorização expirou,E2 Autorizacao,0,0,0,23,0,0,0,0
FH-2024-01324,2024-01-14,,,,Perdido,0,2024,2024-01,Ricardo Aragão,Vitalis Rede Integrada,Operadora verticalizada,PE,Material para artroscopia,Ortopedia,136833,0,136833,Cliente com fornecedor exclusivo,E1 Cotacao,0,0,0,0,0,0,0,0
FH-2024-01457,2024-01-14,2024-01-22,2024-02-09,2024-03-19,Ganho,1,2024,2024-02,Ivan Peixoto,Saúde Atlântico,Operadora não verticalizada,AL,Implante de joelho,Ortopedia,118273,118273,0,,,49,162,211,8,39,17612,10150,7462
FH-2024-01625,2024-01-14,2024-02-03,2024-02-10,,Perdido,0,2024,2024-02,Ricardo Aragão,Vitalis Rede Integrada,Operadora verticalizada,PE,Malha e tela cirúrgica,Cirurgia geral,107108,0,107108,Extravio intra-hospitalar,E3 Cirurgia,57,0,57,20,0,0,0,0
FH-2024-01702,2024-01-14,,,,Perdido,0,2024,2024-01,Tatiana Coelho,Hospital Graças,Hospital privado,PE,Material para artroscopia,Ortopedia,37400,0,37400,Preço acima do concorrente,E1 Cotacao,0,0,0,0,0,0,0,0
FH-2024-01336,2024-01-16,2024-01-24,,,Perdido,0,2024,2024-01,Tatiana Coelho,Hospital Graças,Hospital privado,PE,Cateter para angioplastia,Cardiologia,76160,0,76160,Procedimento não autorizado pelo pagador,E2 Autorizacao,0,0,0,8,0,0,0,0
FH-2024-01428,2024-01-16,2024-02-08,2024-02-20,2024-04-17,Ganho,1,2024,2024-02,Tatiana Coelho,Hospital Ponta Negra,Hospital privado,PE,Implante de quadril,Ortopedia,119916,119916,0,,,19,88,107,23,57,4972,2632,2340
FH-2024-01550,2024-01-16,2024-02-03,2024-02-24,2024-03-27,Ganho,1,2024,2024-02,Tatiana Coelho,Hospital Universitário de João Pessoa,Hospital público,PE,Placas e parafusos,Ortopedia,105816,105816,0,,,15,89,104,18,32,5899,3774,2125
FH-2024-01485,2024-01-18,,,,Perdido,0,2024,2024-01,Márcia Duarte,Hospital Ponta Negra,Hospital privado,PE,Marcapasso,Cardiologia,196735,0,196735,Preço acima do concorrente,E1 Cotacao,0,0,0,0,0,0,0,0
FH-2024-01790,2024-01-18,,,,Perdido,0,2024,2024-01,Paulo Menezes,Saúde Atlântico,Operadora não verticalizada,AL,Introdutor e guia,Cardiologia,814402,0,814402,Preço acima do concorrente,E1 Cotacao,0,0,0,0,0,0,0,0
FH-2024-01792,2024-01-18,,,,Perdido,0,2024,2024-01,Diego Fontes,Hospital Municipal do Cabo,Hospital público,PE,Marcapasso,Cardiologia,187606,0,187606,Produto indisponível em estoque,E1 Cotacao,0,0,0,0,0,0,0,0
FH-2024-01736,2024-01-19,2024-01-30,2024-02-14,2024-04-13,Perdido,0,2024,2024-02,Paulo Menezes,Bem-Estar Saúde,Operadora verticalizada,PE,Placas e parafusos,Ortopedia,177654,0,177654,Glosa não recuperada,E4 Faturamento,23,0,23,11,59,0,0,0
FH-2024-01716,2024-01-20,2024-02-13,2024-03-01,2024-04-14,Ganho,1,2024,2024-03,Ivan Peixoto,Bem-Estar Saúde,Operadora verticalizada,PE,Malha e tela cirúrgica,Cirurgia geral,46487,46487,0,,,50,155,205,24,44,5901,1674,4227
FH-2024-01439,2024-01-22,2024-01-28,2024-02-10,2024-03-03,Ganho,1,2024,2024-02,Ivan Peixoto,Bem-Estar Saúde,Operadora verticalizada,PE,Grampeador cirúrgico,Cirurgia geral,620490,620490,0,,,46,163,209,6,22,44583,19587,24996
FH-2024-01292,2024-01-23,2024-02-05,2024-02-13,2024-04-17,Perdido,0,2024,2024-02,Cíntia Barbosa,Bem-Estar Saúde,Operadora verticalizada,PE,Cateter para angioplastia,Cardiologia,264563,0,264563,Divergência na folha de sala,E4 Faturamento,17,0,17,13,64,0,0,0
FH-2024-01551,2024-01-23,2024-02-06,2024-02-20,2024-05-15,Ganho,1,2024,2024-02,Verônica Sá,Hospital Costa Verde,Hospital privado,RN,Introdutor e guia,Cardiologia,37664,37664,0,,,23,103,126,14,85,1836,1119,717
FH-2024-01623,2024-01-24,2024-01-29,2024-02-14,2024-05-11,Ganho,1,2024,2024-02,Marcelo Bastos,Hospital Vila Nova,Hospital privado,AL,Grampeador cirúrgico,Cirurgia geral,14134,14134,0,,,41,146,187,5,87,908,557,351
FH-2024-01624,2024-01-24,2024-02-11,2024-03-02,,Perdido,0,2024,2024-03,Ricardo Aragão,Bem-Estar Saúde,Operadora verticalizada,PE,Implante de joelho,Ortopedia,44817,0,44817,Troca de fornecedor em sala,E3 Cirurgia,67,0,67,18,0,0,0,0
FH-2024-01468,2024-01-25,2024-02-02,2024-02-20,2024-04-11,Ganho,1,2024,2024-02,Márcia Duarte,Vitalis Rede Integrada,Operadora verticalizada,PE,Marcapasso,Cardiologia,72451,72451,0,,,25,130,155,8,51,6433,3711,2722
FH-2024-01541,2024-01-26,2024-02-05,2024-02-08,2024-05-13,Ganho,1,2024,2024-02,Diego Fontes,Vitalis Rede Integrada,Operadora verticalizada,PE,Implante de quadril,Ortopedia,118553,118553,0,,,51,145,196,10,95,13129,6429,6700
FH-2024-01355,2024-01-27,2024-02-05,2024-02-17,2024-04-18,Ganho,1,2024,2024-02,Marcelo Bastos,Hospital Municipal de Olinda,Hospital público,AL,Material para artroscopia,Ortopedia,57762,57762,0,,,49,139,188,9,61,5935,3876,2059
FH-2024-01542,2024-01-27,2024-02-19,,,Perdido,0,2024,2024-01,Cíntia Barbosa,Hospital Vale do Capibaribe,Hospital privado,PE,Haste intramedular,Ortopedia,36977,0,36977,Autorização expirou,E2 Autorizacao,0,0,0,23,0,0,0,0
FH-2024-01651,2024-01-27,2024-02-04,,,Perdido,0,2024,2024-01,Joana Rios,Hospital Piedade,Hospital privado,RN,Haste intramedular,Ortopedia,44083,0,44083,Autorização expirou,E2 Autorizacao,0,0,0,8,0,0,0,0
FH-2024-01424,2024-01-28,2024-02-02,,,Perdido,0,2024,2024-01,Márcia Duarte,Prever Saúde,Operadora não verticalizada,PE,Placas e parafusos,Ortopedia,144422,0,144422,Cirurgia cancelada,E2 Autorizacao,0,0,0,5,0,0,0,0
FH-2024-01293,2024-02-01,,,,Perdido,0,2024,2024-02,Tatiana Coelho,Vitalis Rede Integrada,Operadora verticalizada,PE,Grampeador cirúrgico,Cirurgia geral,128587,0,128587,Preço acima do concorrente,E1 Cotacao,0,0,0,0,0,0,0,0
FH-2024-01396,2024-02-04,2024-02-24,2024-02-29,2024-05-05,Ganho,1,2024,2024-02,Márcia Duarte,Hospital Cabo Branco,Hospital privado,PE,Implante de quadril,Ortopedia,165626,165626,0,,,42,129,171,20,66,13030,6336,6694
FH-2024-01471,2024-02-04,2024-02-11,2024-03-02,2024-04-27,Ganho,1,2024,2024-03,Paulo Menezes,Saúde Atlântico,Operadora não verticalizada,AL,Grampeador cirúrgico,Cirurgia geral,46975,46975,0,,,46,130,176,7,56,2389,651,1738
FH-2024-01473,2024-02-04,2024-02-13,2024-02-23,2024-03-19,Ganho,1,2024,2024-02,Paulo Menezes,Vitalis Rede Integrada,Operadora verticalizada,PE,Marcapasso,Cardiologia,323209,323209,0,,,25,104,129,9,25,16430,8610,7820
FH-2024-01346,2024-02-06,2024-02-25,2024-03-12,2024-04-21,Ganho,1,2024,2024-03,Tatiana Coelho,Hospital Graças,Hospital privado,PE,Stent farmacológico,Cardiologia,166867,166867,0,,,21,105,126,19,40,6666,3945,2721
FH-2024-01394,2024-02-06,2024-02-27,2024-03-01,2024-04-10,Perdido,0,2024,2024-03,Ricardo Aragão,Bem-Estar Saúde,Operadora verticalizada,PE,Marcapasso,Cardiologia,381903,0,381903,Nota fiscal não autorizada pelo hospital,E4 Faturamento,68,0,68,21,40,0,0,0
FH-2024-01679,2024-02-06,2024-02-23,2024-03-06,2024-06-09,Ganho,1,2024,2024-03,Paulo Menezes,Instituto do Coração de Petrolina,Hospital privado,AL,Implante de joelho,Ortopedia,18687,18687,0,,,26,127,153,17,95,1585,866,719
FH-2024-01793,2024-02-06,2024-02-19,2024-02-29,2024-04-25,Ganho,1,2024,2024-02,Ivan Peixoto,Vitalis Rede Integrada,Operadora verticalizada,PE,Haste intramedular,Ortopedia,258702,258702,0,,,70,154,224,13,56,25167,8434,16733
FH-2024-01382,2024-02-08,,,,Perdido,0,2024,2024-02,Cíntia Barbosa,Hospital Universitário de João Pessoa,Hospital público,PE,Grampeador cirúrgico,Cirurgia geral,91568,0,91568,Cliente com fornecedor exclusivo,E1 Cotacao,0,0,0,0,0,0,0,0
FH-2024-01406,2024-02-08,2024-03-01,2024-03-07,,Perdido,0,2024,2024-03,Diego Fontes,Vitalis Rede Integrada,Operadora verticalizada,PE,Haste intramedular,Ortopedia,74782,0,74782,Troca de fornecedor em sala,E3 Cirurgia,57,0,57,22,0,0,0,0
FH-2024-01653,2024-02-08,,,,Perdido,0,2024,2024-02,Marcelo Bastos,Bom Viver Planos,Operadora não verticalizada,RN,Haste intramedular,Ortopedia,87400,0,87400,Preço acima do concorrente,E1 Cotacao,0,0,0,0,0,0,0,0
FH-2024-01467,2024-02-09,2024-03-04,2024-03-12,2024-05-31,Ganho,1,2024,2024-03,Tatiana Coelho,Hospital Sete Coqueiros,Hospital privado,PE,Haste intramedular,Ortopedia,74829,74829,0,,,18,111,129,24,80,2733,1147,1586
FH-2024-01711,2024-02-09,2024-03-04,,,Perdido,0,2024,2024-02,Diego Fontes,Vitalis Rede Integrada,Operadora verticalizada,PE,Haste intramedular,Ortopedia,297454,0,297454,Autorização expirou,E2 Autorizacao,0,0,0,24,0,0,0,0
FH-2024-01748,2024-02-09,,,,Perdido,0,2024,2024-02,Ricardo Aragão,Hospital Ilha do Leite,Hospital privado,PE,Placas e parafusos,Ortopedia,128626,0,128626,Sem contrato para atender,E1 Cotacao,0,0,0,0,0,0,0,0
FH-2024-01675,2024-02-10,2024-02-23,2024-03-09,2024-05-08,Ganho,1,2024,2024-03,Marcelo Bastos,Vitalis Rede Integrada,Operadora verticalizada,PE,Placas e parafusos,Ortopedia,209314,209314,0,,,33,135,168,13,60,24489,7285,17204
FH-2024-01687,2024-02-10,,,,Perdido,0,2024,2024-02,Ivan Peixoto,Hospital Universitário de João Pessoa,Hospital público,PE,Implante de joelho,Ortopedia,151805,0,151805,Preço acima do concorrente,E1 Cotacao,0,0,0,0,0,0,0,0
FH-2024-01722,2024-02-10,2024-03-03,2024-03-19,2024-04-21,Ganho,1,2024,2024-03,Cíntia Barbosa,Hospital Estadual de Pernambuco,Hospital público,PE,Haste intramedular,Ortopedia,15173,15173,0,,,27,131,158,22,33,876,422,454
FH-2024-01671,2024-02-12,2024-03-08,2024-03-29,2024-05-19,Ganho,1,2024,2024-03,Tatiana Coelho,Hospital Graças,Hospital privado,PE,Haste intramedular,Ortopedia,17042,17042,0,,,27,89,116,25,51,602,369,233
FH-2024-01808,2024-02-12,,,,Perdido,0,2024,2024-02,Ivan Peixoto,Bem-Estar Saúde,Operadora verticalizada,PE,Cateter para angioplastia,Cardiologia,91322,0,91322,Preço acima do concorrente,E1 Cotacao,0,0,0,0,0,0,0,0
FH-2024-01317,2024-02-13,,,,Perdido,0,2024,2024-02,Tatiana Coelho,Hospital Casa Amarela,Hospital privado,PE,Introdutor e guia,Cardiologia,71958,0,71958,Cotação respondida fora do prazo,E1 Cotacao,0,0,0,0,0,0,0,0
FH-2024-01460,2024-02-14,2024-03-07,2024-03-12,2024-05-06,Ganho,1,2024,2024-03,Ricardo Aragão,Vitalis Rede Integrada,Operadora verticalizada,PE,Implante de joelho,Ortopedia,353193,353193,0,,,62,138,200,22,55,31497,9251,22246
FH-2024-01516,2024-02-15,2024-02-26,2024-03-18,2024-04-19,Ganho,1,2024,2024-03,Márcia Duarte,Hospital Casa Amarela,Hospital privado,PE,Placas e parafusos,Ortopedia,63481,63481,0,,,47,113,160,11,32,4743,2054,2689
FH-2024-01783,2024-02-15,2024-02-24,2024-03-08,2024-04-09,Ganho,1,2024,2024-03,Diego Fontes,Vitalis Rede Integrada,Operadora verticalizada,PE,Implante de quadril,Ortopedia,48329,48329,0,,,47,127,174,9,32,4342,3032,1310
FH-2024-01799,2024-02-16,2024-02-29,2024-03-09,2024-05-09,Ganho,1,2024,2024-03,Ivan Peixoto,Vitalis Rede Integrada,Operadora verticalizada,PE,Cateter para angioplastia,Cardiologia,187199,187199,0,,,64,169,233,13,61,29522,10498,19024
FH-2024-01589,2024-02-17,,,,Perdido,0,2024,2024-02,Paulo Menezes,Saúde Atlântico,Operadora não verticalizada,AL,Placas e parafusos,Ortopedia,87110,0,87110,Sem contrato para atender,E1 Cotacao,0,0,0,0,0,0,0,0
FH-2024-01820,2024-02-17,2024-03-12,2024-03-20,2024-04-18,Ganho,1,2024,2024-03,Diego Fontes,Bem-Estar Saúde,Operadora verticalizada,PE,Haste intramedular,Ortopedia,133555,133555,0,,,45,155,200,24,29,16188,11068,5120
FH-2024-01450,2024-02-18,2024-02-26,2024-03-03,2024-05-09,Perdido,0,2024,2024-03,Rogério Lins,Bem-Estar Saúde,Operadora verticalizada,PE,Material para artroscopia,Ortopedia,154675,0,154675,Divergência na folha de sala,E4 Faturamento,24,0,24,8,67,0,0,0
FH-2024-01801,2024-02-18,2024-03-03,2024-03-18,2024-05-24,Ganho,1,2024,2024-03,Cíntia Barbosa,Vitalis Rede Integrada,Operadora verticalizada,PE,Introdutor e guia,Cardiologia,60133,60133,0,,,22,114,136,14,67,2988,911,2077
FH-2024-01332,2024-02-20,,,,Perdido,0,2024,2024-02,Rogério Lins,Vitalis Rede Integrada,Operadora verticalizada,PE,Implante de quadril,Ortopedia,367988,0,367988,Cliente com fornecedor exclusivo,E1 Cotacao,0,0,0,0,0,0,0,0
FH-2024-01628,2024-02-20,2024-02-27,,,Perdido,0,2024,2024-02,Tatiana Coelho,Hospital Ilha do Leite,Hospital privado,PE,Implante de joelho,Ortopedia,106650,0,106650,Troca de fonte pagadora no meio do processo,E2 Autorizacao,0,0,0,7,0,0,0,0
FH-2024-01655,2024-02-20,2024-02-26,2024-03-05,2024-04-05,Ganho,1,2024,2024-03,Marcelo Bastos,Hospital Regional do Agreste,Hospital público,RN,Grampeador cirúrgico,Cirurgia geral,194873,194873,0,,,34,113,147,6,31,18182,7614,10568
FH-2024-01682,2024-02-20,2024-03-10,2024-03-13,2024-04-22,Ganho,1,2024,2024-03,Paulo Menezes,Bom Viver Planos,Operadora não verticalizada,RN,Grampeador cirúrgico,Cirurgia geral,77463,77463,0,,,27,118,145,19,40,6810,3412,3398
FH-2024-01664,2024-02-21,2024-03-15,2024-03-25,2024-05-13,Perdido,0,2024,2024-03,Verônica Sá,Prever Saúde,Operadora não verticalizada,PE,Implante de quadril,Ortopedia,142847,0,142847,Inadimplência do cliente,E4 Faturamento,32,0,32,23,49,0,0,0
FH-2024-01707,2024-02-21,2024-03-04,2024-03-09,2024-05-10,Ganho,1,2024,2024-03,Marcelo Bastos,Hospital Ponta Verde,Hospital privado,PE,Material para artroscopia,Ortopedia,111710,111710,0,,,44,124,168,12,62,11748,4466,7282
FH-2024-01325,2024-02-22,2024-03-03,2024-03-08,2024-05-31,Ganho,1,2024,2024-03,Joana Rios,Clínica Cardio Espinheiro,Hospital privado,AL,Implante de joelho,Ortopedia,147707,147707,0,,,17,84,101,10,84,4873,1602,3271
FH-2024-01375,2024-02-22,2024-03-03,2024-03-17,2024-06-08,Perdido,0,2024,2024-03,Rogério Lins,Bem-Estar Saúde,Operadora verticalizada,PE,Malha e tela cirúrgica,Cirurgia geral,205934,0,205934,Nota fiscal não autorizada pelo hospital,E4 Faturamento,30,0,30,10,83,0,0,0
FH-2024-01540,2024-02-22,2024-02-25,2024-03-08,2024-05-28,Ganho,1,2024,2024-03,Marcelo Bastos,Hospital Vale do Capibaribe,Hospital privado,PE,Material para artroscopia,Ortopedia,77540,77540,0,,,56,118,174,3,81,7756,4419,3337
FH-2024-01640,2024-02-22,2024-03-13,2024-03-21,2024-05-30,Perdido,0,2024,2024-03,Paulo Menezes,Hospital Sete Coqueiros,Hospital privado,PE,Implante de quadril,Ortopedia,96299,0,96299,Glosa não recuperada,E4 Faturamento,47,0,47,20,70,0,0,0
FH-2024-01421,2024-02-26,2024-03-21,2024-04-08,2024-06-05,Ganho,1,2024,2024-04,Paulo Menezes,Bem-Estar Saúde,Operadora verticalizada,PE,Material para artroscopia,Ortopedia,296483,296483,0,,,34,126,160,24,58,17271,12409,4862
FH-2024-01582,2024-02-26,2024-03-18,2024-04-01,2024-06-27,Ganho,1,2024,2024-04,Ivan Peixoto,Hospital Farol de Maceió,Hospital privado,AL,Placas e parafusos,Ortopedia,74975,74975,0,,,57,170,227,21,87,13059,7176,5883
FH-2024-01761,2024-02-26,2024-03-11,2024-03-23,2024-04-12,Ganho,1,2024,2024-03,Ivan Peixoto,Bem-Estar Saúde,Operadora verticalizada,PE,Kit de consumo cirúrgico,Cirurgia geral,69822,69822,0,,,63,140,203,14,20,6648,3267,3381
FH-2024-01420,2024-02-27,2024-03-01,2024-03-10,2024-05-28,Ganho,1,2024,2024-03,Diego Fontes,Bem-Estar Saúde,Operadora verticalizada,PE,Introdutor e guia,Cardiologia,129010,129010,0,,,43,155,198,3,79,16620,4533,12087
FH-2024-01814,2024-02-27,2024-03-06,,,Perdido,0,2024,2024-02,Márcia Duarte,Hospital Boa Vista,Hospital privado,PB,Placas e parafusos,Ortopedia,68877,0,68877,Procedimento não autorizado pelo pagador,E2 Autorizacao,0,0,0,8,0,0,0,0
FH-2024-01699,2024-02-28,,,,Perdido,0,2024,2024-02,Rogério Lins,Hospital São Rafael de Olinda,Hospital privado,PE,Malha e tela cirúrgica,Cirurgia geral,34300,0,34300,Cliente com fornecedor exclusivo,E1 Cotacao,0,0,0,0,0,0,0,0
FH-2024-01492,2024-03-01,2024-03-13,2024-03-16,2024-06-19,Perdido,0,2024,2024-03,Diego Fontes,Prever Saúde,Operadora não verticalizada,PE,Malha e tela cirúrgica,Cirurgia geral,75660,0,75660,Glosa não recuperada,E4 Faturamento,52,0,52,12,95,0,0,0
FH-2024-01634,2024-03-01,2024-03-07,2024-03-17,2024-06-04,Ganho,1,2024,2024-03,Tatiana Coelho,Hospital Madalena,Hospital privado,AL,Grampeador cirúrgico,Cirurgia geral,38745,38745,0,,,32,98,130,6,79,2146,788,1358
FH-2024-01404,2024-03-03,,,,Perdido,0,2024,2024-03,Ivan Peixoto,Bem-Estar Saúde,Operadora verticalizada,PE,Placas e parafusos,Ortopedia,540234,0,540234,Preço acima do concorrente,E1 Cotacao,0,0,0,0,0,0,0,0
FH-2024-01515,2024-03-03,,,,Perdido,0,2024,2024-03,Ivan Peixoto,Bem-Estar Saúde,Operadora verticalizada,PE,Implante de joelho,Ortopedia,103982,0,103982,Cotação respondida fora do prazo,E1 Cotacao,0,0,0,0,0,0,0,0
FH-2024-01734,2024-03-04,2024-03-16,2024-03-24,2024-04-24,Ganho,1,2024,2024-03,Cíntia Barbosa,Hospital Municipal do Cabo,Hospital público,PE,Placas e parafusos,Ortopedia,48778,48778,0,,,25,112,137,12,31,1340,783,557
FH-2024-01385,2024-03-05,2024-03-14,2024-03-17,2024-05-18,Ganho,1,2024,2024-03,Verônica Sá,Hospital Rio Doce,Hospital privado,AL,Material para artroscopia,Ortopedia,50788,50788,0,,,40,113,153,9,62,1863,1190,673
FH-2024-01643,2024-03-05,2024-03-11,2024-03-14,2024-04-22,Ganho,1,2024,2024-03,Tatiana Coelho,Vitalis Rede Integrada,Operadora verticalizada,PE,Implante de joelho,Ortopedia,27804,27804,0,,,30,97,127,6,39,1023,436,587
FH-2024-01298,2024-03-06,2024-03-31,2024-04-04,2024-05-06,Ganho,1,2024,2024-04,Ivan Peixoto,Clínica Cardio Espinheiro,Hospital privado,AL,Kit de consumo cirúrgico,Cirurgia geral,36963,36963,0,,,51,172,223,25,32,3413,2291,1122
FH-2024-01476,2024-03-06,,,,Perdido,0,2024,2024-03,Joana Rios,Clínica Vida Nova,Hospital privado,PE,Implante de joelho,Ortopedia,55205,0,55205,Cotação respondida fora do prazo,E1 Cotacao,0,0,0,0,0,0,0,0
FH-2024-01320,2024-03-07,2024-03-23,2024-03-31,2024-05-05,Ganho,1,2024,2024-03,Márcia Duarte,Hospital Bairro Novo,Hospital privado,PB,Placas e parafusos,Ortopedia,107501,107501,0,,,44,115,159,16,35,7526,2001,5525
FH-2024-01389,2024-03-07,2024-03-27,2024-04-07,2024-06-21,Ganho,1,2024,2024-04,Cíntia Barbosa,Hospital Geral de Maceió,Hospital público,RN,Haste intramedular,Ortopedia,141011,141011,0,,,27,105,132,20,75,8272,4431,3841
FH-2024-01563,2024-03-07,,,,Perdido,0,2024,2024-03,Marcelo Bastos,Bom Viver Planos,Operadora não verticalizada,RN,Implante de quadril,Ortopedia,193293,0,193293,Cliente com fornecedor exclusivo,E1 Cotacao,0,0,0,0,0,0,0,0
FH-2024-01630,2024-03-08,2024-03-21,2024-03-31,2024-05-27,Perdido,0,2024,2024-03,Diego Fontes,Bom Viver Planos,Operadora não verticalizada,RN,Stent farmacológico,Cardiologia,465945,0,465945,Divergência na folha de sala,E4 Faturamento,36,0,36,13,57,0,0,0
FH-2024-01747,2024-03-08,2024-03-13,2024-03-21,2024-04-19,Ganho,1,2024,2024-03,Paulo Menezes,Bom Viver Planos,Operadora não verticalizada,RN,Implante de joelho,Ortopedia,38884,38884,0,,,29,125,154,5,29,1877,559,1318
FH-2024-01345,2024-03-10,2024-03-29,2024-04-08,2024-04-29,Ganho,1,2024,2024-04,Ricardo Aragão,Bem-Estar Saúde,Operadora verticalizada,PE,Placas e parafusos,Ortopedia,361416,361416,0,,,61,156,217,19,21,38028,13154,24874
FH-2024-01753,2024-03-10,2024-03-29,2024-04-13,2024-05-22,Ganho,1,2024,2024-04,Paulo Menezes,Vitalis Rede Integrada,Operadora verticalizada,PE,Implante de quadril,Ortopedia,384675,384675,0,,,31,133,164,19,39,18988,13878,5110
FH-2024-01787,2024-03-10,,,,Perdido,0,2024,2024-03,Diego Fontes,Vitalis Rede Integrada,Operadora verticalizada,PE,Introdutor e guia,Cardiologia,85307,0,85307,Sem contrato para atender,E1 Cotacao,0,0,0,0,0,0,0,0
FH-2024-01306,2024-03-11,2024-03-19,2024-03-26,2024-04-17,Perdido,0,2024,2024-03,Ricardo Aragão,Vitalis Rede Integrada,Operadora verticalizada,PE,Implante de quadril,Ortopedia,177239,0,177239,Inadimplência do cliente,E4 Faturamento,51,0,51,8,22,0,0,0
FH-2024-01349,2024-03-12,,,,Perdido,0,2024,2024-03,Rogério Lins,Saúde Atlântico,Operadora não verticalizada,AL,Implante de quadril,Ortopedia,51281,0,51281,Preço acima do concorrente,E1 Cotacao,0,0,0,0,0,0,0,0
FH-2024-01570,2024-03-13,2024-03-26,2024-04-08,2024-07-07,Ganho,1,2024,2024-04,Joana Rios,Hospital Municipal do Cabo,Hospital público,PE,Introdutor e guia,Cardiologia,88095,88095,0,,,14,91,105,13,90,2217,908,1309
FH-2024-01438,2024-03-14,2024-03-27,2024-04-15,2024-05-27,Ganho,1,2024,2024-04,Diego Fontes,Vitalis Rede Integrada,Operadora verticalizada,PE,Implante de joelho,Ortopedia,108903,108903,0,,,53,131,184,13,42,9560,5257,4303
FH-2024-01620,2024-03-14,2024-03-25,2024-03-28,2024-06-10,Ganho,1,2024,2024-03,Joana Rios,Hospital Ponta Verde,Hospital privado,PE,Marcapasso,Cardiologia,87789,87789,0,,,8,73,81,11,74,3798,1845,1953
FH-2024-01573,2024-03-15,,,,Perdido,0,2024,2024-03,Márcia Duarte,Vitalis Rede Integrada,Operadora verticalizada,PE,Implante de joelho,Ortopedia,69221,0,69221,Produto indisponível em estoque,E1 Cotacao,0,0,0,0,0,0,0,0
FH-2024-01733,2024-03-15,2024-03-31,2024-04-07,2024-06-26,Perdido,0,2024,2024-04,Tatiana Coelho,Bem-Estar Saúde,Operadora verticalizada,PE,Implante de quadril,Ortopedia,101160,0,101160,Glosa não recuperada,E4 Faturamento,12,0,12,16,80,0,0,0
FH-2024-01367,2024-03-16,,,,Perdido,0,2024,2024-03,Paulo Menezes,Bem-Estar Saúde,Operadora verticalizada,PE,Marcapasso,Cardiologia,33926,0,33926,Preço acima do concorrente,E1 Cotacao,0,0,0,0,0,0,0,0
FH-2024-01397,2024-03-16,2024-04-11,2024-04-25,2024-06-19,Ganho,1,2024,2024-04,Ricardo Aragão,Bem-Estar Saúde,Operadora verticalizada,PE,Implante de quadril,Ortopedia,354977,354977,0,,,70,140,210,26,55,60013,21718,38295
FH-2024-01812,2024-03-16,,,,Perdido,0,2024,2024-03,Ivan Peixoto,Bem-Estar Saúde,Operadora verticalizada,PE,Material para artroscopia,Ortopedia,223050,0,223050,Cotação respondida fora do prazo,E1 Cotacao,0,0,0,0,0,0,0,0
FH-2024-01342,2024-03-19,,,,Perdido,0,2024,2024-03,Joana Rios,Hospital São Fidélis,Hospital privado,PE,Kit de consumo cirúrgico,Cirurgia geral,21270,0,21270,Cliente com fornecedor exclusivo,E1 Cotacao,0,0,0,0,0,0,0,0
FH-2024-01656,2024-03-20,,,,Perdido,0,2024,2024-03,Márcia Duarte,Clínica Cirúrgica Derby,Hospital privado,PB,Grampeador cirúrgico,Cirurgia geral,56643,0,56643,Preço acima do concorrente,E1 Cotacao,0,0,0,0,0,0,0,0
FH-2024-01403,2024-03-21,,,,Perdido,0,2024,2024-03,Márcia Duarte,Bom Viver Planos,Operadora não verticalizada,RN,Kit de consumo cirúrgico,Cirurgia geral,30360,0,30360,Sem contrato para atender,E1 Cotacao,0,0,0,0,0,0,0,0
FH-2024-01482,2024-03-21,,,,Perdido,0,2024,2024-03,Ivan Peixoto,Hospital Sete Coqueiros,Hospital privado,PE,Placas e parafusos,Ortopedia,226538,0,226538,Produto indisponível em estoque,E1 Cotacao,0,0,0,0,0,0,0,0
FH-2024-01519,2024-03-21,2024-04-13,2024-04-27,2024-07-26,Ganho,1,2024,2024-04,Rogério Lins,Bem-Estar Saúde,Operadora verticalizada,PE,Kit de consumo cirúrgico,Cirurgia geral,101211,101211,0,,,38,107,145,23,90,7829,3850,3979
FH-2024-01696,2024-03-21,2024-04-03,2024-04-20,2024-05-16,Ganho,1,2024,2024-04,Ricardo Aragão,Bem-Estar Saúde,Operadora verticalizada,PE,Malha e tela cirúrgica,Cirurgia geral,48315,48315,0,,,49,163,212,13,26,5255,1828,3427
FH-2024-01725,2024-03-21,2024-03-25,2024-04-13,2024-05-18,Ganho,1,2024,2024-04,Tatiana Coelho,Bom Viver Planos,Operadora não verticalizada,RN,Cateter para angioplastia,Cardiologia,222553,222553,0,,,17,105,122,4,35,9180,3786,5394
FH-2024-01781,2024-03-21,2024-04-01,2024-04-19,2024-06-23,Ganho,1,2024,2024-04,Márcia Duarte,Bem-Estar Saúde,Operadora verticalizada,PE,Malha e tela cirúrgica,Cirurgia geral,81499,81499,0,,,24,111,135,11,65,8133,3190,4943
FH-2024-01806,2024-03-21,,,,Perdido,0,2024,2024-03,Rogério Lins,Vitalis Rede Integrada,Operadora verticalizada,PE,Grampeador cirúrgico,Cirurgia geral,250626,0,250626,Produto indisponível em estoque,E1 Cotacao,0,0,0,0,0,0,0,0
FH-2024-01561,2024-03-22,2024-03-29,2024-04-09,2024-06-21,Ganho,1,2024,2024-04,Marcelo Bastos,Hospital Ilha do Leite,Hospital privado,PE,Cateter para angioplastia,Cardiologia,81245,81245,0,,,38,119,157,7,73,3990,2668,1322
FH-2024-01661,2024-03-22,,,,Perdido,0,2024,2024-03,Cíntia Barbosa,Bom Viver Planos,Operadora não verticalizada,RN,Placas e parafusos,Ortopedia,53872,0,53872,Sem contrato para atender,E1 Cotacao,0,0,0,0,0,0,0,0
FH-2024-01371,2024-03-23,2024-04-11,2024-05-02,2024-05-27,Ganho,1,2024,2024-05,Tatiana Coelho,Hospital Bairro Novo,Hospital privado,PB,Material para artroscopia,Ortopedia,21477,21477,0,,,29,102,131,19,25,977,347,630
FH-2024-01618,2024-03-23,,,,Perdido,0,2024,2024-03,Márcia Duarte,Hospital Municipal de Caruaru,Hospital público,RN,Grampeador cirúrgico,Cirurgia geral,99906,0,99906,Cliente com fornecedor exclusivo,E1 Cotacao,0,0,0,0,0,0,0,0
FH-2024-01611,2024-03-25,2024-04-04,2024-04-18,2024-06-19,Ganho,1,2024,2024-04,Márcia Duarte,Bem-Estar Saúde,Operadora verticalizada,PE,Marcapasso,Cardiologia,82406,82406,0,,,32,114,146,10,62,5293,3617,1676
FH-2024-01632,2024-03-25,2024-04-01,2024-04-15,2024-07-09,Ganho,1,2024,2024-04,Tatiana Coelho,Bem-Estar Saúde,Operadora verticalizada,PE,Cateter para angioplastia,Cardiologia,303096,303096,0,,,32,83,115,7,85,16605,11583,5022
FH-2024-01429,2024-03-26,2024-04-10,2024-04-28,2024-06-08,Ganho,1,2024,2024-04,Diego Fontes,Hospital Nossa Senhora do Carmo,Hospital privado,PE,Stent farmacológico,Cardiologia,344432,344432,0,,,64,137,201,15,41,39611,23978,15633
FH-2024-01487,2024-03-26,2024-04-10,2024-04-23,2024-07-15,Perdido,0,2024,2024-04,Diego Fontes,Bem-Estar Saúde,Operadora verticalizada,PE,Material para artroscopia,Ortopedia,359693,0,359693,Divergência na folha de sala,E4 Faturamento,44,0,44,15,83,0,0,0
FH-2024-01520,2024-03-26,,,,Perdido,0,2024,2024-03,Paulo Menezes,Hospital Nossa Senhora do Carmo,Hospital privado,PE,Implante de quadril,Ortopedia,92530,0,92530,Cotação respondida fora do prazo,E1 Cotacao,0,0,0,0,0,0,0,0
FH-2024-01327,2024-03-27,2024-04-22,2024-05-13,2024-06-09,Ganho,1,2024,2024-05,Diego Fontes,Bem-Estar Saúde,Operadora verticalizada,PE,Implante de quadril,Ortopedia,187654,187654,0,,,53,134,187,26,27,22360,12027,10333
FH-2024-01337,2024-03-27,2024-04-22,2024-04-26,2024-06-04,Ganho,1,2024,2024-04,Paulo Menezes,Hospital Pina,Hospital privado,AL,Kit de consumo cirúrgico,Cirurgia geral,8266,8266,0,,,41,98,139,26,39,313,192,121
FH-2024-01379,2024-03-27,,,,Perdido,0,2024,2024-03,Márcia Duarte,Bem-Estar Saúde,Operadora verticalizada,PE,Haste intramedular,Ortopedia,132036,0,132036,Produto indisponível em estoque,E1 Cotacao,0,0,0,0,0,0,0,0
FH-2024-01533,2024-03-27,2024-04-05,2024-04-21,2024-05-16,Ganho,1,2024,2024-04,Diego Fontes,Vitalis Rede Integrada,Operadora verticalizada,PE,Material para artroscopia,Ortopedia,213152,213152,0,,,63,147,210,9,25,14669,7927,6742
FH-2024-01333,2024-03-28,2024-04-23,2024-05-06,2024-06-23,Ganho,1,2024,2024-05,Joana Rios,Hospital Pina,Hospital privado,AL,Material para artroscopia,Ortopedia,119052,119052,0,,,13,69,82,26,48,3938,1525,2413
FH-2024-01554,2024-03-28,,,,Perdido,0,2024,2024-03,Paulo Menezes,Bom Viver Planos,Operadora não verticalizada,RN,Stent farmacológico,Cardiologia,99585,0,99585,Cliente com fornecedor exclusivo,E1 Cotacao,0,0,0,0,0,0,0,0
FH-2024-01646,2024-03-28,2024-04-14,2024-04-29,2024-06-13,Ganho,1,2024,2024-04,Márcia Duarte,Bom Viver Planos,Operadora não verticalizada,RN,Marcapasso,Cardiologia,84947,84947,0,,,37,121,158,17,45,4517,3004,1513
FH-2024-01617,2024-04-01,2024-04-20,2024-05-07,2024-05-28,Ganho,1,2024,2024-05,Ricardo Aragão,Bem-Estar Saúde,Operadora verticalizada,PE,Material para artroscopia,Ortopedia,246974,246974,0,,,59,162,221,19,21,24249,16099,8150
FH-2024-01576,2024-04-02,2024-04-11,,,Perdido,0,2024,2024-04,Tatiana Coelho,Vitalis Rede Integrada,Operadora verticalizada,PE,Material para artroscopia,Ortopedia,171383,0,171383,Cirurgia cancelada,E2 Autorizacao,0,0,0,9,0,0,0,0
FH-2024-01810,2024-04-02,2024-04-21,2024-04-29,2024-07-18,Ganho,1,2024,2024-04,Tatiana Coelho,Hospital Pina,Hospital privado,AL,Material para artroscopia,Ortopedia,126821,126821,0,,,27,103,130,19,80,4664,3387,1277
FH-2024-01364,2024-04-03,,,,Perdido,0,2024,2024-04,Diego Fontes,Vitalis Rede Integrada,Operadora verticalizada,PE,Haste intramedular,Ortopedia,249818,0,249818,Cotação respondida fora do prazo,E1 Cotacao,0,0,0,0,0,0,0,0
FH-2024-01399,2024-04-03,2024-04-26,2024-05-12,,Perdido,0,2024,2024-05,Márcia Duarte,Vitalis Rede Integrada,Operadora verticalizada,PE,Material para artroscopia,Ortopedia,96242,0,96242,Troca de fornecedor em sala,E3 Cirurgia,41,0,41,23,0,0,0,0
FH-2024-01635,2024-04-04,,,,Perdido,0,2024,2024-04,Diego Fontes,Clínica Cirúrgica Derby,Hospital privado,PB,Haste intramedular,Ortopedia,222335,0,222335,Cliente com fornecedor exclusivo,E1 Cotacao,0,0,0,0,0,0,0,0
FH-2024-01452,2024-04-06,2024-04-11,2024-04-14,2024-06-03,Ganho,1,2024,2024-04,Ricardo Aragão,Bem-Estar Saúde,Operadora verticalizada,PE,Material para artroscopia,Ortopedia,170662,170662,0,,,68,153,221,5,50,16356,5819,10537
FH-2024-01470,2024-04-06,2024-04-14,2024-04-26,2024-05-20,Ganho,1,2024,2024-04,Paulo Menezes,Bem-Estar Saúde,Operadora verticalizada,PE,Material para artroscopia,Ortopedia,75100,75100,0,,,30,134,164,8,24,2821,979,1842
FH-2024-01665,2024-04-06,2024-05-01,2024-05-12,2024-07-19,Ganho,1,2024,2024-05,Ricardo Aragão,Bem-Estar Saúde,Operadora verticalizada,PE,Implante de quadril,Ortopedia,26226,26226,0,,,69,166,235,25,68,3768,1401,2367
FH-2024-01443,2024-04-07,2024-04-30,2024-05-07,2024-06-23,Ganho,1,2024,2024-05,Rogério Lins,Bem-Estar Saúde,Operadora verticalizada,PE,Cateter para angioplastia,Cardiologia,271850,271850,0,,,51,111,162,23,47,21618,8152,13466
FH-2024-01663,2024-04-07,2024-04-13,2024-04-15,2024-05-06,Ganho,1,2024,2024-04,Ricardo Aragão,Vitalis Rede Integrada,Operadora verticalizada,PE,Implante de joelho,Ortopedia,425210,425210,0,,,55,156,211,6,21,46130,25333,20797
FH-2024-01770,2024-04-07,2024-05-02,2024-05-21,2024-06-13,Ganho,1,2024,2024-05,Ricardo Aragão,Bem-Estar Saúde,Operadora verticalizada,PE,Grampeador cirúrgico,Cirurgia geral,32543,32543,0,,,76,154,230,25,23,3274,1003,2271
FH-2024-01780,2024-04-07,2024-04-18,2024-04-27,2024-06-07,Ganho,1,2024,2024-04,Rogério Lins,Vitalis Rede Integrada,Operadora verticalizada,PE,Stent farmacológico,Cardiologia,101446,101446,0,,,32,135,167,11,41,8832,4362,4470
FH-2024-01299,2024-04-08,2024-04-25,,,Perdido,0,2024,2024-04,Márcia Duarte,Bem-Estar Saúde,Operadora verticalizada,PE,Cateter para angioplastia,Cardiologia,711905,0,711905,Procedimento não autorizado pelo pagador,E2 Autorizacao,0,0,0,17,0,0,0,0
FH-2024-01455,2024-04-08,,,,Perdido,0,2024,2024-04,Ivan Peixoto,Bem-Estar Saúde,Operadora verticalizada,PE,Implante de joelho,Ortopedia,116170,0,116170,Produto indisponível em estoque,E1 Cotacao,0,0,0,0,0,0,0,0
FH-2024-01547,2024-04-09,,,,Perdido,0,2024,2024-04,Marcelo Bastos,Vitalis Rede Integrada,Operadora verticalizada,PE,Stent farmacológico,Cardiologia,1221790,0,1221790,Preço acima do concorrente,E1 Cotacao,0,0,0,0,0,0,0,0
FH-2024-01763,2024-04-09,2024-04-15,2024-04-29,2024-06-02,Ganho,1,2024,2024-04,Diego Fontes,Prever Saúde,Operadora não verticalizada,PE,Introdutor e guia,Cardiologia,340896,340896,0,,,45,140,185,6,34,28026,14315,13711
FH-2024-01497,2024-04-10,2024-05-02,2024-05-18,2024-08-21,Ganho,1,2024,2024-05,Joana Rios,Hospital Municipal de Paulista,Hospital público,PE,Implante de joelho,Ortopedia,101324,101324,0,,,12,64,76,22,95,2689,1042,1647
FH-2024-01668,2024-04-10,2024-04-25,2024-05-15,2024-08-12,Ganho,1,2024,2024-05,Tatiana Coelho,Vitalis Rede Integrada,Operadora verticalizada,PE,Stent farmacológico,Cardiologia,287104,287104,0,,,19,105,124,15,89,7836,3544,4292
FH-2024-01593,2024-04-11,2024-04-17,2024-05-05,2024-07-02,Perdido,0,2024,2024-05,Rogério Lins,Bem-Estar Saúde,Operadora verticalizada,PE,Grampeador cirúrgico,Cirurgia geral,212835,0,212835,Inadimplência do cliente,E4 Faturamento,49,0,49,6,58,0,0,0
FH-2024-01316,2024-04-12,,,,Perdido,0,2024,2024-04,Joana Rios,Hospital Piedade,Hospital privado,RN,Marcapasso,Cardiologia,143820,0,143820,Preço acima do concorrente,E1 Cotacao,0,0,0,0,0,0,0,0
FH-2024-01509,2024-04-13,2024-05-01,2024-05-11,2024-06-30,Ganho,1,2024,2024-05,Rogério Lins,Vitalis Rede Integrada,Operadora verticalizada,PE,Marcapasso,Cardiologia,138830,138830,0,,,29,124,153,18,50,6408,4473,1935
FH-2024-01568,2024-04-14,2024-04-25,,,Perdido,0,2024,2024-04,Tatiana Coelho,Vitalis Rede Integrada,Operadora verticalizada,PE,Implante de quadril,Ortopedia,273124,0,273124,Procedimento não autorizado pelo pagador,E2 Autorizacao,0,0,0,11,0,0,0,0
FH-2024-01798,2024-04-14,,,,Perdido,0,2024,2024-04,Rogério Lins,Vitalis Rede Integrada,Operadora verticalizada,PE,Haste intramedular,Ortopedia,186327,0,186327,Preço acima do concorrente,E1 Cotacao,0,0,0,0,0,0,0,0
FH-2024-01691,2024-04-15,2024-04-20,2024-04-22,2024-07-05,Ganho,1,2024,2024-04,Cíntia Barbosa,Hospital Municipal do Cabo,Hospital público,PE,Material para artroscopia,Ortopedia,84374,84374,0,,,30,94,124,5,74,4342,2133,2209
FH-2024-01425,2024-04-16,2024-05-05,2024-05-20,2024-07-29,Ganho,1,2024,2024-05,Joana Rios,Prever Saúde,Operadora não verticalizada,PE,Kit de consumo cirúrgico,Cirurgia geral,24291,24291,0,,,17,71,88,19,70,557,373,184
FH-2024-01361,2024-04-17,2024-05-12,2024-05-26,2024-08-08,Ganho,1,2024,2024-05,Cíntia Barbosa,Hospital Universitário de João Pessoa,Hospital público,PE,Marcapasso,Cardiologia,138660,138660,0,,,23,126,149,25,74,7790,4487,3303
FH-2024-01465,2024-04-17,2024-05-01,2024-05-19,2024-07-07,Ganho,1,2024,2024-05,Paulo Menezes,Hospital Areia Preta,Hospital privado,AL,Cateter para angioplastia,Cardiologia,73630,73630,0,,,29,131,160,14,49,5279,1985,3294
FH-2024-01523,2024-04-17,,,,Perdido,0,2024,2024-04,Joana Rios,Hospital Pina,Hospital privado,AL,Kit de consumo cirúrgico,Cirurgia geral,47293,0,47293,Cotação respondida fora do prazo,E1 Cotacao,0,0,0,0,0,0,0,0
FH-2024-01524,2024-04-17,2024-05-04,2024-05-11,2024-08-14,Ganho,1,2024,2024-05,Paulo Menezes,Hospital Municipal de Paulista,Hospital público,PE,Implante de joelho,Ortopedia,90961,90961,0,,,43,99,142,17,95,7551,2799,4752
FH-2024-01362,2024-04-18,2024-05-03,2024-05-24,2024-06-28,Perdido,0,2024,2024-05,Tatiana Coelho,Prever Saúde,Operadora não verticalizada,PE,Stent farmacológico,Cardiologia,179345,0,179345,Glosa não recuperada,E4 Faturamento,20,0,20,15,35,0,0,0
FH-2024-01644,2024-04-18,,,,Perdido,0,2024,2024-04,Tatiana Coelho,Hospital Municipal de Garanhuns,Hospital público,PE,Material para artroscopia,Ortopedia,244035,0,244035,Produto indisponível em estoque,E1 Cotacao,0,0,0,0,0,0,0,0
FH-2024-01764,2024-04-19,2024-05-11,2024-05-30,2024-08-02,Ganho,1,2024,2024-05,Marcelo Bastos,Saúde Atlântico,Operadora não verticalizada,AL,Cateter para angioplastia,Cardiologia,223749,223749,0,,,29,137,166,22,64,13534,5638,7896
FH-2024-01423,2024-04-20,2024-04-24,,,Perdido,0,2024,2024-04,Diego Fontes,Vitalis Rede Integrada,Operadora verticalizada,PE,Material para artroscopia,Ortopedia,271435,0,271435,Procedimento não autorizado pelo pagador,E2 Autorizacao,0,0,0,4,0,0,0,0
FH-2024-01712,2024-04-20,2024-05-13,2024-05-24,2024-06-20,Ganho,1,2024,2024-05,Joana Rios,Clínica Cirúrgica Derby,Hospital privado,PB,Introdutor e guia,Cardiologia,90794,90794,0,,,20,63,83,23,27,3519,1197,2322
FH-2024-01512,2024-04-21,2024-05-17,2024-06-02,2024-06-25,Ganho,1,2024,2024-06,Márcia Duarte,Bem-Estar Saúde,Operadora verticalizada,PE,Marcapasso,Cardiologia,320823,320823,0,,,35,108,143,26,23,28296,19688,8608
FH-2024-01376,2024-04-22,2024-05-15,2024-05-18,2024-07-10,Ganho,1,2024,2024-05,Márcia Duarte,Bem-Estar Saúde,Operadora verticalizada,PE,Placas e parafusos,Ortopedia,213136,213136,0,,,43,124,167,23,53,20618,9158,11460
FH-2024-01779,2024-04-24,2024-05-08,2024-05-24,2024-06-15,Ganho,1,2024,2024-05,Ricardo Aragão,Bem-Estar Saúde,Operadora verticalizada,PE,Stent farmacológico,Cardiologia,990721,990721,0,,,73,143,216,14,22,91450,61058,30392
FH-2024-01571,2024-04-25,,,,Perdido,0,2024,2024-04,Paulo Menezes,Prever Saúde,Operadora não verticalizada,PE,Material para artroscopia,Ortopedia,31085,0,31085,Cotação respondida fora do prazo,E1 Cotacao,0,0,0,0,0,0,0,0
FH-2024-01601,2024-04-25,,,,Perdido,0,2024,2024-04,Verônica Sá,Vitalis Rede Integrada,Operadora verticalizada,PE,Material para artroscopia,Ortopedia,83739,0,83739,Cotação respondida fora do prazo,E1 Cotacao,0,0,0,0,0,0,0,0
FH-2024-01795,2024-04-25,,,,Perdido,0,2024,2024-04,Verônica Sá,Hospital Nossa Senhora do Carmo,Hospital privado,PE,Implante de quadril,Ortopedia,107491,0,107491,Preço acima do concorrente,E1 Cotacao,0,0,0,0,0,0,0,0
FH-2024-01730,2024-04-27,2024-05-20,2024-05-25,2024-07-17,Ganho,1,2024,2024-05,Rogério Lins,Vitalis Rede Integrada,Operadora verticalizada,PE,Implante de quadril,Ortopedia,82609,82609,0,,,34,112,146,23,53,3751,1020,2731
FH-2024-01590,2024-05-01,2024-05-07,2024-05-21,2024-08-19,Ganho,1,2024,2024-05,Joana Rios,Clínica Vida Nova,Hospital privado,PE,Cateter para angioplastia,Cardiologia,129480,129480,0,,,13,86,99,6,90,4700,2298,2402
FH-2024-01693,2024-05-01,2024-05-20,2024-06-09,2024-09-02,Ganho,1,2024,2024-06,Ricardo Aragão,Bem-Estar Saúde,Operadora verticalizada,PE,Implante de quadril,Ortopedia,164128,164128,0,,,77,146,223,19,85,22184,13297,8887
FH-2024-01695,2024-05-02,2024-05-18,2024-06-02,2024-08-25,Ganho,1,2024,2024-06,Diego Fontes,Vitalis Rede Integrada,Operadora verticalizada,PE,Introdutor e guia,Cardiologia,207473,207473,0,,,50,131,181,16,84,18052,5204,12848
FH-2024-01528,2024-05-03,2024-05-13,2024-06-03,2024-07-14,Perdido,0,2024,2024-06,Ricardo Aragão,Vitalis Rede Integrada,Operadora verticalizada,PE,Marcapasso,Cardiologia,457612,0,457612,Glosa não recuperada,E4 Faturamento,46,0,46,10,41,0,0,0
FH-2024-01565,2024-05-03,2024-05-09,2024-05-19,2024-06-27,Ganho,1,2024,2024-05,Marcelo Bastos,Prever Saúde,Operadora não verticalizada,PE,Marcapasso,Cardiologia,328797,328797,0,,,58,116,174,6,39,31868,10523,21345
FH-2024-01469,2024-05-04,2024-05-29,2024-06-17,2024-08-18,Ganho,1,2024,2024-06,Paulo Menezes,Saúde Atlântico,Operadora não verticalizada,AL,Implante de quadril,Ortopedia,288277,288277,0,,,24,107,131,25,62,20659,9419,11240
FH-2024-01641,2024-05-04,2024-05-13,2024-05-27,2024-08-07,Ganho,1,2024,2024-05,Joana Rios,Saúde Atlântico,Operadora não verticalizada,AL,Implante de quadril,Ortopedia,62021,62021,0,,,20,89,109,9,72,1457,418,1039
FH-2024-01490,2024-05-05,2024-05-12,2024-05-18,2024-06-06,Perdido,0,2024,2024-05,Paulo Menezes,Hospital Sete Coqueiros,Hospital privado,PE,Placas e parafusos,Ortopedia,83455,0,83455,Glosa não recuperada,E4 Faturamento,26,0,26,7,19,0,0,0
FH-2024-01545,2024-05-06,2024-05-29,2024-06-13,,Perdido,0,2024,2024-06,Márcia Duarte,Hospital São Fidélis,Hospital privado,PE,Cateter para angioplastia,Cardiologia,153933,0,153933,Material devolvido sem uso,E3 Cirurgia,27,0,27,23,0,0,0,0
FH-2024-01721,2024-05-06,2024-05-25,2024-06-09,2024-08-23,Ganho,1,2024,2024-06,Joana Rios,Bem-Estar Saúde,Operadora verticalizada,PE,Placas e parafusos,Ortopedia,248363,248363,0,,,19,66,85,19,75,6051,3190,2861
FH-2024-01441,2024-05-07,2024-05-20,2024-05-25,2024-08-15,Ganho,1,2024,2024-05,Ivan Peixoto,Vitalis Rede Integrada,Operadora verticalizada,PE,Stent farmacológico,Cardiologia,595230,595230,0,,,57,169,226,13,82,54410,34431,19979
FH-2024-01615,2024-05-07,,,,Perdido,0,2024,2024-05,Marcelo Bastos,Bom Viver Planos,Operadora não verticalizada,RN,Stent farmacológico,Cardiologia,381908,0,381908,Cotação respondida fora do prazo,E1 Cotacao,0,0,0,0,0,0,0,0
FH-2024-01344,2024-05-08,2024-05-14,2024-05-29,2024-07-02,Ganho,1,2024,2024-05,Marcelo Bastos,Bem-Estar Saúde,Operadora verticalizada,PE,Material para artroscopia,Ortopedia,71599,71599,0,,,53,125,178,6,34,7862,3424,4438
FH-2024-01549,2024-05-08,,,,Perdido,0,2024,2024-05,Tatiana Coelho,Vitalis Rede Integrada,Operadora verticalizada,PE,Implante de quadril,Ortopedia,85616,0,85616,Cliente com fornecedor exclusivo,E1 Cotacao,0,0,0,0,0,0,0,0
FH-2024-01572,2024-05-08,2024-05-22,2024-06-10,,Perdido,0,2024,2024-06,Joana Rios,Hospital São Rafael de Olinda,Hospital privado,PE,Placas e parafusos,Ortopedia,77043,0,77043,Troca de fornecedor em sala,E3 Cirurgia,21,0,21,14,0,0,0,0
FH-2024-01791,2024-05-08,2024-06-01,,,Perdido,0,2024,2024-05,Ricardo Aragão,Vitalis Rede Integrada,Operadora verticalizada,PE,Haste intramedular,Ortopedia,137928,0,137928,Procedimento não autorizado pelo pagador,E2 Autorizacao,0,0,0,24,0,0,0,0
FH-2024-01713,2024-05-09,2024-05-15,2024-05-20,2024-06-24,Ganho,1,2024,2024-05,Ricardo Aragão,Bem-Estar Saúde,Operadora verticalizada,PE,Marcapasso,Cardiologia,297033,297033,0,,,59,157,216,6,35,36368,13780,22588
FH-2024-01544,2024-05-11,,,,Perdido,0,2024,2024-05,Ricardo Aragão,Bem-Estar Saúde,Operadora verticalizada,PE,Implante de quadril,Ortopedia,263843,0,263843,Cliente com fornecedor exclusivo,E1 Cotacao,0,0,0,0,0,0,0,0
FH-2024-01719,2024-05-11,2024-06-01,2024-06-18,2024-07-31,Ganho,1,2024,2024-06,Paulo Menezes,Bem-Estar Saúde,Operadora verticalizada,PE,Cateter para angioplastia,Cardiologia,134337,134337,0,,,28,126,154,21,43,8316,5509,2807
FH-2024-01489,2024-05-12,2024-06-07,2024-06-23,2024-07-30,Perdido,0,2024,2024-06,Tatiana Coelho,Clínica Cirúrgica Derby,Hospital privado,PB,Implante de joelho,Ortopedia,349757,0,349757,Glosa não recuperada,E4 Faturamento,20,0,20,26,37,0,0,0
FH-2024-01706,2024-05-12,,,,Perdido,0,2024,2024-05,Ivan Peixoto,Hospital Geral de Maceió,Hospital público,RN,Implante de quadril,Ortopedia,64313,0,64313,Preço acima do concorrente,E1 Cotacao,0,0,0,0,0,0,0,0
FH-2024-01768,2024-05-12,2024-05-20,2024-06-08,2024-07-23,Ganho,1,2024,2024-06,Ricardo Aragão,Bom Viver Planos,Operadora não verticalizada,RN,Malha e tela cirúrgica,Cirurgia geral,47154,47154,0,,,71,139,210,8,45,3699,1340,2359
FH-2024-01562,2024-05-13,2024-05-18,2024-06-07,2024-08-15,Ganho,1,2024,2024-06,Paulo Menezes,Hospital Graças,Hospital privado,PE,Kit de consumo cirúrgico,Cirurgia geral,18555,18555,0,,,31,103,134,5,69,1149,317,832
FH-2024-01639,2024-05-13,2024-05-24,2024-06-09,2024-09-10,Ganho,1,2024,2024-06,Ricardo Aragão,Vitalis Rede Integrada,Operadora verticalizada,PE,Placas e parafusos,Ortopedia,381454,381454,0,,,69,140,209,11,93,37381,26025,11356
FH-2024-01648,2024-05-13,2024-05-28,,,Perdido,0,2024,2024-05,Ricardo Aragão,Prever Saúde,Operadora não verticalizada,PE,Stent farmacológico,Cardiologia,208035,0,208035,Procedimento não autorizado pelo pagador,E2 Autorizacao,0,0,0,15,0,0,0,0
FH-2024-01789,2024-05-13,2024-06-04,2024-06-16,2024-08-07,Ganho,1,2024,2024-06,Ricardo Aragão,Bem-Estar Saúde,Operadora verticalizada,PE,Introdutor e guia,Cardiologia,685104,685104,0,,,74,139,213,22,52,58610,14861,43749
FH-2024-01804,2024-05-13,2024-05-17,2024-06-02,2024-09-05,Perdido,0,2024,2024-06,Paulo Menezes,Prever Saúde,Operadora não verticalizada,PE,Placas e parafusos,Ortopedia,78292,0,78292,Divergência na folha de sala,E4 Faturamento,27,0,27,4,95,0,0,0
FH-2024-01666,2024-05-14,,,,Perdido,0,2024,2024-05,Ivan Peixoto,Bom Viver Planos,Operadora não verticalizada,RN,Material para artroscopia,Ortopedia,151560,0,151560,Sem contrato para atender,E1 Cotacao,0,0,0,0,0,0,0,0
FH-2024-01581,2024-05-16,2024-06-05,,,Perdido,0,2024,2024-05,Joana Rios,Bem-Estar Saúde,Operadora verticalizada,PE,Cateter para angioplastia,Cardiologia,283796,0,283796,Troca de fonte pagadora no meio do processo,E2 Autorizacao,0,0,0,20,0,0,0,0
FH-2024-01546,2024-05-17,2024-05-26,2024-06-08,2024-09-06,Ganho,1,2024,2024-06,Cíntia Barbosa,Hospital Regional de Campina Grande,Hospital público,PB,Material para artroscopia,Ortopedia,104055,104055,0,,,18,121,139,9,90,3019,2185,834
FH-2024-01600,2024-05-17,2024-05-24,2024-06-12,2024-09-02,Ganho,1,2024,2024-06,Tatiana Coelho,Bem-Estar Saúde,Operadora verticalizada,PE,Implante de joelho,Ortopedia,52115,52115,0,,,27,112,139,7,82,1723,568,1155
FH-2024-01786,2024-05-18,2024-05-21,2024-06-06,2024-09-08,Ganho,1,2024,2024-06,Ivan Peixoto,Prever Saúde,Operadora não verticalizada,PE,Material para artroscopia,Ortopedia,98492,98492,0,,,72,146,218,3,94,11491,7667,3824
FH-2024-01788,2024-05-18,2024-06-04,2024-06-14,2024-07-13,Ganho,1,2024,2024-06,Verônica Sá,Hospital Pina,Hospital privado,AL,Implante de quadril,Ortopedia,10946,10946,0,,,28,108,136,17,29,491,175,316
FH-2024-01796,2024-05-18,2024-05-22,2024-05-24,,Perdido,0,2024,2024-05,Ricardo Aragão,Bem-Estar Saúde,Operadora verticalizada,PE,Implante de joelho,Ortopedia,716225,0,716225,Material devolvido sem uso,E3 Cirurgia,48,0,48,4,0,0,0,0
FH-2024-01378,2024-05-19,2024-06-11,2024-06-24,2024-08-15,Ganho,1,2024,2024-06,Márcia Duarte,Saúde Atlântico,Operadora não verticalizada,AL,Introdutor e guia,Cardiologia,123582,123582,0,,,43,133,176,23,52,8626,2157,6469
FH-2024-01410,2024-05-19,2024-05-22,2024-05-30,2024-07-13,Ganho,1,2024,2024-05,Rogério Lins,Bom Viver Planos,Operadora não verticalizada,RN,Malha e tela cirúrgica,Cirurgia geral,36676,36676,0,,,40,114,154,3,44,2624,1854,770
FH-2024-01442,2024-05-19,2024-06-06,2024-06-25,2024-09-14,Perdido,0,2024,2024-06,Tatiana Coelho,Hospital Ponta Verde,Hospital privado,PE,Grampeador cirúrgico,Cirurgia geral,239799,0,239799,Divergência na folha de sala,E4 Faturamento,15,0,15,18,81,0,0,0
FH-2024-01816,2024-05-20,2024-06-03,2024-06-09,2024-08-19,Ganho,1,2024,2024-06,Rogério Lins,Hospital Municipal do Cabo,Hospital público,PE,Marcapasso,Cardiologia,28850,28850,0,,,32,129,161,14,71,2494,865,1629
FH-2024-01475,2024-05-21,2024-05-25,2024-06-15,2024-09-11,Ganho,1,2024,2024-06,Paulo Menezes,Bem-Estar Saúde,Operadora verticalizada,PE,Introdutor e guia,Cardiologia,104813,104813,0,,,41,104,145,4,88,8765,2869,5896
FH-2024-01606,2024-05-21,2024-06-02,2024-06-10,2024-08-02,Ganho,1,2024,2024-06,Marcelo Bastos,Bom Viver Planos,Operadora não verticalizada,RN,Haste intramedular,Ortopedia,326585,326585,0,,,52,125,177,12,53,25251,17716,7535
FH-2024-01680,2024-05-21,2024-06-04,,,Perdido,0,2024,2024-05,Marcelo Bastos,Bem-Estar Saúde,Operadora verticalizada,PE,Grampeador cirúrgico,Cirurgia geral,510673,0,510673,Procedimento não autorizado pelo pagador,E2 Autorizacao,0,0,0,14,0,0,0,0
FH-2024-01704,2024-05-21,,,,Perdido,0,2024,2024-05,Ricardo Aragão,Vitalis Rede Integrada,Operadora verticalizada,PE,Grampeador cirúrgico,Cirurgia geral,79844,0,79844,Preço acima do concorrente,E1 Cotacao,0,0,0,0,0,0,0,0
FH-2024-01297,2024-05-22,2024-05-28,2024-06-03,2024-09-03,Ganho,1,2024,2024-06,Marcelo Bastos,Saúde Atlântico,Operadora não verticalizada,AL,Haste intramedular,Ortopedia,68395,68395,0,,,34,144,178,6,92,7190,2211,4979
FH-2024-01477,2024-05-22,,,,Perdido,0,2024,2024-05,Tatiana Coelho,Hospital Cabo Branco,Hospital privado,PE,Cateter para angioplastia,Cardiologia,61377,0,61377,Cliente com fornecedor exclusivo,E1 Cotacao,0,0,0,0,0,0,0,0
FH-2024-01449,2024-05-23,,,,Perdido,0,2024,2024-05,Diego Fontes,Bem-Estar Saúde,Operadora verticalizada,PE,Placas e parafusos,Ortopedia,88978,0,88978,Sem contrato para atender,E1 Cotacao,0,0,0,0,0,0,0,0
FH-2024-01555,2024-05-23,2024-06-14,2024-06-17,2024-09-10,Ganho,1,2024,2024-06,Ricardo Aragão,Vitalis Rede Integrada,Operadora verticalizada,PE,Introdutor e guia,Cardiologia,639442,639442,0,,,77,148,225,22,85,50036,28247,21789
FH-2024-01598,2024-05-23,2024-05-31,2024-06-11,2024-08-21,Ganho,1,2024,2024-06,Márcia Duarte,Hospital São Rafael de Olinda,Hospital privado,PE,Marcapasso,Cardiologia,37625,37625,0,,,25,110,135,8,71,2650,993,1657
FH-2024-01501,2024-05-24,,,,Perdido,0,2024,2024-05,Paulo Menezes,Bem-Estar Saúde,Operadora verticalizada,PE,Marcapasso,Cardiologia,382609,0,382609,Produto indisponível em estoque,E1 Cotacao,0,0,0,0,0,0,0,0
FH-2024-01529,2024-05-24,,,,Perdido,0,2024,2024-05,Marcelo Bastos,Bem-Estar Saúde,Operadora verticalizada,PE,Kit de consumo cirúrgico,Cirurgia geral,48098,0,48098,Produto indisponível em estoque,E1 Cotacao,0,0,0,0,0,0,0,0
FH-2024-01588,2024-05-24,,,,Perdido,0,2024,2024-05,Cíntia Barbosa,Hospital Vale do Capibaribe,Hospital privado,PE,Implante de joelho,Ortopedia,47609,0,47609,Preço acima do concorrente,E1 Cotacao,0,0,0,0,0,0,0,0
FH-2024-01586,2024-05-26,2024-06-09,,,Perdido,0,2024,2024-05,Tatiana Coelho,Hospital Bairro Novo,Hospital privado,PB,Introdutor e guia,Cardiologia,254609,0,254609,Procedimento não autorizado pelo pagador,E2 Autorizacao,0,0,0,14,0,0,0,0
FH-2024-01607,2024-05-26,2024-06-20,2024-07-01,2024-08-12,Ganho,1,2024,2024-07,Cíntia Barbosa,Hospital Torre,Hospital privado,PE,Introdutor e guia,Cardiologia,72057,72057,0,,,16,120,136,25,42,3340,2364,976
FH-2024-01445,2024-05-27,,,,Perdido,0,2024,2024-05,Marcelo Bastos,Saúde Atlântico,Operadora não verticalizada,AL,Placas e parafusos,Ortopedia,55187,0,55187,Cliente com fornecedor exclusivo,E1 Cotacao,0,0,0,0,0,0,0,0
FH-2024-01303,2024-05-28,,,,Perdido,0,2024,2024-05,Diego Fontes,Vitalis Rede Integrada,Operadora verticalizada,PE,Placas e parafusos,Ortopedia,84694,0,84694,Preço acima do concorrente,E1 Cotacao,0,0,0,0,0,0,0,0
FH-2024-01637,2024-06-01,2024-06-07,,,Perdido,0,2024,2024-06,Ricardo Aragão,Bem-Estar Saúde,Operadora verticalizada,PE,Malha e tela cirúrgica,Cirurgia geral,27847,0,27847,Cirurgia cancelada,E2 Autorizacao,0,0,0,6,0,0,0,0
FH-2024-01684,2024-06-01,2024-06-16,2024-06-30,2024-10-02,Ganho,1,2024,2024-06,Rogério Lins,Bem-Estar Saúde,Operadora verticalizada,PE,Stent farmacológico,Cardiologia,87232,87232,0,,,39,108,147,15,94,5306,3572,1734
FH-2024-01350,2024-06-03,2024-06-07,2024-06-10,2024-09-02,Ganho,1,2024,2024-06,Joana Rios,Hospital Prazeres,Hospital privado,PE,Material para artroscopia,Ortopedia,44376,44376,0,,,11,76,87,4,84,1618,1035,583
FH-2024-01478,2024-06-03,2024-06-12,2024-07-03,,Perdido,0,2024,2024-07,Tatiana Coelho,Clínica Vida Nova,Hospital privado,PE,Cateter para angioplastia,Cardiologia,12278,0,12278,Troca de fornecedor em sala,E3 Cirurgia,16,0,16,9,0,0,0,0
FH-2024-01535,2024-06-03,2024-06-14,2024-06-25,2024-08-25,Ganho,1,2024,2024-06,Joana Rios,Hospital Vale do Capibaribe,Hospital privado,PE,Implante de joelho,Ortopedia,13347,13347,0,,,12,76,88,11,61,342,187,155
FH-2024-01553,2024-06-03,,,,Perdido,0,2024,2024-06,Diego Fontes,Saúde Atlântico,Operadora não verticalizada,AL,Marcapasso,Cardiologia,86626,0,86626,Produto indisponível em estoque,E1 Cotacao,0,0,0,0,0,0,0,0
FH-2024-01370,2024-06-05,,,,Perdido,0,2024,2024-06,Rogério Lins,Bem-Estar Saúde,Operadora verticalizada,PE,Cateter para angioplastia,Cardiologia,150501,0,150501,Cotação respondida fora do prazo,E1 Cotacao,0,0,0,0,0,0,0,0
FH-2024-01300,2024-06-06,2024-07-02,2024-07-05,2024-08-30,Ganho,1,2024,2024-07,Marcelo Bastos,Bem-Estar Saúde,Operadora verticalizada,PE,Introdutor e guia,Cardiologia,191416,191416,0,,,29,130,159,26,56,12299,9131,3168
FH-2024-01413,2024-06-06,2024-07-01,2024-07-15,2024-09-01,Ganho,1,2024,2024-07,Joana Rios,Hospital Boa Vista,Hospital privado,PB,Malha e tela cirúrgica,Cirurgia geral,13419,13419,0,,,8,75,83,25,48,478,268,210
FH-2024-01384,2024-06-07,2024-06-24,2024-06-26,2024-07-24,Perdido,0,2024,2024-06,Ricardo Aragão,Vitalis Rede Integrada,Operadora verticalizada,PE,Haste intramedular,Ortopedia,123257,0,123257,Divergência na folha de sala,E4 Faturamento,47,0,47,17,28,0,0,0
FH-2024-01486,2024-06-07,,,,Perdido,0,2024,2024-06,Marcelo Bastos,Prever Saúde,Operadora não verticalizada,PE,Introdutor e guia,Cardiologia,172248,0,172248,Cotação respondida fora do prazo,E1 Cotacao,0,0,0,0,0,0,0,0
FH-2024-01649,2024-06-08,2024-06-22,,,Perdido,0,2024,2024-06,Marcelo Bastos,Hospital Estadual de Arapiraca,Hospital público,PE,Stent farmacológico,Cardiologia,83546,0,83546,Autorização expirou,E2 Autorizacao,0,0,0,14,0,0,0,0
FH-2024-01715,2024-06-08,2024-06-23,2024-07-12,2024-09-29,Ganho,1,2024,2024-07,Cíntia Barbosa,Bem-Estar Saúde,Operadora verticalizada,PE,Malha e tela cirúrgica,Cirurgia geral,126037,126037,0,,,30,112,142,15,79,6810,2647,4163
FH-2024-01440,2024-06-09,2024-07-05,2024-07-07,2024-09-25,Ganho,1,2024,2024-07,Tatiana Coelho,Hospital Monte Sinai,Hospital privado,PE,Introdutor e guia,Cardiologia,93375,93375,0,,,13,94,107,26,80,2186,1574,612
FH-2024-01650,2024-06-09,2024-07-04,2024-07-21,2024-10-01,Ganho,1,2024,2024-07,Ricardo Aragão,Vitalis Rede Integrada,Operadora verticalizada,PE,Marcapasso,Cardiologia,143027,143027,0,,,71,159,230,25,72,12906,6760,6146
FH-2024-01596,2024-06-10,2024-07-01,2024-07-21,2024-10-13,Ganho,1,2024,2024-07,Cíntia Barbosa,Hospital Rio Doce,Hospital privado,AL,Kit de consumo cirúrgico,Cirurgia geral,52234,52234,0,,,26,132,158,21,84,1953,1143,810
FH-2024-01433,2024-06-11,2024-06-14,2024-07-05,2024-07-24,Perdido,0,2024,2024-07,Márcia Duarte,Vitalis Rede Integrada,Operadora verticalizada,PE,Stent farmacológico,Cardiologia,110116,0,110116,Divergência na folha de sala,E4 Faturamento,25,0,25,3,19,0,0,0
FH-2024-01341,2024-06-12,,,,Perdido,0,2024,2024-06,Diego Fontes,Hospital Real do Recife,Hospital privado,PB,Material para artroscopia,Ortopedia,89710,0,89710,Cliente com fornecedor exclusivo,E1 Cotacao,0,0,0,0,0,0,0,0
FH-2024-01560,2024-06-12,2024-07-03,2024-07-13,2024-08-19,Ganho,1,2024,2024-07,Ricardo Aragão,Hospital Ponta Verde,Hospital privado,PE,Material para artroscopia,Ortopedia,189848,189848,0,,,58,165,223,21,37,20826,12698,8128
FH-2024-01574,2024-06-12,2024-06-17,2024-07-04,2024-07-24,Perdido,0,2024,2024-07,Marcelo Bastos,Hospital Prazeres,Hospital privado,PE,Introdutor e guia,Cardiologia,540068,0,540068,Inadimplência do cliente,E4 Faturamento,45,0,45,5,20,0,0,0
FH-2024-01608,2024-06-14,2024-07-10,2024-07-20,2024-10-24,Ganho,1,2024,2024-07,Ricardo Aragão,Hospital Cabo Branco,Hospital privado,PE,Implante de joelho,Ortopedia,193945,193945,0,,,63,145,208,26,96,15386,9634,5752
FH-2024-01688,2024-06-14,,,,Perdido,0,2024,2024-06,Marcelo Bastos,Bem-Estar Saúde,Operadora verticalizada,PE,Placas e parafusos,Ortopedia,153965,0,153965,Preço acima do concorrente,E1 Cotacao,0,0,0,0,0,0,0,0
FH-2024-01744,2024-06-15,,,,Perdido,0,2024,2024-06,Ricardo Aragão,Vitalis Rede Integrada,Operadora verticalizada,PE,Implante de joelho,Ortopedia,324459,0,324459,Cliente com fornecedor exclusivo,E1 Cotacao,0,0,0,0,0,0,0,0
FH-2024-01794,2024-06-15,2024-07-02,2024-07-18,2024-08-18,Ganho,1,2024,2024-07,Verônica Sá,Vitalis Rede Integrada,Operadora verticalizada,PE,Implante de joelho,Ortopedia,83661,83661,0,,,27,117,144,17,31,3579,2494,1085
FH-2024-01638,2024-06-16,2024-07-04,2024-07-23,2024-10-19,Perdido,0,2024,2024-07,Joana Rios,Clínica Ortopédica Boa Viagem,Hospital privado,PE,Introdutor e guia,Cardiologia,88483,0,88483,Inadimplência do cliente,E4 Faturamento,8,0,8,18,88,0,0,0
FH-2024-01575,2024-06-17,,,,Perdido,0,2024,2024-06,Rogério Lins,Hospital Boa Vista,Hospital privado,PB,Material para artroscopia,Ortopedia,133684,0,133684,Preço acima do concorrente,E1 Cotacao,0,0,0,0,0,0,0,0
FH-2024-01393,2024-06-18,2024-06-30,2024-07-12,2024-08-08,Perdido,0,2024,2024-07,Marcelo Bastos,Prever Saúde,Operadora não verticalizada,PE,Implante de quadril,Ortopedia,64093,0,64093,Inadimplência do cliente,E4 Faturamento,45,0,45,12,27,0,0,0
FH-2024-01610,2024-06-18,2024-07-02,2024-07-05,2024-08-19,Ganho,1,2024,2024-07,Paulo Menezes,Vitalis Rede Integrada,Operadora verticalizada,PE,Implante de quadril,Ortopedia,60127,60127,0,,,33,112,145,14,45,2332,1579,753
FH-2024-01749,2024-06-18,2024-06-21,2024-07-09,2024-08-26,Ganho,1,2024,2024-07,Diego Fontes,Bem-Estar Saúde,Operadora verticalizada,PE,Material para artroscopia,Ortopedia,42864,42864,0,,,53,156,209,3,48,5345,2939,2406
FH-2024-01304,2024-06-21,2024-06-30,,,Perdido,0,2024,2024-06,Cíntia Barbosa,Hospital Regional de Petrolina,Hospital público,PE,Grampeador cirúrgico,Cirurgia geral,85900,0,85900,Cirurgia cancelada,E2 Autorizacao,0,0,0,9,0,0,0,0
FH-2024-01500,2024-06-21,2024-07-02,2024-07-06,2024-08-20,Ganho,1,2024,2024-07,Marcelo Bastos,Vitalis Rede Integrada,Operadora verticalizada,PE,Placas e parafusos,Ortopedia,639266,639266,0,,,32,129,161,11,45,35269,16638,18631
FH-2024-01708,2024-06-21,,,,Perdido,0,2024,2024-06,Paulo Menezes,Prever Saúde,Operadora não verticalizada,PE,Implante de joelho,Ortopedia,45250,0,45250,Preço acima do concorrente,E1 Cotacao,0,0,0,0,0,0,0,0
FH-2024-01737,2024-06-21,2024-07-15,2024-08-02,,Perdido,0,2024,2024-08,Ivan Peixoto,Bem-Estar Saúde,Operadora verticalizada,PE,Introdutor e guia,Cardiologia,1155070,0,1155070,Material devolvido sem uso,E3 Cirurgia,72,0,72,24,0,0,0,0
FH-2024-01418,2024-06-22,2024-06-30,2024-07-19,2024-09-22,Ganho,1,2024,2024-07,Marcelo Bastos,Vitalis Rede Integrada,Operadora verticalizada,PE,Cateter para angioplastia,Cardiologia,273454,273454,0,,,35,117,152,8,65,19042,5547,13495
FH-2024-01658,2024-06-22,2024-07-10,2024-07-17,2024-08-27,Ganho,1,2024,2024-07,Ivan Peixoto,Vitalis Rede Integrada,Operadora verticalizada,PE,Material para artroscopia,Ortopedia,194646,194646,0,,,47,167,214,18,41,32438,23258,9180
FH-2024-01372,2024-06-23,,,,Perdido,0,2024,2024-06,Joana Rios,Hospital Real do Recife,Hospital privado,PB,Material para artroscopia,Ortopedia,60897,0,60897,Preço acima do concorrente,E1 Cotacao,0,0,0,0,0,0,0,0
FH-2024-01654,2024-06-23,2024-07-01,2024-07-08,2024-10-04,Ganho,1,2024,2024-07,Diego Fontes,Saúde Atlântico,Operadora não verticalizada,AL,Haste intramedular,Ortopedia,21867,21867,0,,,36,147,183,8,88,1910,744,1166
FH-2024-01488,2024-06-24,,,,Perdido,0,2024,2024-06,Ivan Peixoto,Clínica Vida Nova,Hospital privado,PE,Cateter para angioplastia,Cardiologia,117337,0,117337,Preço acima do concorrente,E1 Cotacao,0,0,0,0,0,0,0,0
FH-2024-01459,2024-06-26,2024-07-22,2024-08-07,2024-09-03,Ganho,1,2024,2024-08,Márcia Duarte,Prever Saúde,Operadora não verticalizada,PE,Stent farmacológico,Cardiologia,79875,79875,0,,,45,112,157,26,27,5116,2775,2341
FH-2024-01745,2024-06-26,,,,Perdido,0,2024,2024-06,Rogério Lins,Vitalis Rede Integrada,Operadora verticalizada,PE,Kit de consumo cirúrgico,Cirurgia geral,199280,0,199280,Preço acima do concorrente,E1 Cotacao,0,0,0,0,0,0,0,0
FH-2024-01752,2024-06-26,2024-07-01,2024-07-14,2024-08-12,Ganho,1,2024,2024-07,Paulo Menezes,Vitalis Rede Integrada,Operadora verticalizada,PE,Cateter para angioplastia,Cardiologia,205304,205304,0,,,23,122,145,5,29,16795,5033,11762
FH-2024-01431,2024-06-27,2024-07-18,2024-08-03,2024-11-07,Ganho,1,2024,2024-08,Ricardo Aragão,Vitalis Rede Integrada,Operadora verticalizada,PE,Stent farmacológico,Cardiologia,134422,134422,0,,,60,168,228,21,96,10008,5687,4321
FH-2024-01454,2024-06-27,,,,Perdido,0,2024,2024-06,Joana Rios,Hospital Regional do Agreste,Hospital público,RN,Implante de joelho,Ortopedia,46066,0,46066,Produto indisponível em estoque,E1 Cotacao,0,0,0,0,0,0,0,0
FH-2024-01782,2024-06-27,,,,Perdido,0,2024,2024-06,Joana Rios,Bem-Estar Saúde,Operadora verticalizada,PE,Implante de quadril,Ortopedia,144734,0,144734,Cliente com fornecedor exclusivo,E1 Cotacao,0,0,0,0,0,0,0,0
FH-2024-01400,2024-06-28,,,,Perdido,0,2024,2024-06,Diego Fontes,Bem-Estar Saúde,Operadora verticalizada,PE,Malha e tela cirúrgica,Cirurgia geral,50411,0,50411,Preço acima do concorrente,E1 Cotacao,0,0,0,0,0,0,0,0
FH-2024-01353,2024-07-01,2024-07-08,2024-07-23,2024-10-02,Ganho,1,2024,2024-07,Ivan Peixoto,Bem-Estar Saúde,Operadora verticalizada,PE,Implante de quadril,Ortopedia,133489,133489,0,,,67,147,214,7,71,9761,3231,6530
FH-2024-01369,2024-07-01,2024-07-23,2024-07-28,2024-08-28,Ganho,1,2024,2024-07,Ivan Peixoto,Vitalis Rede Integrada,Operadora verticalizada,PE,Implante de quadril,Ortopedia,83580,83580,0,,,57,168,225,22,31,7637,3194,4443
FH-2024-01674,2024-07-01,,,,Perdido,0,2024,2024-07,Cíntia Barbosa,Vitalis Rede Integrada,Operadora verticalizada,PE,Implante de quadril,Ortopedia,111361,0,111361,Preço acima do concorrente,E1 Cotacao,0,0,0,0,0,0,0,0
FH-2024-01698,2024-07-01,2024-07-22,2024-08-04,2024-09-11,Ganho,1,2024,2024-08,Rogério Lins,Bem-Estar Saúde,Operadora verticalizada,PE,Malha e tela cirúrgica,Cirurgia geral,117468,117468,0,,,24,136,160,21,38,10778,5892,4886
FH-2024-01360,2024-07-02,,,,Perdido,0,2024,2024-07,Ricardo Aragão,Bem-Estar Saúde,Operadora verticalizada,PE,Material para artroscopia,Ortopedia,139281,0,139281,Cliente com fornecedor exclusivo,E1 Cotacao,0,0,0,0,0,0,0,0
FH-2024-01390,2024-07-05,,,,Perdido,0,2024,2024-07,Marcelo Bastos,Hospital Piedade,Hospital privado,RN,Material para artroscopia,Ortopedia,25958,0,25958,Cliente com fornecedor exclusivo,E1 Cotacao,0,0,0,0,0,0,0,0
FH-2024-01437,2024-07-05,,,,Perdido,0,2024,2024-07,Rogério Lins,Vitalis Rede Integrada,Operadora verticalizada,PE,Haste intramedular,Ortopedia,46452,0,46452,Preço acima do concorrente,E1 Cotacao,0,0,0,0,0,0,0,0
FH-2024-01580,2024-07-06,2024-07-09,2024-07-26,2024-08-23,Ganho,1,2024,2024-07,Diego Fontes,Vitalis Rede Integrada,Operadora verticalizada,PE,Introdutor e guia,Cardiologia,73144,73144,0,,,44,127,171,3,28,7900,5113,2787
FH-2024-01681,2024-07-06,2024-07-26,2024-08-07,2024-09-21,Ganho,1,2024,2024-08,Paulo Menezes,Saúde Atlântico,Operadora não verticalizada,AL,Implante de joelho,Ortopedia,98277,98277,0,,,40,105,145,20,45,8379,5219,3160
FH-2024-01754,2024-07-07,,,,Perdido,0,2024,2024-07,Marcelo Bastos,Hospital Real do Recife,Hospital privado,PB,Marcapasso,Cardiologia,32221,0,32221,Produto indisponível em estoque,E1 Cotacao,0,0,0,0,0,0,0,0
FH-2024-01813,2024-07-07,,,,Perdido,0,2024,2024-07,Cíntia Barbosa,Hospital Municipal de Jaboatão,Hospital público,PE,Implante de joelho,Ortopedia,135585,0,135585,Cotação respondida fora do prazo,E1 Cotacao,0,0,0,0,0,0,0,0
FH-2024-01493,2024-07-08,2024-07-31,2024-08-06,2024-10-11,Perdido,0,2024,2024-08,Marcelo Bastos,Bem-Estar Saúde,Operadora verticalizada,PE,Implante de quadril,Ortopedia,170810,0,170810,Nota fiscal não autorizada pelo hospital,E4 Faturamento,37,0,37,23,66,0,0,0
FH-2024-01673,2024-07-08,,,,Perdido,0,2024,2024-07,Marcelo Bastos,Bem-Estar Saúde,Operadora verticalizada,PE,Implante de quadril,Ortopedia,435248,0,435248,Cotação respondida fora do prazo,E1 Cotacao,0,0,0,0,0,0,0,0
FH-2024-01709,2024-07-08,2024-07-16,2024-08-05,2024-09-09,Perdido,0,2024,2024-08,Márcia Duarte,Bom Viver Planos,Operadora não verticalizada,RN,Implante de joelho,Ortopedia,73626,0,73626,Glosa não recuperada,E4 Faturamento,37,0,37,8,35,0,0,0
FH-2024-01291,2024-07-09,,,,Perdido,0,2024,2024-07,Paulo Menezes,Clínica Ortopédica Boa Viagem,Hospital privado,PE,Kit de consumo cirúrgico,Cirurgia geral,59190,0,59190,Cliente com fornecedor exclusivo,E1 Cotacao,0,0,0,0,0,0,0,0
FH-2024-01347,2024-07-09,,,,Perdido,0,2024,2024-07,Rogério Lins,Vitalis Rede Integrada,Operadora verticalizada,PE,Cateter para angioplastia,Cardiologia,259654,0,259654,Produto indisponível em estoque,E1 Cotacao,0,0,0,0,0,0,0,0
FH-2024-01502,2024-07-10,2024-08-01,2024-08-21,2024-11-19,Perdido,0,2024,2024-08,Diego Fontes,Saúde Atlântico,Operadora não verticalizada,AL,Implante de quadril,Ortopedia,317192,0,317192,Inadimplência do cliente,E4 Faturamento,54,0,54,22,90,0,0,0
FH-2024-01728,2024-07-10,2024-07-28,2024-08-10,2024-09-20,Ganho,1,2024,2024-08,Paulo Menezes,Saúde Atlântico,Operadora não verticalizada,AL,Introdutor e guia,Cardiologia,81891,81891,0,,,43,116,159,18,41,4289,2258,2031
FH-2024-01732,2024-07-11,2024-08-01,2024-08-09,2024-10-13,Ganho,1,2024,2024-08,Ricardo Aragão,Vitalis Rede Integrada,Operadora verticalizada,PE,Haste intramedular,Ortopedia,307360,307360,0,,,78,157,235,21,65,42962,31307,11655
FH-2024-01414,2024-07-12,2024-08-03,2024-08-22,2024-10-29,Ganho,1,2024,2024-08,Marcelo Bastos,Bem-Estar Saúde,Operadora verticalizada,PE,Placas e parafusos,Ortopedia,221418,221418,0,,,45,127,172,22,68,21605,12015,9590
FH-2024-01510,2024-07-12,,,,Perdido,0,2024,2024-07,Diego Fontes,Vitalis Rede Integrada,Operadora verticalizada,PE,Introdutor e guia,Cardiologia,133199,0,133199,Cotação respondida fora do prazo,E1 Cotacao,0,0,0,0,0,0,0,0
FH-2024-01686,2024-07-12,2024-07-18,2024-07-22,2024-08-21,Ganho,1,2024,2024-07,Diego Fontes,Vitalis Rede Integrada,Operadora verticalizada,PE,Stent farmacológico,Cardiologia,61780,61780,0,,,37,147,184,6,30,8370,4089,4281
FH-2024-01312,2024-07-13,,,,Perdido,0,2024,2024-07,Márcia Duarte,Vitalis Rede Integrada,Operadora verticalizada,PE,Implante de quadril,Ortopedia,19929,0,19929,Cliente com fornecedor exclusivo,E1 Cotacao,0,0,0,0,0,0,0,0
FH-2024-01348,2024-07-13,2024-07-25,2024-08-07,2024-10-25,Ganho,1,2024,2024-08,Marcelo Bastos,Bom Viver Planos,Operadora não verticalizada,RN,Malha e tela cirúrgica,Cirurgia geral,91242,91242,0,,,42,140,182,12,79,5959,2291,3668
FH-2024-01412,2024-07-13,2024-08-03,2024-08-08,2024-09-22,Ganho,1,2024,2024-08,Marcelo Bastos,Vitalis Rede Integrada,Operadora verticalizada,PE,Implante de quadril,Ortopedia,214832,214832,0,,,44,118,162,21,45,24326,17028,7298
FH-2024-01537,2024-07-13,2024-07-31,,,Perdido,0,2024,2024-07,Ricardo Aragão,Bem-Estar Saúde,Operadora verticalizada,PE,Introdutor e guia,Cardiologia,226599,0,226599,Cirurgia cancelada,E2 Autorizacao,0,0,0,18,0,0,0,0
FH-2024-01692,2024-07-13,2024-08-03,2024-08-23,2024-11-03,Ganho,1,2024,2024-08,Marcelo Bastos,Hospital Regional de Petrolina,Hospital público,PE,Material para artroscopia,Ortopedia,144783,144783,0,,,44,148,192,21,72,13732,9132,4600
FH-2024-01315,2024-07-14,2024-07-20,2024-07-29,2024-09-25,Ganho,1,2024,2024-07,Tatiana Coelho,Saúde Atlântico,Operadora não verticalizada,AL,Placas e parafusos,Ortopedia,263031,263031,0,,,30,85,115,6,58,10062,4085,5977
FH-2024-01701,2024-07-14,2024-07-21,2024-07-25,2024-10-23,Ganho,1,2024,2024-07,Rogério Lins,Bem-Estar Saúde,Operadora verticalizada,PE,Haste intramedular,Ortopedia,98968,98968,0,,,44,126,170,7,90,4315,1988,2327
FH-2024-01724,2024-07-14,2024-08-06,2024-08-10,2024-09-28,Ganho,1,2024,2024-08,Cíntia Barbosa,Hospital Municipal do Cabo,Hospital público,PE,Implante de joelho,Ortopedia,75200,75200,0,,,29,115,144,23,49,3098,1403,1695
FH-2024-01495,2024-07-15,2024-07-22,2024-07-26,,Perdido,0,2024,2024-07,Márcia Duarte,Prever Saúde,Operadora não verticalizada,PE,Haste intramedular,Ortopedia,888987,0,888987,Material devolvido sem uso,E3 Cirurgia,28,0,28,7,0,0,0,0
FH-2024-01622,2024-07-16,2024-08-10,2024-08-25,2024-09-25,Ganho,1,2024,2024-08,Márcia Duarte,Hospital Geral de Mossoró,Hospital público,RN,Haste intramedular,Ortopedia,67799,67799,0,,,44,129,173,25,31,3598,1878,1720
FH-2024-01769,2024-07-17,2024-08-11,2024-08-31,2024-09-29,Ganho,1,2024,2024-08,Ivan Peixoto,Bem-Estar Saúde,Operadora verticalizada,PE,Grampeador cirúrgico,Cirurgia geral,22855,22855,0,,,50,152,202,25,29,3263,2264,999
FH-2024-01314,2024-07-18,2024-07-26,2024-08-12,2024-11-11,Ganho,1,2024,2024-08,Marcelo Bastos,Prever Saúde,Operadora não verticalizada,PE,Implante de quadril,Ortopedia,72775,72775,0,,,29,123,152,8,91,7816,2343,5473
FH-2024-01499,2024-07-19,2024-08-01,2024-08-04,2024-10-11,Perdido,0,2024,2024-08,Tatiana Coelho,Prever Saúde,Operadora não verticalizada,PE,Implante de quadril,Ortopedia,34786,0,34786,Divergência na folha de sala,E4 Faturamento,22,0,22,13,68,0,0,0
FH-2024-01511,2024-07-19,2024-08-06,,,Perdido,0,2024,2024-07,Diego Fontes,Hospital Municipal de Caruaru,Hospital público,RN,Placas e parafusos,Ortopedia,55831,0,55831,Troca de fonte pagadora no meio do processo,E2 Autorizacao,0,0,0,18,0,0,0,0
FH-2024-01448,2024-07-20,2024-08-05,2024-08-19,,Perdido,0,2024,2024-08,Ivan Peixoto,Bem-Estar Saúde,Operadora verticalizada,PE,Stent farmacológico,Cardiologia,679245,0,679245,Troca de fornecedor em sala,E3 Cirurgia,53,0,53,16,0,0,0,0
FH-2024-01434,2024-07-21,,,,Perdido,0,2024,2024-07,Joana Rios,Bom Viver Planos,Operadora não verticalizada,RN,Kit de consumo cirúrgico,Cirurgia geral,26630,0,26630,Cliente com fornecedor exclusivo,E1 Cotacao,0,0,0,0,0,0,0,0
FH-2024-01569,2024-07-21,,,,Perdido,0,2024,2024-07,Ricardo Aragão,Hospital Estadual de Arapiraca,Hospital público,PE,Implante de quadril,Ortopedia,125505,0,125505,Cotação respondida fora do prazo,E1 Cotacao,0,0,0,0,0,0,0,0
FH-2024-01301,2024-07-22,2024-08-14,2024-08-23,2024-11-02,Ganho,1,2024,2024-08,Joana Rios,Hospital Municipal do Cabo,Hospital público,PE,Material para artroscopia,Ortopedia,17215,17215,0,,,14,88,102,23,71,467,281,186
FH-2024-01578,2024-07-22,2024-08-17,2024-08-20,2024-10-24,Ganho,1,2024,2024-08,Cíntia Barbosa,Hospital Casa Amarela,Hospital privado,PE,Placas e parafusos,Ortopedia,91572,91572,0,,,26,109,135,26,65,4733,2062,2671
FH-2024-01757,2024-07-22,2024-08-04,2024-08-20,2024-11-10,Ganho,1,2024,2024-08,Paulo Menezes,Bom Viver Planos,Operadora não verticalizada,RN,Implante de quadril,Ortopedia,100113,100113,0,,,22,98,120,13,82,5372,3689,1683
FH-2024-01294,2024-07-23,2024-08-13,2024-08-15,2024-09-23,Ganho,1,2024,2024-08,Ricardo Aragão,Bem-Estar Saúde,Operadora verticalizada,PE,Material para artroscopia,Ortopedia,85379,85379,0,,,67,139,206,21,39,14542,6868,7674
FH-2024-01295,2024-07-23,,,,Perdido,0,2024,2024-07,Tatiana Coelho,Vitalis Rede Integrada,Operadora verticalizada,PE,Material para artroscopia,Ortopedia,328072,0,328072,Produto indisponível em estoque,E1 Cotacao,0,0,0,0,0,0,0,0
FH-2024-01595,2024-07-24,2024-08-07,2024-08-19,,Perdido,0,2024,2024-08,Ivan Peixoto,Vitalis Rede Integrada,Operadora verticalizada,PE,Implante de joelho,Ortopedia,128721,0,128721,Extravio intra-hospitalar,E3 Cirurgia,52,0,52,14,0,0,0,0
FH-2024-01694,2024-07-24,2024-07-30,2024-08-14,2024-11-06,Perdido,0,2024,2024-08,Paulo Menezes,Vitalis Rede Integrada,Operadora verticalizada,PE,Cateter para angioplastia,Cardiologia,760604,0,760604,Inadimplência do cliente,E4 Faturamento,47,0,47,6,84,0,0,0
FH-2024-01614,2024-07-25,2024-08-09,,,Perdido,0,2024,2024-07,Rogério Lins,Saúde Atlântico,Operadora não verticalizada,AL,Implante de quadril,Ortopedia,199823,0,199823,Procedimento não autorizado pelo pagador,E2 Autorizacao,0,0,0,15,0,0,0,0
FH-2024-01392,2024-07-26,,,,Perdido,0,2024,2024-07,Joana Rios,Bom Viver Planos,Operadora não verticalizada,RN,Haste intramedular,Ortopedia,85682,0,85682,Sem contrato para atender,E1 Cotacao,0,0,0,0,0,0,0,0
FH-2024-01531,2024-07-27,2024-08-17,2024-08-25,2024-09-25,Ganho,1,2024,2024-08,Diego Fontes,Bom Viver Planos,Operadora não verticalizada,RN,Material para artroscopia,Ortopedia,230173,230173,0,,,44,132,176,21,31,18343,11027,7316
FH-2024-01365,2024-07-28,2024-08-19,2024-08-31,2024-10-20,Ganho,1,2024,2024-08,Joana Rios,Hospital Casa Amarela,Hospital privado,PE,Introdutor e guia,Cardiologia,55190,55190,0,,,20,85,105,22,50,2066,1089,977
FH-2024-01334,2024-08-01,2024-08-04,2024-08-22,2024-11-04,Ganho,1,2024,2024-08,Diego Fontes,Vitalis Rede Integrada,Operadora verticalizada,PE,Haste intramedular,Ortopedia,157808,157808,0,,,61,128,189,3,74,12005,3480,8525
FH-2024-01552,2024-08-01,2024-08-12,2024-08-26,2024-10-12,Ganho,1,2024,2024-08,Márcia Duarte,Hospital Ponta Negra,Hospital privado,PE,Grampeador cirúrgico,Cirurgia geral,87550,87550,0,,,29,130,159,11,47,5088,2321,2767
FH-2024-01592,2024-08-01,2024-08-23,2024-09-01,,Perdido,0,2024,2024-09,Paulo Menezes,Hospital Graças,Hospital privado,PE,Implante de joelho,Ortopedia,545218,0,545218,Extravio intra-hospitalar,E3 Cirurgia,44,0,44,22,0,0,0,0
FH-2024-01527,2024-08-02,2024-08-22,2024-08-30,2024-10-30,Ganho,1,2024,2024-08,Rogério Lins,Bem-Estar Saúde,Operadora verticalizada,PE,Implante de joelho,Ortopedia,232240,232240,0,,,40,141,181,20,61,22923,14878,8045
FH-2024-01677,2024-08-02,2024-08-14,2024-09-01,,Perdido,0,2024,2024-09,Tatiana Coelho,Prever Saúde,Operadora não verticalizada,PE,Placas e parafusos,Ortopedia,115679,0,115679,Material devolvido sem uso,E3 Cirurgia,32,0,32,12,0,0,0,0
FH-2024-01518,2024-08-03,2024-08-18,2024-08-29,,Perdido,0,2024,2024-08,Joana Rios,Bom Viver Planos,Operadora não verticalizada,RN,Introdutor e guia,Cardiologia,85395,0,85395,Extravio intra-hospitalar,E3 Cirurgia,10,0,10,15,0,0,0,0
FH-2024-01818,2024-08-03,2024-08-18,2024-09-06,2024-11-04,Ganho,1,2024,2024-09,Ricardo Aragão,Bem-Estar Saúde,Operadora verticalizada,PE,Implante de joelho,Ortopedia,80983,80983,0,,,55,146,201,15,59,8723,4063,4660
FH-2024-01409,2024-08-04,2024-08-11,2024-08-28,2024-10-16,Ganho,1,2024,2024-08,Tatiana Coelho,Hospital Torre,Hospital privado,PE,Grampeador cirúrgico,Cirurgia geral,41114,41114,0,,,25,107,132,7,49,1671,828,843
FH-2024-01738,2024-08-05,,,,Perdido,0,2024,2024-08,Rogério Lins,Bem-Estar Saúde,Operadora verticalizada,PE,Implante de quadril,Ortopedia,161175,0,161175,Preço acima do concorrente,E1 Cotacao,0,0,0,0,0,0,0,0
FH-2024-01756,2024-08-05,,,,Perdido,0,2024,2024-08,Ricardo Aragão,Vitalis Rede Integrada,Operadora verticalizada,PE,Stent farmacológico,Cardiologia,786485,0,786485,Cotação respondida fora do prazo,E1 Cotacao,0,0,0,0,0,0,0,0
FH-2024-01427,2024-08-06,2024-08-11,2024-08-14,2024-09-28,Ganho,1,2024,2024-08,Cíntia Barbosa,Hospital Municipal do Cabo,Hospital público,PE,Grampeador cirúrgico,Cirurgia geral,117010,117010,0,,,17,114,131,5,45,4244,2449,1795
FH-2024-01496,2024-08-07,,,,Perdido,0,2024,2024-08,Cíntia Barbosa,Bem-Estar Saúde,Operadora verticalizada,PE,Implante de quadril,Ortopedia,81386,0,81386,Preço acima do concorrente,E1 Cotacao,0,0,0,0,0,0,0,0
FH-2024-01777,2024-08-09,2024-09-02,2024-09-11,2024-11-26,Ganho,1,2024,2024-09,Joana Rios,Hospital Farol de Maceió,Hospital privado,AL,Stent farmacológico,Cardiologia,26231,26231,0,,,17,76,93,24,76,686,500,186
FH-2024-01579,2024-08-11,2024-09-02,2024-09-13,2024-10-22,Ganho,1,2024,2024-09,Marcelo Bastos,Hospital Vale do Capibaribe,Hospital privado,PE,Implante de joelho,Ortopedia,111885,111885,0,,,42,147,189,22,39,5698,2778,2920
FH-2024-01338,2024-08-12,2024-09-07,2024-09-09,2024-11-17,Ganho,1,2024,2024-09,Ricardo Aragão,Vitalis Rede Integrada,Operadora verticalizada,PE,Grampeador cirúrgico,Cirurgia geral,132433,132433,0,,,61,151,212,26,69,21334,7907,13427
FH-2024-01755,2024-08-12,2024-09-04,2024-09-08,2024-11-18,Perdido,0,2024,2024-09,Márcia Duarte,Prever Saúde,Operadora não verticalizada,PE,Placas e parafusos,Ortopedia,166139,0,166139,Glosa não recuperada,E4 Faturamento,40,0,40,23,71,0,0,0
FH-2024-01522,2024-08-13,2024-08-21,2024-09-04,,Perdido,0,2024,2024-09,Marcelo Bastos,Bem-Estar Saúde,Operadora verticalizada,PE,Placas e parafusos,Ortopedia,55671,0,55671,Troca de fornecedor em sala,E3 Cirurgia,42,0,42,8,0,0,0,0
FH-2024-01564,2024-08-13,2024-08-22,2024-09-10,2024-10-25,Ganho,1,2024,2024-09,Diego Fontes,Hospital Ponta Verde,Hospital privado,PE,Introdutor e guia,Cardiologia,176148,176148,0,,,52,134,186,9,45,16703,11638,5065
FH-2024-01742,2024-08-14,,,,Perdido,0,2024,2024-08,Tatiana Coelho,Hospital Cabo Branco,Hospital privado,PE,Haste intramedular,Ortopedia,39657,0,39657,Produto indisponível em estoque,E1 Cotacao,0,0,0,0,0,0,0,0
FH-2024-01343,2024-08-15,2024-09-05,2024-09-12,2024-10-24,Ganho,1,2024,2024-09,Diego Fontes,Bem-Estar Saúde,Operadora verticalizada,PE,Implante de quadril,Ortopedia,139522,139522,0,,,37,128,165,21,42,8213,2175,6038
FH-2024-01387,2024-08-15,2024-09-03,2024-09-20,2024-11-16,Ganho,1,2024,2024-09,Márcia Duarte,Bom Viver Planos,Operadora não verticalizada,RN,Stent farmacológico,Cardiologia,349293,349293,0,,,41,105,146,19,57,16506,6465,10041
FH-2024-01689,2024-08-15,2024-09-10,2024-09-28,2024-12-30,Ganho,1,2024,2024-09,Rogério Lins,Hospital Municipal do Cabo,Hospital público,PE,Placas e parafusos,Ortopedia,73380,73380,0,,,47,116,163,26,93,5105,2040,3065
FH-2024-01305,2024-08-16,,,,Perdido,0,2024,2024-08,Marcelo Bastos,Hospital Sete Coqueiros,Hospital privado,PE,Haste intramedular,Ortopedia,193830,0,193830,Preço acima do concorrente,E1 Cotacao,0,0,0,0,0,0,0,0
FH-2024-01703,2024-08-16,,,,Perdido,0,2024,2024-08,Joana Rios,Centro Cirúrgico Casa Forte,Hospital privado,PE,Introdutor e guia,Cardiologia,255644,0,255644,Sem contrato para atender,E1 Cotacao,0,0,0,0,0,0,0,0
FH-2024-01408,2024-08-17,2024-09-03,2024-09-05,2024-11-14,Ganho,1,2024,2024-09,Tatiana Coelho,Hospital Areia Preta,Hospital privado,AL,Implante de quadril,Ortopedia,156652,156652,0,,,25,83,108,17,70,3787,1815,1972
FH-2024-01772,2024-08-17,,,,Perdido,0,2024,2024-08,Tatiana Coelho,Hospital Real do Recife,Hospital privado,PB,Stent farmacológico,Cardiologia,25852,0,25852,Cotação respondida fora do prazo,E1 Cotacao,0,0,0,0,0,0,0,0
FH-2024-01609,2024-08-18,2024-09-10,2024-09-14,2024-11-06,Ganho,1,2024,2024-09,Ricardo Aragão,Bom Viver Planos,Operadora não verticalizada,RN,Haste intramedular,Ortopedia,133196,133196,0,,,73,151,224,23,53,22241,11242,10999
FH-2024-01697,2024-08-18,2024-09-10,2024-09-17,2024-12-19,Ganho,1,2024,2024-09,Paulo Menezes,Clínica Cirúrgica Derby,Hospital privado,PB,Implante de quadril,Ortopedia,94609,94609,0,,,31,107,138,23,93,4880,2646,2234
FH-2024-01430,2024-08-19,,,,Perdido,0,2024,2024-08,Marcelo Bastos,Bem-Estar Saúde,Operadora verticalizada,PE,Cateter para angioplastia,Cardiologia,38411,0,38411,Cotação respondida fora do prazo,E1 Cotacao,0,0,0,0,0,0,0,0
FH-2024-01447,2024-08-19,2024-09-11,2024-09-29,2024-11-01,Ganho,1,2024,2024-09,Marcelo Bastos,Vitalis Rede Integrada,Operadora verticalizada,PE,Malha e tela cirúrgica,Cirurgia geral,113963,113963,0,,,47,136,183,23,33,7864,2252,5612
FH-2024-01619,2024-08-19,2024-08-25,2024-09-01,2024-10-22,Ganho,1,2024,2024-09,Márcia Duarte,Prever Saúde,Operadora não verticalizada,PE,Marcapasso,Cardiologia,130373,130373,0,,,32,133,165,6,51,7718,5777,1941
FH-2024-01302,2024-08-20,2024-09-05,2024-09-14,,Perdido,0,2024,2024-09,Paulo Menezes,Vitalis Rede Integrada,Operadora verticalizada,PE,Implante de joelho,Ortopedia,681399,0,681399,Material devolvido sem uso,E3 Cirurgia,26,0,26,16,0,0,0,0
FH-2024-01405,2024-08-20,2024-09-01,,,Perdido,0,2024,2024-08,Paulo Menezes,Clínica Vida Nova,Hospital privado,PE,Implante de quadril,Ortopedia,51269,0,51269,Procedimento não autorizado pelo pagador,E2 Autorizacao,0,0,0,12,0,0,0,0
FH-2024-01339,2024-08-23,2024-09-05,2024-09-12,2024-11-08,Ganho,1,2024,2024-09,Joana Rios,Hospital Rio Doce,Hospital privado,AL,Material para artroscopia,Ortopedia,24442,24442,0,,,18,76,94,13,57,632,163,469
FH-2024-01505,2024-08-23,2024-08-31,2024-09-17,2024-10-25,Ganho,1,2024,2024-09,Joana Rios,Saúde Atlântico,Operadora não verticalizada,AL,Introdutor e guia,Cardiologia,30702,30702,0,,,20,88,108,8,38,1314,958,356
FH-2024-01532,2024-08-24,,,,Perdido,0,2024,2024-08,Diego Fontes,Vitalis Rede Integrada,Operadora verticalizada,PE,Kit de consumo cirúrgico,Cirurgia geral,79226,0,79226,Cotação respondida fora do prazo,E1 Cotacao,0,0,0,0,0,0,0,0
FH-2024-01667,2024-08-24,2024-08-28,2024-09-14,2024-10-20,Ganho,1,2024,2024-09,Ricardo Aragão,Bem-Estar Saúde,Operadora verticalizada,PE,Introdutor e guia,Cardiologia,208046,208046,0,,,54,161,215,4,36,20116,13946,6170
FH-2024-01453,2024-08-25,2024-08-30,2024-09-13,2024-12-03,Ganho,1,2024,2024-09,Paulo Menezes,Hospital Nossa Senhora do Carmo,Hospital privado,PE,Stent farmacológico,Cardiologia,41238,41238,0,,,33,110,143,5,81,2919,1770,1149
FH-2024-01604,2024-08-25,2024-09-01,2024-09-18,2024-11-18,Ganho,1,2024,2024-09,Ricardo Aragão,Hospital Universitário de João Pessoa,Hospital público,PE,Stent farmacológico,Cardiologia,176531,176531,0,,,76,153,229,7,61,26406,10009,16397
FH-2024-01723,2024-08-25,2024-08-31,2024-09-10,2024-10-30,Ganho,1,2024,2024-09,Rogério Lins,Clínica Vida Nova,Hospital privado,PE,Material para artroscopia,Ortopedia,77390,77390,0,,,38,141,179,6,50,4692,1719,2973
FH-2024-01802,2024-08-25,,,,Perdido,0,2024,2024-08,Joana Rios,Vitalis Rede Integrada,Operadora verticalizada,PE,Cateter para angioplastia,Cardiologia,118942,0,118942,Produto indisponível em estoque,E1 Cotacao,0,0,0,0,0,0,0,0
FH-2024-01479,2024-08-26,2024-09-10,,,Perdido,0,2024,2024-08,Verônica Sá,Hospital Cabo Branco,Hospital privado,PE,Kit de consumo cirúrgico,Cirurgia geral,49641,0,49641,Procedimento não autorizado pelo pagador,E2 Autorizacao,0,0,0,15,0,0,0,0
FH-2024-01526,2024-08-26,2024-09-13,2024-09-28,2024-11-29,Ganho,1,2024,2024-09,Rogério Lins,Bom Viver Planos,Operadora não verticalizada,RN,Grampeador cirúrgico,Cirurgia geral,107117,107117,0,,,52,106,158,18,62,4795,1925,2870
FH-2024-01597,2024-08-27,,,,Perdido,0,2024,2024-08,Márcia Duarte,Vitalis Rede Integrada,Operadora verticalizada,PE,Implante de quadril,Ortopedia,251448,0,251448,Produto indisponível em estoque,E1 Cotacao,0,0,0,0,0,0,0,0
FH-2024-01446,2024-08-28,2024-09-02,2024-09-21,2024-11-14,Ganho,1,2024,2024-09,Paulo Menezes,Hospital Sete Coqueiros,Hospital privado,PE,Implante de quadril,Ortopedia,239604,239604,0,,,48,133,181,5,54,19106,12357,6749
FH-2024-01352,2024-09-02,2024-09-24,2024-09-29,2024-12-25,Ganho,1,2024,2024-09,Cíntia Barbosa,Hospital Ilha do Leite,Hospital privado,PE,Material para artroscopia,Ortopedia,50825,50825,0,,,33,117,150,22,87,1511,524,987
FH-2024-01461,2024-09-04,2024-09-23,2024-10-14,2025-01-12,Ganho,1,2024,2024-10,Marcelo Bastos,Bem-Estar Saúde,Operadora verticalizada,PE,Haste intramedular,Ortopedia,310754,310754,0,,,52,116,168,19,90,26859,13431,13428
FH-2024-01534,2024-09-04,2024-09-09,2024-09-26,,Perdido,0,2024,2024-09,Diego Fontes,Vitalis Rede Integrada,Operadora verticalizada,PE,Haste intramedular,Ortopedia,322028,0,322028,Material devolvido sem uso,E3 Cirurgia,55,0,55,5,0,0,0,0
FH-2024-01321,2024-09-06,2024-09-23,2024-10-06,2025-01-01,Ganho,1,2024,2024-10,Ricardo Aragão,Vitalis Rede Integrada,Operadora verticalizada,PE,Implante de quadril,Ortopedia,176075,176075,0,,,71,163,234,17,87,17470,7492,9978
FH-2024-01659,2024-09-06,2024-09-25,2024-10-13,2024-12-01,Ganho,1,2024,2024-10,Paulo Menezes,Clínica Ortopédica Boa Viagem,Hospital privado,PE,Placas e parafusos,Ortopedia,223203,223203,0,,,29,107,136,19,49,16950,5846,11104
FH-2024-01720,2024-09-06,,,,Perdido,0,2024,2024-09,Joana Rios,Hospital Nossa Senhora do Carmo,Hospital privado,PE,Cateter para angioplastia,Cardiologia,207742,0,207742,Cliente com fornecedor exclusivo,E1 Cotacao,0,0,0,0,0,0,0,0
FH-2024-01731,2024-09-07,2024-09-14,2024-09-20,2024-12-23,Ganho,1,2024,2024-09,Cíntia Barbosa,Bom Viver Planos,Operadora não verticalizada,RN,Implante de joelho,Ortopedia,94117,94117,0,,,20,117,137,7,94,5727,2657,3070
FH-2024-01817,2024-09-07,,,,Perdido,0,2024,2024-09,Diego Fontes,Vitalis Rede Integrada,Operadora verticalizada,PE,Haste intramedular,Ortopedia,243836,0,243836,Produto indisponível em estoque,E1 Cotacao,0,0,0,0,0,0,0,0
FH-2024-01819,2024-09-07,,,,Perdido,0,2024,2024-09,Márcia Duarte,Hospital Municipal do Cabo,Hospital público,PE,Material para artroscopia,Ortopedia,237822,0,237822,Cliente com fornecedor exclusivo,E1 Cotacao,0,0,0,0,0,0,0,0
FH-2024-01407,2024-09-08,2024-09-12,2024-09-19,2024-10-25,Ganho,1,2024,2024-09,Diego Fontes,Hospital Jaguaribe,Hospital privado,AL,Stent farmacológico,Cardiologia,488494,488494,0,,,55,146,201,4,36,69900,50355,19545
FH-2024-01605,2024-09-08,2024-09-17,2024-09-21,2024-10-20,Ganho,1,2024,2024-09,Diego Fontes,Vitalis Rede Integrada,Operadora verticalizada,PE,Placas e parafusos,Ortopedia,45173,45173,0,,,36,131,167,9,29,4524,1597,2927
FH-2024-01662,2024-09-08,2024-09-30,2024-10-11,2024-12-12,Ganho,1,2024,2024-10,Cíntia Barbosa,Hospital Geral de Mossoró,Hospital público,RN,Material para artroscopia,Ortopedia,264499,264499,0,,,22,121,143,22,62,11978,5753,6225
FH-2024-01318,2024-09-10,2024-09-15,2024-09-26,2024-11-14,Ganho,1,2024,2024-09,Marcelo Bastos,Vitalis Rede Integrada,Operadora verticalizada,PE,Implante de joelho,Ortopedia,235348,235348,0,,,39,133,172,5,49,26192,16539,9653
FH-2024-01481,2024-09-10,,,,Perdido,0,2024,2024-09,Diego Fontes,Vitalis Rede Integrada,Operadora verticalizada,PE,Grampeador cirúrgico,Cirurgia geral,33486,0,33486,Produto indisponível em estoque,E1 Cotacao,0,0,0,0,0,0,0,0
FH-2024-01591,2024-09-10,2024-09-23,2024-10-07,2024-11-17,Ganho,1,2024,2024-10,Tatiana Coelho,Saúde Atlântico,Operadora não verticalizada,AL,Malha e tela cirúrgica,Cirurgia geral,30699,30699,0,,,30,103,133,13,41,1266,463,803
FH-2024-01678,2024-09-10,2024-09-16,,,Perdido,0,2024,2024-09,Ivan Peixoto,Saúde Atlântico,Operadora não verticalizada,AL,Marcapasso,Cardiologia,87717,0,87717,Procedimento não autorizado pelo pagador,E2 Autorizacao,0,0,0,6,0,0,0,0
FH-2024-01815,2024-09-10,2024-09-16,2024-09-29,2024-10-20,Ganho,1,2024,2024-09,Verônica Sá,Clínica Vida Nova,Hospital privado,PE,Malha e tela cirúrgica,Cirurgia geral,4586,4586,0,,,39,111,150,6,21,168,52,116
FH-2024-01328,2024-09-11,2024-09-21,2024-10-06,2024-11-29,Ganho,1,2024,2024-10,Cíntia Barbosa,Hospital Municipal de Garanhuns,Hospital público,PE,Grampeador cirúrgico,Cirurgia geral,29195,29195,0,,,20,122,142,10,54,1472,1014,458
FH-2024-01567,2024-09-11,,,,Perdido,0,2024,2024-09,Verônica Sá,Hospital Ponta Verde,Hospital privado,PE,Grampeador cirúrgico,Cirurgia geral,6471,0,6471,Sem contrato para atender,E1 Cotacao,0,0,0,0,0,0,0,0
FH-2024-01765,2024-09-11,,,,Perdido,0,2024,2024-09,Ricardo Aragão,Vitalis Rede Integrada,Operadora verticalizada,PE,Placas e parafusos,Ortopedia,49049,0,49049,Produto indisponível em estoque,E1 Cotacao,0,0,0,0,0,0,0,0
FH-2024-01767,2024-09-13,2024-09-18,2024-09-20,2024-11-27,Ganho,1,2024,2024-09,Paulo Menezes,Hospital Ponta Negra,Hospital privado,PE,Stent farmacológico,Cardiologia,178288,178288,0,,,36,127,163,5,68,10508,2843,7665
FH-2024-01676,2024-09-14,2024-10-05,2024-10-23,2025-01-16,Ganho,1,2024,2024-10,Diego Fontes,Vitalis Rede Integrada,Operadora verticalizada,PE,Introdutor e guia,Cardiologia,193329,193329,0,,,52,135,187,21,85,12935,3665,9270
FH-2024-01319,2024-09-15,2024-10-04,2024-10-12,2025-01-15,Ganho,1,2024,2024-10,Rogério Lins,Bem-Estar Saúde,Operadora verticalizada,PE,Material para artroscopia,Ortopedia,55691,55691,0,,,35,137,172,19,95,3891,2642,1249
FH-2024-01357,2024-09-15,2024-10-03,2024-10-22,2024-12-09,Ganho,1,2024,2024-10,Ivan Peixoto,Hospital Nossa Senhora do Carmo,Hospital privado,PE,Grampeador cirúrgico,Cirurgia geral,12384,12384,0,,,64,145,209,18,48,1544,962,582
FH-2024-01462,2024-09-17,2024-10-05,2024-10-15,2024-12-12,Perdido,0,2024,2024-10,Ivan Peixoto,Bom Viver Planos,Operadora não verticalizada,RN,Implante de joelho,Ortopedia,45633,0,45633,Divergência na folha de sala,E4 Faturamento,47,0,47,18,58,0,0,0
FH-2024-01776,2024-09-17,2024-10-06,,,Perdido,0,2024,2024-09,Ricardo Aragão,Bem-Estar Saúde,Operadora verticalizada,PE,Malha e tela cirúrgica,Cirurgia geral,148835,0,148835,Procedimento não autorizado pelo pagador,E2 Autorizacao,0,0,0,19,0,0,0,0
FH-2024-01602,2024-09-18,2024-10-14,2024-10-17,2024-12-06,Ganho,1,2024,2024-10,Paulo Menezes,Prever Saúde,Operadora não verticalizada,PE,Haste intramedular,Ortopedia,58565,58565,0,,,22,103,125,26,50,2552,1006,1546
FH-2024-01774,2024-09-18,,,,Perdido,0,2024,2024-09,Tatiana Coelho,Hospital São Rafael de Olinda,Hospital privado,PE,Material para artroscopia,Ortopedia,51621,0,51621,Preço acima do concorrente,E1 Cotacao,0,0,0,0,0,0,0,0
FH-2024-01308,2024-09-19,2024-09-25,2024-10-16,2025-01-16,Ganho,1,2024,2024-10,Ricardo Aragão,Bem-Estar Saúde,Operadora verticalizada,PE,Kit de consumo cirúrgico,Cirurgia geral,21413,21413,0,,,70,175,245,6,92,1916,535,1381
FH-2024-01340,2024-09-19,2024-10-09,2024-10-27,2024-12-16,Ganho,1,2024,2024-10,Marcelo Bastos,Hospital Pina,Hospital privado,AL,Malha e tela cirúrgica,Cirurgia geral,33043,33043,0,,,41,135,176,20,50,2309,1255,1054
FH-2024-01472,2024-09-19,2024-10-05,2024-10-10,2024-12-30,Ganho,1,2024,2024-10,Joana Rios,Hospital Piedade,Hospital privado,RN,Implante de quadril,Ortopedia,55163,55163,0,,,14,67,81,16,81,1640,761,879
FH-2024-01491,2024-09-19,2024-09-29,2024-10-19,2024-11-26,Perdido,0,2024,2024-10,Ricardo Aragão,Hospital Graças,Hospital privado,PE,Haste intramedular,Ortopedia,106548,0,106548,Divergência na folha de sala,E4 Faturamento,62,0,62,10,38,0,0,0
FH-2024-01803,2024-09-19,2024-10-11,2024-10-13,2025-01-15,Perdido,0,2024,2024-10,Rogério Lins,Bem-Estar Saúde,Operadora verticalizada,PE,Placas e parafusos,Ortopedia,57934,0,57934,Glosa não recuperada,E4 Faturamento,51,0,51,22,94,0,0,0
FH-2024-01444,2024-09-20,2024-10-10,2024-10-22,2025-01-14,Ganho,1,2024,2024-10,Tatiana Coelho,Vitalis Rede Integrada,Operadora verticalizada,PE,Implante de quadril,Ortopedia,145601,145601,0,,,21,112,133,20,84,3566,1325,2241
FH-2024-01463,2024-09-20,,,,Perdido,0,2024,2024-09,Ivan Peixoto,Vitalis Rede Integrada,Operadora verticalizada,PE,Kit de consumo cirúrgico,Cirurgia geral,283932,0,283932,Sem contrato para atender,E1 Cotacao,0,0,0,0,0,0,0,0
FH-2024-01583,2024-09-22,,,,Perdido,0,2024,2024-09,Ivan Peixoto,Hospital Ponta Verde,Hospital privado,PE,Haste intramedular,Ortopedia,90414,0,90414,Produto indisponível em estoque,E1 Cotacao,0,0,0,0,0,0,0,0
FH-2024-01797,2024-09-23,2024-10-16,2024-10-29,2024-12-25,Perdido,0,2024,2024-10,Ricardo Aragão,Bem-Estar Saúde,Operadora verticalizada,PE,Grampeador cirúrgico,Cirurgia geral,109964,0,109964,Glosa não recuperada,E4 Faturamento,52,0,52,23,57,0,0,0
FH-2024-01577,2024-09-24,,,,Perdido,0,2024,2024-09,Tatiana Coelho,Saúde Atlântico,Operadora não verticalizada,AL,Placas e parafusos,Ortopedia,92543,0,92543,Cliente com fornecedor exclusivo,E1 Cotacao,0,0,0,0,0,0,0,0
FH-2024-01669,2024-09-24,2024-09-27,2024-10-08,2024-10-29,Ganho,1,2024,2024-10,Diego Fontes,Vitalis Rede Integrada,Operadora verticalizada,PE,Material para artroscopia,Ortopedia,84945,84945,0,,,62,136,198,3,21,8186,3559,4627
FH-2024-01647,2024-09-25,2024-10-05,2024-10-08,2024-12-03,Ganho,1,2024,2024-10,Joana Rios,Hospital Costa Verde,Hospital privado,RN,Implante de quadril,Ortopedia,116725,116725,0,,,18,77,95,10,56,4049,2192,1857
FH-2024-01784,2024-09-25,2024-10-13,2024-11-03,,Perdido,0,2024,2024-11,Rogério Lins,Vitalis Rede Integrada,Operadora verticalizada,PE,Haste intramedular,Ortopedia,147336,0,147336,Troca de fornecedor em sala,E3 Cirurgia,31,0,31,18,0,0,0,0
FH-2024-01672,2024-09-26,2024-10-19,2024-10-21,,Perdido,0,2024,2024-10,Ivan Peixoto,Prever Saúde,Operadora não verticalizada,PE,Material para artroscopia,Ortopedia,41043,0,41043,Troca de fornecedor em sala,E3 Cirurgia,57,0,57,23,0,0,0,0
FH-2024-01480,2024-10-01,2024-10-06,2024-10-12,2024-12-16,Ganho,1,2024,2024-10,Tatiana Coelho,Hospital Municipal de Paulista,Hospital público,PE,Implante de quadril,Ortopedia,177369,177369,0,,,23,109,132,5,65,5043,1760,3283
FH-2024-01714,2024-10-02,2024-10-05,2024-10-23,2025-01-22,Perdido,0,2024,2024-10,Diego Fontes,Vitalis Rede Integrada,Operadora verticalizada,PE,Placas e parafusos,Ortopedia,203850,0,203850,Inadimplência do cliente,E4 Faturamento,43,0,43,3,91,0,0,0
FH-2024-01358,2024-10-03,2024-10-07,2024-10-25,2025-01-13,Ganho,1,2024,2024-10,Verônica Sá,Prever Saúde,Operadora não verticalizada,PE,Implante de quadril,Ortopedia,188861,188861,0,,,28,109,137,4,80,11497,6487,5010
FH-2024-01359,2024-10-03,2024-10-21,2024-11-09,2025-01-27,Ganho,1,2024,2024-11,Ricardo Aragão,Bem-Estar Saúde,Operadora verticalizada,PE,Stent farmacológico,Cardiologia,168466,168466,0,,,49,139,188,18,79,16314,4670,11644
FH-2024-01368,2024-10-03,2024-10-07,2024-10-13,2024-11-07,Perdido,0,2024,2024-10,Joana Rios,Hospital Estadual de Arapiraca,Hospital público,PE,Material para artroscopia,Ortopedia,119823,0,119823,Glosa não recuperada,E4 Faturamento,20,0,20,4,25,0,0,0
FH-2024-01642,2024-10-04,2024-10-26,,,Perdido,0,2024,2024-10,Ricardo Aragão,Vitalis Rede Integrada,Operadora verticalizada,PE,Haste intramedular,Ortopedia,741434,0,741434,Procedimento não autorizado pelo pagador,E2 Autorizacao,0,0,0,22,0,0,0,0
FH-2024-01718,2024-10-04,,,,Perdido,0,2024,2024-10,Rogério Lins,Hospital Ilha do Leite,Hospital privado,PE,Stent farmacológico,Cardiologia,69294,0,69294,Produto indisponível em estoque,E1 Cotacao,0,0,0,0,0,0,0,0
FH-2024-01809,2024-10-04,,,,Perdido,0,2024,2024-10,Verônica Sá,Bem-Estar Saúde,Operadora verticalizada,PE,Stent farmacológico,Cardiologia,120239,0,120239,Sem contrato para atender,E1 Cotacao,0,0,0,0,0,0,0,0
FH-2024-01322,2024-10-05,,,,Perdido,0,2024,2024-10,Diego Fontes,Hospital Monte Sinai,Hospital privado,PE,Malha e tela cirúrgica,Cirurgia geral,24952,0,24952,Sem contrato para atender,E1 Cotacao,0,0,0,0,0,0,0,0
FH-2024-01507,2024-10-07,,,,Perdido,0,2024,2024-10,Rogério Lins,Hospital Ilha do Leite,Hospital privado,PE,Cateter para angioplastia,Cardiologia,113516,0,113516,Preço acima do concorrente,E1 Cotacao,0,0,0,0,0,0,0,0
FH-2024-01629,2024-10-07,2024-10-19,2024-10-28,2024-12-15,Ganho,1,2024,2024-10,Verônica Sá,Bem-Estar Saúde,Operadora verticalizada,PE,Cateter para angioplastia,Cardiologia,97039,97039,0,,,23,122,145,12,48,5865,1652,4213
FH-2024-01657,2024-10-07,2024-10-23,2024-11-10,2025-01-05,Ganho,1,2024,2024-11,Joana Rios,Hospital São Rafael de Olinda,Hospital privado,PE,Cateter para angioplastia,Cardiologia,151722,151722,0,,,8,64,72,16,56,2994,1982,1012
FH-2024-01419,2024-10-08,2024-11-03,2024-11-15,2025-01-02,Ganho,1,2024,2024-11,Ricardo Aragão,Vitalis Rede Integrada,Operadora verticalizada,PE,Material para artroscopia,Ortopedia,264636,264636,0,,,54,169,223,26,48,35303,11665,23638
FH-2024-01631,2024-10-08,2024-11-02,2024-11-18,2025-01-15,Ganho,1,2024,2024-11,Marcelo Bastos,Vitalis Rede Integrada,Operadora verticalizada,PE,Placas e parafusos,Ortopedia,657196,657196,0,,,43,140,183,25,58,58089,40969,17120
FH-2024-01626,2024-10-09,2024-10-20,2024-11-02,2024-12-22,Ganho,1,2024,2024-11,Marcelo Bastos,Hospital Regional de Campina Grande,Hospital público,PB,Material para artroscopia,Ortopedia,76144,76144,0,,,44,129,173,11,50,8567,2901,5666
FH-2024-01735,2024-10-09,2024-10-14,2024-10-21,2024-11-13,Ganho,1,2024,2024-10,Marcelo Bastos,Saúde Atlântico,Operadora não verticalizada,AL,Introdutor e guia,Cardiologia,125325,125325,0,,,29,147,176,5,23,13160,6497,6663
FH-2024-01670,2024-10-10,,,,Perdido,0,2024,2024-10,Cíntia Barbosa,Hospital Municipal de Jaboatão,Hospital público,PE,Material para artroscopia,Ortopedia,62007,0,62007,Cotação respondida fora do prazo,E1 Cotacao,0,0,0,0,0,0,0,0
FH-2024-01746,2024-10-10,2024-10-21,2024-10-29,2024-12-29,Ganho,1,2024,2024-10,Rogério Lins,Saúde Atlântico,Operadora não verticalizada,AL,Kit de consumo cirúrgico,Cirurgia geral,73148,73148,0,,,44,124,168,11,61,3603,1042,2561
FH-2024-01621,2024-10-11,2024-10-24,2024-10-27,2024-12-16,Ganho,1,2024,2024-10,Verônica Sá,Hospital Farol de Maceió,Hospital privado,AL,Implante de quadril,Ortopedia,118556,118556,0,,,37,95,132,13,50,4603,3416,1187
FH-2024-01402,2024-10-13,,,,Perdido,0,2024,2024-10,Joana Rios,Vitalis Rede Integrada,Operadora verticalizada,PE,Cateter para angioplastia,Cardiologia,95013,0,95013,Cliente com fornecedor exclusivo,E1 Cotacao,0,0,0,0,0,0,0,0
FH-2024-01426,2024-10-14,2024-10-30,2024-11-06,2024-12-03,Ganho,1,2024,2024-11,Marcelo Bastos,Hospital Rio Doce,Hospital privado,AL,Grampeador cirúrgico,Cirurgia geral,33719,33719,0,,,41,141,182,16,27,2557,774,1783
FH-2024-01464,2024-10-14,2024-10-26,2024-11-13,2025-02-02,Ganho,1,2024,2024-11,Rogério Lins,Vitalis Rede Integrada,Operadora verticalizada,PE,Placas e parafusos,Ortopedia,433065,433065,0,,,31,107,138,12,81,33864,22220,11644
FH-2024-01380,2024-10-15,2024-11-10,2024-12-01,2025-02-28,Ganho,1,2024,2024-12,Tatiana Coelho,Hospital Farol de Maceió,Hospital privado,AL,Haste intramedular,Ortopedia,101201,101201,0,,,31,83,114,26,89,5209,2999,2210
FH-2024-01633,2024-10-15,2024-11-07,2024-11-10,2025-01-24,Perdido,0,2024,2024-11,Ricardo Aragão,Vitalis Rede Integrada,Operadora verticalizada,PE,Marcapasso,Cardiologia,2097085,0,2097085,Glosa não recuperada,E4 Faturamento,67,0,67,23,75,0,0,0
FH-2024-01685,2024-10-15,2024-11-09,2024-11-12,2025-02-14,Ganho,1,2024,2024-11,Tatiana Coelho,Hospital Monte Sinai,Hospital privado,PE,Cateter para angioplastia,Cardiologia,55643,55643,0,,,12,85,97,25,94,2311,1470,841
FH-2024-01740,2024-10-16,,,,Perdido,0,2024,2024-10,Marcelo Bastos,Bem-Estar Saúde,Operadora verticalizada,PE,Malha e tela cirúrgica,Cirurgia geral,23825,0,23825,Preço acima do concorrente,E1 Cotacao,0,0,0,0,0,0,0,0
FH-2024-01805,2024-10-16,2024-11-08,2024-11-19,2024-12-12,Ganho,1,2024,2024-11,Joana Rios,Hospital Graças,Hospital privado,PE,Placas e parafusos,Ortopedia,45641,45641,0,,,21,67,88,23,23,815,577,238
FH-2024-01466,2024-10-17,,,,Perdido,0,2024,2024-10,Rogério Lins,Vitalis Rede Integrada,Operadora verticalizada,PE,Material para artroscopia,Ortopedia,227921,0,227921,Produto indisponível em estoque,E1 Cotacao,0,0,0,0,0,0,0,0
FH-2024-01307,2024-10-18,,,,Perdido,0,2024,2024-10,Paulo Menezes,Vitalis Rede Integrada,Operadora verticalizada,PE,Introdutor e guia,Cardiologia,60029,0,60029,Cotação respondida fora do prazo,E1 Cotacao,0,0,0,0,0,0,0,0
FH-2024-01415,2024-10-18,,,,Perdido,0,2024,2024-10,Diego Fontes,Vitalis Rede Integrada,Operadora verticalizada,PE,Grampeador cirúrgico,Cirurgia geral,75458,0,75458,Preço acima do concorrente,E1 Cotacao,0,0,0,0,0,0,0,0
FH-2024-01504,2024-10-18,,,,Perdido,0,2024,2024-10,Ricardo Aragão,Vitalis Rede Integrada,Operadora verticalizada,PE,Grampeador cirúrgico,Cirurgia geral,178766,0,178766,Preço acima do concorrente,E1 Cotacao,0,0,0,0,0,0,0,0
FH-2024-01760,2024-10-18,,,,Perdido,0,2024,2024-10,Verônica Sá,Hospital São Fidélis,Hospital privado,PE,Cateter para angioplastia,Cardiologia,92714,0,92714,Preço acima do concorrente,E1 Cotacao,0,0,0,0,0,0,0,0
FH-2024-01411,2024-10-19,2024-10-27,2024-11-13,2024-12-16,Ganho,1,2024,2024-11,Paulo Menezes,Hospital Estadual de Pernambuco,Hospital público,PE,Kit de consumo cirúrgico,Cirurgia geral,82590,82590,0,,,45,99,144,8,33,6129,2026,4103
FH-2024-01773,2024-10-19,2024-11-11,2024-11-16,2025-01-15,Ganho,1,2024,2024-11,Paulo Menezes,Hospital Estadual de Arapiraca,Hospital público,PE,Material para artroscopia,Ortopedia,183619,183619,0,,,48,113,161,23,60,16381,10103,6278
FH-2024-01727,2024-10-20,2024-10-31,2024-11-16,2025-02-18,Ganho,1,2024,2024-11,Ricardo Aragão,Hospital Municipal do Cabo,Hospital público,PE,Material para artroscopia,Ortopedia,221654,221654,0,,,68,162,230,11,94,18918,11405,7513
FH-2024-01351,2024-10-21,2024-10-24,2024-11-13,2024-12-12,Ganho,1,2024,2024-11,Tatiana Coelho,Hospital São Rafael de Olinda,Hospital privado,PE,Cateter para angioplastia,Cardiologia,102766,102766,0,,,28,88,116,3,29,3344,1930,1414
FH-2024-01584,2024-10-21,2024-11-06,2024-11-19,,Perdido,0,2024,2024-11,Ricardo Aragão,Vitalis Rede Integrada,Operadora verticalizada,PE,Placas e parafusos,Ortopedia,279477,0,279477,Material devolvido sem uso,E3 Cirurgia,66,0,66,16,0,0,0,0
FH-2024-01436,2024-10-22,,,,Perdido,0,2024,2024-10,Paulo Menezes,Centro Cirúrgico Casa Forte,Hospital privado,PE,Grampeador cirúrgico,Cirurgia geral,17439,0,17439,Preço acima do concorrente,E1 Cotacao,0,0,0,0,0,0,0,0
FH-2024-01329,2024-10-23,,,,Perdido,0,2024,2024-10,Cíntia Barbosa,Hospital Sete Coqueiros,Hospital privado,PE,Marcapasso,Cardiologia,59804,0,59804,Preço acima do concorrente,E1 Cotacao,0,0,0,0,0,0,0,0
FH-2024-01800,2024-10-23,2024-11-04,2024-11-07,2025-01-15,Ganho,1,2024,2024-11,Diego Fontes,Bom Viver Planos,Operadora não verticalizada,RN,Haste intramedular,Ortopedia,65749,65749,0,,,56,155,211,12,69,4129,2997,1132
FH-2024-01645,2024-10-24,,,,Perdido,0,2024,2024-10,Paulo Menezes,Hospital Rio Doce,Hospital privado,AL,Marcapasso,Cardiologia,82861,0,82861,Cliente com fornecedor exclusivo,E1 Cotacao,0,0,0,0,0,0,0,0
FH-2024-01652,2024-10-24,,,,Perdido,0,2024,2024-10,Ricardo Aragão,Bem-Estar Saúde,Operadora verticalizada,PE,Implante de joelho,Ortopedia,406220,0,406220,Preço acima do concorrente,E1 Cotacao,0,0,0,0,0,0,0,0
FH-2024-01323,2024-10-25,2024-11-03,2024-11-17,2025-01-03,Ganho,1,2024,2024-11,Ricardo Aragão,Bom Viver Planos,Operadora não verticalizada,RN,Introdutor e guia,Cardiologia,269234,269234,0,,,68,163,231,9,47,25081,17372,7709
FH-2024-01377,2024-10-25,2024-11-18,2024-12-06,2024-12-25,Ganho,1,2024,2024-12,Verônica Sá,Bom Viver Planos,Operadora não verticalizada,RN,Implante de quadril,Ortopedia,69411,69411,0,,,32,93,125,24,19,3552,1126,2426
FH-2024-01506,2024-10-28,2024-11-12,2024-11-17,2025-02-10,Perdido,0,2024,2024-11,Tatiana Coelho,Hospital Piedade,Hospital privado,RN,Implante de quadril,Ortopedia,180488,0,180488,Nota fiscal não autorizada pelo hospital,E4 Faturamento,25,0,25,15,85,0,0,0
FH-2024-01458,2024-11-01,,,,Perdido,0,2024,2024-11,Tatiana Coelho,Hospital Municipal de Jaboatão,Hospital público,PE,Material para artroscopia,Ortopedia,120543,0,120543,Cliente com fornecedor exclusivo,E1 Cotacao,0,0,0,0,0,0,0,0
FH-2024-01705,2024-11-01,,,,Perdido,0,2024,2024-11,Diego Fontes,Bom Viver Planos,Operadora não verticalizada,RN,Implante de quadril,Ortopedia,140702,0,140702,Preço acima do concorrente,E1 Cotacao,0,0,0,0,0,0,0,0
FH-2024-01354,2024-11-02,2024-11-15,2024-11-17,2024-12-08,Ganho,1,2024,2024-11,Diego Fontes,Hospital Casa Amarela,Hospital privado,PE,Stent farmacológico,Cardiologia,207073,207073,0,,,42,153,195,13,21,28083,11666,16417
FH-2024-01484,2024-11-02,,,,Perdido,0,2024,2024-11,Ricardo Aragão,Prever Saúde,Operadora não verticalizada,PE,Grampeador cirúrgico,Cirurgia geral,198549,0,198549,Cotação respondida fora do prazo,E1 Cotacao,0,0,0,0,0,0,0,0
FH-2024-01636,2024-11-02,2024-11-06,2024-11-15,2024-12-09,Ganho,1,2024,2024-11,Ricardo Aragão,Bom Viver Planos,Operadora não verticalizada,RN,Marcapasso,Cardiologia,275911,275911,0,,,69,149,218,4,24,33794,18929,14865
FH-2024-01599,2024-11-03,,,,Perdido,0,2024,2024-11,Marcelo Bastos,Vitalis Rede Integrada,Operadora verticalizada,PE,Haste intramedular,Ortopedia,45058,0,45058,Preço acima do concorrente,E1 Cotacao,0,0,0,0,0,0,0,0
FH-2024-01335,2024-11-05,2024-11-27,2024-12-01,2025-01-27,Ganho,1,2024,2024-12,Ricardo Aragão,Vitalis Rede Integrada,Operadora verticalizada,PE,Haste intramedular,Ortopedia,225554,225554,0,,,71,178,249,22,57,16386,12057,4329
FH-2024-01381,2024-11-05,2024-11-09,2024-11-20,2025-02-16,Ganho,1,2024,2024-11,Marcelo Bastos,Hospital Municipal de Jaboatão,Hospital público,PE,Material para artroscopia,Ortopedia,262594,262594,0,,,29,140,169,4,88,14065,7949,6116
FH-2024-01690,2024-11-05,2024-11-22,2024-12-07,2025-03-04,Ganho,1,2024,2024-12,Tatiana Coelho,Bem-Estar Saúde,Operadora verticalizada,PE,Grampeador cirúrgico,Cirurgia geral,16211,16211,0,,,32,96,128,17,87,373,276,97
FH-2024-01456,2024-11-06,2024-11-19,,,Perdido,0,2024,2024-11,Cíntia Barbosa,Hospital Municipal do Cabo,Hospital público,PE,Implante de quadril,Ortopedia,33726,0,33726,Autorização expirou,E2 Autorizacao,0,0,0,13,0,0,0,0
FH-2024-01483,2024-11-07,2024-11-26,2024-12-07,2024-12-31,Ganho,1,2024,2024-12,Cíntia Barbosa,Hospital Municipal de Caruaru,Hospital público,RN,Grampeador cirúrgico,Cirurgia geral,114281,114281,0,,,31,118,149,19,24,5707,2019,3688
FH-2024-01558,2024-11-08,2024-11-15,2024-11-24,2025-01-26,Ganho,1,2024,2024-11,Marcelo Bastos,Hospital Municipal do Cabo,Hospital público,PE,Implante de joelho,Ortopedia,105735,105735,0,,,39,146,185,7,63,10749,7712,3037
FH-2024-01517,2024-11-10,2024-11-19,2024-12-07,2025-01-03,Ganho,1,2024,2024-12,Diego Fontes,Vitalis Rede Integrada,Operadora verticalizada,PE,Grampeador cirúrgico,Cirurgia geral,58626,58626,0,,,54,128,182,9,27,4309,1201,3108
FH-2024-01750,2024-11-10,2024-11-25,2024-12-13,2025-01-25,Ganho,1,2024,2024-12,Rogério Lins,Hospital São Rafael de Olinda,Hospital privado,PE,Placas e parafusos,Ortopedia,37711,37711,0,,,51,132,183,15,43,2953,1725,1228
FH-2024-01717,2024-11-11,2024-12-02,2024-12-11,2025-01-19,Ganho,1,2024,2024-12,Tatiana Coelho,Hospital Regional de Petrolina,Hospital público,PE,Stent farmacológico,Cardiologia,335325,335325,0,,,27,109,136,21,39,11398,8062,3336
FH-2024-01613,2024-11-12,2024-11-22,2024-11-26,2025-01-20,Ganho,1,2024,2024-11,Paulo Menezes,Clínica Cirúrgica Derby,Hospital privado,PB,Implante de quadril,Ortopedia,31027,31027,0,,,27,104,131,10,55,1566,458,1108
FH-2024-01326,2024-11-13,,,,Perdido,0,2024,2024-11,Joana Rios,Hospital Real do Recife,Hospital privado,PB,Haste intramedular,Ortopedia,24779,0,24779,Cotação respondida fora do prazo,E1 Cotacao,0,0,0,0,0,0,0,0
FH-2024-01310,2024-11-14,2024-11-24,2024-11-29,2025-01-01,Ganho,1,2024,2024-11,Marcelo Bastos,Vitalis Rede Integrada,Operadora verticalizada,PE,Material para artroscopia,Ortopedia,53250,53250,0,,,47,114,161,10,33,5048,2991,2057
FH-2024-01566,2024-11-14,,,,Perdido,0,2024,2024-11,Ricardo Aragão,Vitalis Rede Integrada,Operadora verticalizada,PE,Implante de quadril,Ortopedia,108825,0,108825,Produto indisponível em estoque,E1 Cotacao,0,0,0,0,0,0,0,0
FH-2024-01739,2024-11-14,2024-12-04,2024-12-20,2025-01-11,Ganho,1,2024,2024-12,Tatiana Coelho,Hospital Nossa Senhora do Carmo,Hospital privado,PE,Implante de joelho,Ortopedia,102784,102784,0,,,18,95,113,20,22,5006,2660,2346
FH-2024-01811,2024-11-14,,,,Perdido,0,2024,2024-11,Paulo Menezes,Prever Saúde,Operadora não verticalizada,PE,Placas e parafusos,Ortopedia,28385,0,28385,Cotação respondida fora do prazo,E1 Cotacao,0,0,0,0,0,0,0,0
FH-2024-01391,2024-11-17,2024-11-21,2024-11-30,2025-01-05,Ganho,1,2024,2024-11,Rogério Lins,Bom Viver Planos,Operadora não verticalizada,RN,Haste intramedular,Ortopedia,77594,77594,0,,,30,106,136,4,36,6678,2768,3910
FH-2024-01557,2024-11-17,2024-12-10,2024-12-27,2025-01-23,Ganho,1,2024,2024-12,Paulo Menezes,Clínica Cardio Espinheiro,Hospital privado,AL,Placas e parafusos,Ortopedia,113536,113536,0,,,34,124,158,23,27,9751,6953,2798
FH-2024-01374,2024-11-18,,,,Perdido,0,2024,2024-11,Joana Rios,Vitalis Rede Integrada,Operadora verticalizada,PE,Malha e tela cirúrgica,Cirurgia geral,27195,0,27195,Produto indisponível em estoque,E1 Cotacao,0,0,0,0,0,0,0,0
FH-2024-01726,2024-11-18,2024-12-10,2024-12-19,2025-02-08,Ganho,1,2024,2024-12,Paulo Menezes,Prever Saúde,Operadora não verticalizada,PE,Implante de quadril,Ortopedia,178706,178706,0,,,42,126,168,22,51,10517,7177,3340
FH-2024-01743,2024-11-20,2024-11-27,2024-12-15,2025-01-12,Ganho,1,2024,2024-12,Paulo Menezes,Bom Viver Planos,Operadora não verticalizada,RN,Marcapasso,Cardiologia,97957,97957,0,,,45,120,165,7,28,6471,2936,3535
FH-2024-01775,2024-11-20,2024-12-05,2024-12-13,2025-03-17,Ganho,1,2024,2024-12,Tatiana Coelho,Hospital São Fidélis,Hospital privado,PE,Material para artroscopia,Ortopedia,28716,28716,0,,,16,87,103,15,94,1543,414,1129
FH-2024-01538,2024-11-22,2024-12-03,,,Perdido,0,2024,2024-11,Cíntia Barbosa,Hospital Boa Vista,Hospital privado,PB,Material para artroscopia,Ortopedia,68717,0,68717,Cirurgia cancelada,E2 Autorizacao,0,0,0,11,0,0,0,0
FH-2024-01432,2024-11-23,2024-12-05,2024-12-07,2025-02-22,Ganho,1,2024,2024-12,Cíntia Barbosa,Hospital Farol de Maceió,Hospital privado,AL,Grampeador cirúrgico,Cirurgia geral,38259,38259,0,,,33,129,162,12,77,2320,955,1365
FH-2024-01311,2024-11-27,2024-12-22,2024-12-27,2025-03-20,Ganho,1,2024,2024-12,Diego Fontes,Hospital Monte Sinai,Hospital privado,PE,Marcapasso,Cardiologia,85448,85448,0,,,35,135,170,25,83,8619,6376,2243
FH-2024-01603,2024-11-27,2024-12-22,2025-01-08,2025-03-12,Ganho,1,2025,2025-01,Ricardo Aragão,Bem-Estar Saúde,Operadora verticalizada,PE,Material para artroscopia,Ortopedia,147510,147510,0,,,65,139,204,25,63,15670,9449,6221
FH-2024-01758,2024-11-27,2024-12-04,2024-12-09,2025-01-15,Ganho,1,2024,2024-12,Ricardo Aragão,Bem-Estar Saúde,Operadora verticalizada,PE,Implante de joelho,Ortopedia,582160,582160,0,,,62,164,226,7,37,59745,32181,27564
FH-2024-01416,2024-11-28,,,,Perdido,0,2024,2024-11,Diego Fontes,Hospital Ilha do Leite,Hospital privado,PE,Cateter para angioplastia,Cardiologia,302829,0,302829,Cotação respondida fora do prazo,E1 Cotacao,0,0,0,0,0,0,0,0
FH-2024-01366,2024-12-01,2024-12-09,2024-12-27,2025-02-21,Ganho,1,2024,2024-12,Verônica Sá,Hospital Regional do Agreste,Hospital público,RN,Malha e tela cirúrgica,Cirurgia geral,41670,41670,0,,,25,116,141,8,56,1573,881,692
FH-2024-01451,2024-12-02,,,,Perdido,0,2024,2024-12,Rogério Lins,Vitalis Rede Integrada,Operadora verticalizada,PE,Material para artroscopia,Ortopedia,141329,0,141329,Cotação respondida fora do prazo,E1 Cotacao,0,0,0,0,0,0,0,0
FH-2024-01513,2024-12-04,2024-12-21,2024-12-27,2025-01-29,Ganho,1,2024,2024-12,Cíntia Barbosa,Hospital Regional de Petrolina,Hospital público,PE,Cateter para angioplastia,Cardiologia,126620,126620,0,,,22,118,140,17,33,3223,1007,2216
FH-2024-01612,2024-12-04,,,,Perdido,0,2024,2024-12,Paulo Menezes,Hospital São Fidélis,Hospital privado,PE,Introdutor e guia,Cardiologia,183786,0,183786,Cotação respondida fora do prazo,E1 Cotacao,0,0,0,0,0,0,0,0
FH-2024-01660,2024-12-04,2024-12-08,,,Perdido,0,2024,2024-12,Cíntia Barbosa,Prever Saúde,Operadora não verticalizada,PE,Malha e tela cirúrgica,Cirurgia geral,25082,0,25082,Procedimento não autorizado pelo pagador,E2 Autorizacao,0,0,0,4,0,0,0,0
FH-2024-01398,2024-12-05,2024-12-27,2025-01-01,2025-03-20,Ganho,1,2025,2025-01,Marcelo Bastos,Vitalis Rede Integrada,Operadora verticalizada,PE,Grampeador cirúrgico,Cirurgia geral,155263,155263,0,,,46,132,178,22,78,11718,7540,4178
FH-2024-01594,2024-12-05,,,,Perdido,0,2024,2024-12,Joana Rios,Hospital São Rafael de Olinda,Hospital privado,PE,Material para artroscopia,Ortopedia,35689,0,35689,Preço acima do concorrente,E1 Cotacao,0,0,0,0,0,0,0,0
FH-2024-01388,2024-12-09,,,,Perdido,0,2024,2024-12,Ricardo Aragão,Vitalis Rede Integrada,Operadora verticalizada,PE,Implante de joelho,Ortopedia,335546,0,335546,Produto indisponível em estoque,E1 Cotacao,0,0,0,0,0,0,0,0
FH-2024-01417,2024-12-09,2024-12-25,2024-12-27,2025-02-23,Perdido,0,2024,2024-12,Ricardo Aragão,Bem-Estar Saúde,Operadora verticalizada,PE,Cateter para angioplastia,Cardiologia,1033470,0,1033470,Nota fiscal não autorizada pelo hospital,E4 Faturamento,61,0,61,16,58,0,0,0
FH-2024-01435,2024-12-09,2024-12-19,2025-01-09,2025-02-20,Ganho,1,2025,2025-01,Tatiana Coelho,Bem-Estar Saúde,Operadora verticalizada,PE,Implante de quadril,Ortopedia,241870,241870,0,,,28,86,114,10,42,11379,6309,5070
FH-2024-01683,2024-12-09,2024-12-17,,,Perdido,0,2024,2024-12,Ricardo Aragão,Vitalis Rede Integrada,Operadora verticalizada,PE,Placas e parafusos,Ortopedia,308054,0,308054,Cirurgia cancelada,E2 Autorizacao,0,0,0,8,0,0,0,0
FH-2024-01762,2024-12-11,2024-12-28,2025-01-03,2025-03-18,Ganho,1,2025,2025-01,Verônica Sá,Hospital Casa Amarela,Hospital privado,PE,Stent farmacológico,Cardiologia,19740,19740,0,,,33,121,154,17,74,992,273,719
FH-2024-01383,2024-12-12,,,,Perdido,0,2024,2024-12,Joana Rios,Hospital Ponta Verde,Hospital privado,PE,Implante de quadril,Ortopedia,55220,0,55220,Cotação respondida fora do prazo,E1 Cotacao,0,0,0,0,0,0,0,0
FH-2024-01587,2024-12-13,,,,Perdido,0,2024,2024-12,Diego Fontes,Vitalis Rede Integrada,Operadora verticalizada,PE,Stent farmacológico,Cardiologia,619003,0,619003,Produto indisponível em estoque,E1 Cotacao,0,0,0,0,0,0,0,0
FH-2024-01422,2024-12-15,,,,Perdido,0,2024,2024-12,Marcelo Bastos,Saúde Atlântico,Operadora não verticalizada,AL,Placas e parafusos,Ortopedia,128173,0,128173,Cliente com fornecedor exclusivo,E1 Cotacao,0,0,0,0,0,0,0,0
FH-2024-01498,2024-12-15,2025-01-07,2025-01-11,2025-02-05,Ganho,1,2025,2025-01,Ricardo Aragão,Bem-Estar Saúde,Operadora verticalizada,PE,Haste intramedular,Ortopedia,218899,218899,0,,,67,166,233,23,25,15907,10379,5528
FH-2024-01785,2024-12-15,2025-01-07,2025-01-18,2025-03-04,Ganho,1,2025,2025-01,Cíntia Barbosa,Bom Viver Planos,Operadora não verticalizada,RN,Grampeador cirúrgico,Cirurgia geral,18358,18358,0,,,30,102,132,23,45,565,331,234
FH-2024-01373,2024-12-18,,,,Perdido,0,2024,2024-12,Paulo Menezes,Bom Viver Planos,Operadora não verticalizada,RN,Implante de joelho,Ortopedia,59070,0,59070,Preço acima do concorrente,E1 Cotacao,0,0,0,0,0,0,0,0
FH-2024-01741,2024-12-18,2025-01-08,2025-01-29,2025-04-09,Ganho,1,2025,2025-01,Joana Rios,Hospital Torre,Hospital privado,PE,Introdutor e guia,Cardiologia,95576,95576,0,,,20,66,86,21,70,4030,2299,1731
FH-2024-01710,2024-12-21,2025-01-09,2025-01-30,2025-05-02,Ganho,1,2025,2025-01,Cíntia Barbosa,Hospital Regional de Campina Grande,Hospital público,PB,Implante de quadril,Ortopedia,61387,61387,0,,,26,105,131,19,92,3305,1406,1899
FH-2024-01330,2024-12-22,2025-01-07,2025-01-27,,Perdido,0,2025,2025-01,Tatiana Coelho,Bem-Estar Saúde,Operadora verticalizada,PE,Introdutor e guia,Cardiologia,257242,0,257242,Troca de fornecedor em sala,E3 Cirurgia,26,0,26,16,0,0,0,0
FH-2024-01494,2024-12-23,2025-01-06,,,Perdido,0,2024,2024-12,Ricardo Aragão,Vitalis Rede Integrada,Operadora verticalizada,PE,Introdutor e guia,Cardiologia,349423,0,349423,Procedimento não autorizado pelo pagador,E2 Autorizacao,0,0,0,14,0,0,0,0
FH-2024-01313,2024-12-24,2025-01-08,,,Perdido,0,2024,2024-12,Joana Rios,Hospital Ilha do Leite,Hospital privado,PE,Marcapasso,Cardiologia,42714,0,42714,Cirurgia cancelada,E2 Autorizacao,0,0,0,15,0,0,0,0
FH-2024-01363,2024-12-24,,,,Perdido,0,2024,2024-12,Joana Rios,Clínica Vida Nova,Hospital privado,PE,Implante de joelho,Ortopedia,79546,0,79546,Cliente com fornecedor exclusivo,E1 Cotacao,0,0,0,0,0,0,0,0
FH-2024-01356,2024-12-25,,,,Perdido,0,2024,2024-12,Rogério Lins,Hospital Regional de Petrolina,Hospital público,PE,Implante de joelho,Ortopedia,743326,0,743326,Produto indisponível em estoque,E1 Cotacao,0,0,0,0,0,0,0,0
FH-2024-01514,2024-12-26,2024-12-31,2025-01-06,2025-03-04,Ganho,1,2025,2025-01,Cíntia Barbosa,Bem-Estar Saúde,Operadora verticalizada,PE,Introdutor e guia,Cardiologia,296675,296675,0,,,16,116,132,5,57,11290,2902,8388
FH-2024-01536,2024-12-26,2025-01-18,2025-02-04,2025-04-14,Ganho,1,2025,2025-02,Diego Fontes,Vitalis Rede Integrada,Operadora verticalizada,PE,Kit de consumo cirúrgico,Cirurgia geral,96400,96400,0,,,54,151,205,23,69,6937,3370,3567
FH-2024-01556,2024-12-27,2025-01-13,2025-02-02,2025-02-23,Ganho,1,2025,2025-02,Cíntia Barbosa,Hospital Sete Coqueiros,Hospital privado,PE,Placas e parafusos,Ortopedia,33690,33690,0,,,28,111,139,17,21,1078,787,291
FH-2024-01616,2024-12-27,2024-12-30,2025-01-04,2025-03-16,Ganho,1,2025,2025-01,Ricardo Aragão,Vitalis Rede Integrada,Operadora verticalizada,PE,Malha e tela cirúrgica,Cirurgia geral,176356,176356,0,,,46,176,222,3,71,23449,7548,15901
FH-2024-01766,2024-12-27,,,,Perdido,0,2024,2024-12,Tatiana Coelho,Saúde Atlântico,Operadora não verticalizada,AL,Implante de joelho,Ortopedia,64234,0,64234,Cotação respondida fora do prazo,E1 Cotacao,0,0,0,0,0,0,0,0
FH-2024-01539,2024-12-28,2025-01-20,,,Perdido,0,2024,2024-12,Diego Fontes,Hospital Vila Nova,Hospital privado,AL,Implante de joelho,Ortopedia,42878,0,42878,Procedimento não autorizado pelo pagador,E2 Autorizacao,0,0,0,23,0,0,0,0
FH-2024-01759,2024-12-28,2025-01-05,,,Perdido,0,2024,2024-12,Rogério Lins,Vitalis Rede Integrada,Operadora verticalizada,PE,Placas e parafusos,Ortopedia,293200,0,293200,Procedimento não autorizado pelo pagador,E2 Autorizacao,0,0,0,8,0,0,0,0
FH-2025-02201,2025-01-01,2025-01-15,2025-01-18,2025-02-25,Perdido,0,2025,2025-01,Anderson Melo,Hospital Areia Preta,Hospital privado,AL,Material para artroscopia,Ortopedia,167401,0,167401,Divergência na folha de sala,E4 Faturamento,38,0,38,14,38,0,0,0
FH-2025-01821,2025-01-02,2025-01-14,,,Perdido,0,2025,2025-01,Diego Fontes,Bem-Estar Saúde,Operadora verticalizada,PE,Haste intramedular,Ortopedia,82982,0,82982,Cirurgia cancelada,E2 Autorizacao,0,0,0,12,0,0,0,0
FH-2025-02053,2025-01-02,2025-01-12,2025-01-31,2025-03-28,Perdido,0,2025,2025-01,Paulo Menezes,Bem-Estar Saúde,Operadora verticalizada,PE,Implante de joelho,Ortopedia,499390,0,499390,Inadimplência do cliente,E4 Faturamento,42,0,42,10,56,0,0,0
FH-2025-02356,2025-01-02,2025-01-23,2025-01-27,2025-03-06,Ganho,1,2025,2025-01,Anderson Melo,Vitalis Rede Integrada,Operadora verticalizada,PE,Material para artroscopia,Ortopedia,75503,75503,0,,,36,109,145,21,38,3658,1190,2468
FH-2025-01843,2025-01-03,2025-01-17,2025-02-03,2025-04-13,Ganho,1,2025,2025-02,Verônica Sá,Hospital Graças,Hospital privado,PE,Stent farmacológico,Cardiologia,14178,14178,0,,,34,119,153,14,69,418,278,140
FH-2025-01890,2025-01-03,2025-01-29,2025-02-01,2025-03-06,Ganho,1,2025,2025-02,Cíntia Barbosa,Hospital Geral de Maceió,Hospital público,RN,Introdutor e guia,Cardiologia,77504,77504,0,,,14,119,133,26,33,2256,1448,808
FH-2025-01984,2025-01-03,2025-01-18,2025-02-05,2025-04-12,Ganho,1,2025,2025-02,Rogério Lins,Bem-Estar Saúde,Operadora verticalizada,PE,Implante de quadril,Ortopedia,84870,84870,0,,,37,112,149,15,66,3917,1443,2474
FH-2025-02019,2025-01-03,2025-01-13,2025-01-17,2025-02-14,Ganho,1,2025,2025-01,Paulo Menezes,Clínica Ortopédica Boa Viagem,Hospital privado,PE,Marcapasso,Cardiologia,80740,80740,0,,,34,105,139,10,28,4201,1131,3070
FH-2025-02047,2025-01-04,2025-01-30,2025-02-01,,Perdido,0,2025,2025-02,Diego Fontes,AssistCare Planos,Operadora não verticalizada,PE,Implante de quadril,Ortopedia,55952,0,55952,Extravio intra-hospitalar,E3 Cirurgia,48,0,48,26,0,0,0,0
FH-2025-01933,2025-01-05,2025-01-12,2025-02-01,2025-04-22,Ganho,1,2025,2025-02,Cíntia Barbosa,Hospital Municipal do Cabo,Hospital público,PE,Placas e parafusos,Ortopedia,100984,100984,0,,,27,108,135,7,80,5284,1760,3524
FH-2025-02137,2025-01-05,2025-01-19,2025-01-23,2025-04-27,Ganho,1,2025,2025-01,Anderson Melo,AssistCare Planos,Operadora não verticalizada,PE,Implante de joelho,Ortopedia,54114,54114,0,,,29,110,139,14,94,3202,1422,1780
FH-2025-02389,2025-01-05,,,,Perdido,0,2025,2025-01,Ricardo Aragão,Bem-Estar Saúde,Operadora verticalizada,PE,Material para artroscopia,Ortopedia,239794,0,239794,Cotação respondida fora do prazo,E1 Cotacao,0,0,0,0,0,0,0,0
FH-2025-02105,2025-01-06,2025-01-27,2025-02-02,2025-02-20,Ganho,1,2025,2025-02,Anderson Melo,Hospital Municipal de Jaboatão,Hospital público,PE,Kit de consumo cirúrgico,Cirurgia geral,24513,24513,0,,,29,114,143,21,18,1750,1121,629
FH-2025-02310,2025-01-07,2025-02-02,2025-02-20,2025-04-30,Ganho,1,2025,2025-02,Anderson Melo,AssistCare Planos,Operadora não verticalizada,PE,Placas e parafusos,Ortopedia,42852,42852,0,,,32,119,151,26,69,2719,1798,921
FH-2025-02392,2025-01-07,,,,Perdido,0,2025,2025-01,Verônica Sá,Hospital Graças,Hospital privado,PE,Implante de joelho,Ortopedia,190588,0,190588,Produto indisponível em estoque,E1 Cotacao,0,0,0,0,0,0,0,0
FH-2025-01997,2025-01-08,2025-01-23,2025-01-29,2025-04-07,Ganho,1,2025,2025-01,Rogério Lins,Hospital Sete Coqueiros,Hospital privado,PE,Cateter para angioplastia,Cardiologia,153390,153390,0,,,41,140,181,15,68,7813,2605,5208
FH-2025-02226,2025-01-09,,,,Perdido,0,2025,2025-01,Joana Rios,Clínica Ortopédica Boa Viagem,Hospital privado,PE,Malha e tela cirúrgica,Cirurgia geral,59434,0,59434,Preço acima do concorrente,E1 Cotacao,0,0,0,0,0,0,0,0
FH-2025-02168,2025-01-10,2025-01-24,2025-01-26,2025-02-18,Ganho,1,2025,2025-01,Rogério Lins,Vitalis Rede Integrada,Operadora verticalizada,PE,Stent farmacológico,Cardiologia,339881,339881,0,,,43,130,173,14,23,26480,15680,10800
FH-2025-02367,2025-01-10,2025-02-05,2025-02-10,2025-03-04,Ganho,1,2025,2025-02,Verônica Sá,Bem-Estar Saúde,Operadora verticalizada,PE,Implante de joelho,Ortopedia,168680,168680,0,,,34,124,158,26,22,11065,5109,5956
FH-2025-02244,2025-01-11,2025-01-16,2025-02-03,2025-05-06,Perdido,0,2025,2025-02,Paulo Menezes,UniCosta Saúde,Operadora não verticalizada,PB,Implante de quadril,Ortopedia,216869,0,216869,Divergência na folha de sala,E4 Faturamento,44,0,44,5,92,0,0,0
FH-2025-02257,2025-01-11,,,,Perdido,0,2025,2025-01,Rogério Lins,Prever Saúde,Operadora não verticalizada,PE,Stent farmacológico,Cardiologia,120416,0,120416,Cliente com fornecedor exclusivo,E1 Cotacao,0,0,0,0,0,0,0,0
FH-2025-01974,2025-01-12,2025-02-02,,,Perdido,0,2025,2025-01,Ricardo Aragão,Vitalis Rede Integrada,Operadora verticalizada,PE,Material para artroscopia,Ortopedia,495314,0,495314,Procedimento não autorizado pelo pagador,E2 Autorizacao,0,0,0,21,0,0,0,0
FH-2025-02200,2025-01-12,,,,Perdido,0,2025,2025-01,Tatiana Coelho,Hospital Vale do Capibaribe,Hospital privado,PE,Placas e parafusos,Ortopedia,110746,0,110746,Cotação respondida fora do prazo,E1 Cotacao,0,0,0,0,0,0,0,0
FH-2025-01871,2025-01-13,2025-01-19,2025-01-30,2025-04-28,Ganho,1,2025,2025-01,Rogério Lins,Vitalis Rede Integrada,Operadora verticalizada,PE,Cateter para angioplastia,Cardiologia,342342,342342,0,,,43,108,151,6,88,26843,9183,17660
FH-2025-02056,2025-01-13,,,,Perdido,0,2025,2025-01,Ricardo Aragão,Bem-Estar Saúde,Operadora verticalizada,PE,Cateter para angioplastia,Cardiologia,282783,0,282783,Preço acima do concorrente,E1 Cotacao,0,0,0,0,0,0,0,0
FH-2025-02199,2025-01-13,,,,Perdido,0,2025,2025-01,Tatiana Coelho,Prever Saúde,Operadora não verticalizada,PE,Marcapasso,Cardiologia,123629,0,123629,Cliente com fornecedor exclusivo,E1 Cotacao,0,0,0,0,0,0,0,0
FH-2025-01919,2025-01-14,,,,Perdido,0,2025,2025-01,Marcelo Bastos,Prever Saúde,Operadora não verticalizada,PE,Malha e tela cirúrgica,Cirurgia geral,97771,0,97771,Preço acima do concorrente,E1 Cotacao,0,0,0,0,0,0,0,0
FH-2025-02397,2025-01-14,,,,Perdido,0,2025,2025-01,Tatiana Coelho,Hospital Madalena,Hospital privado,AL,Grampeador cirúrgico,Cirurgia geral,29602,0,29602,Cotação respondida fora do prazo,E1 Cotacao,0,0,0,0,0,0,0,0
FH-2025-02247,2025-01-15,2025-02-08,2025-02-16,2025-03-22,Ganho,1,2025,2025-02,Anderson Melo,Bem-Estar Saúde,Operadora verticalizada,PE,Placas e parafusos,Ortopedia,112094,112094,0,,,27,114,141,24,34,6123,2420,3703
FH-2025-02110,2025-01-16,2025-02-01,2025-02-12,2025-04-18,Perdido,0,2025,2025-02,Diego Fontes,Vitalis Rede Integrada,Operadora verticalizada,PE,Grampeador cirúrgico,Cirurgia geral,96646,0,96646,Inadimplência do cliente,E4 Faturamento,43,0,43,16,65,0,0,0
FH-2025-02043,2025-01-17,2025-01-29,2025-02-11,2025-04-13,Ganho,1,2025,2025-02,Joana Rios,Hospital Estadual de Arapiraca,Hospital público,PE,Kit de consumo cirúrgico,Cirurgia geral,76480,76480,0,,,20,88,108,12,61,3043,1571,1472
FH-2025-02238,2025-01-17,2025-02-10,2025-02-17,2025-05-02,Ganho,1,2025,2025-02,Marcelo Bastos,Vitalis Rede Integrada,Operadora verticalizada,PE,Material para artroscopia,Ortopedia,98820,98820,0,,,45,132,177,24,74,9895,4422,5473
FH-2025-01844,2025-01-18,2025-02-06,2025-02-10,2025-04-03,Ganho,1,2025,2025-02,Paulo Menezes,Bem-Estar Saúde,Operadora verticalizada,PE,Haste intramedular,Ortopedia,69587,69587,0,,,36,99,135,19,52,6287,1922,4365
FH-2025-02381,2025-01-18,2025-01-25,2025-01-28,,Perdido,0,2025,2025-01,Diego Fontes,Hospital Municipal de Caruaru,Hospital público,RN,Implante de joelho,Ortopedia,51805,0,51805,Troca de fornecedor em sala,E3 Cirurgia,57,0,57,7,0,0,0,0
FH-2025-02259,2025-01-19,2025-01-31,2025-02-19,2025-05-05,Ganho,1,2025,2025-02,Marcelo Bastos,Hospital Jaguaribe,Hospital privado,AL,Kit de consumo cirúrgico,Cirurgia geral,41416,41416,0,,,37,131,168,12,75,2320,1169,1151
FH-2025-02268,2025-01-21,2025-02-08,,,Perdido,0,2025,2025-01,Joana Rios,Hospital Prazeres,Hospital privado,PE,Stent farmacológico,Cardiologia,120194,0,120194,Autorização expirou,E2 Autorizacao,0,0,0,18,0,0,0,0
FH-2025-02376,2025-01-22,,,,Perdido,0,2025,2025-01,Ricardo Aragão,Vitalis Rede Integrada,Operadora verticalizada,PE,Placas e parafusos,Ortopedia,76016,0,76016,Preço acima do concorrente,E1 Cotacao,0,0,0,0,0,0,0,0
FH-2025-02049,2025-01-23,2025-01-29,2025-02-18,2025-05-19,Ganho,1,2025,2025-02,Verônica Sá,Hospital Areia Preta,Hospital privado,AL,Stent farmacológico,Cardiologia,36813,36813,0,,,36,108,144,6,90,2179,1032,1147
FH-2025-01918,2025-01-24,,,,Perdido,0,2025,2025-01,Rogério Lins,AssistCare Planos,Operadora não verticalizada,PE,Material para artroscopia,Ortopedia,148392,0,148392,Preço acima do concorrente,E1 Cotacao,0,0,0,0,0,0,0,0
FH-2025-02062,2025-01-24,2025-02-15,2025-03-05,2025-05-11,Ganho,1,2025,2025-03,Cíntia Barbosa,Hospital Municipal do Cabo,Hospital público,PE,Malha e tela cirúrgica,Cirurgia geral,31984,31984,0,,,14,129,143,22,67,1304,435,869
FH-2025-01832,2025-01-25,2025-02-11,2025-03-03,2025-05-07,Perdido,0,2025,2025-03,Ricardo Aragão,AssistCare Planos,Operadora não verticalizada,PE,Implante de joelho,Ortopedia,364095,0,364095,Glosa não recuperada,E4 Faturamento,63,0,63,17,65,0,0,0
FH-2025-02189,2025-01-25,2025-02-11,2025-03-04,2025-03-30,Ganho,1,2025,2025-03,Ricardo Aragão,Bem-Estar Saúde,Operadora verticalizada,PE,Implante de quadril,Ortopedia,164734,164734,0,,,46,138,184,17,26,14932,9869,5063
FH-2025-02072,2025-01-26,2025-02-03,2025-02-16,,Perdido,0,2025,2025-02,Paulo Menezes,Prever Saúde,Operadora não verticalizada,PE,Material para artroscopia,Ortopedia,68671,0,68671,Troca de fornecedor em sala,E3 Cirurgia,25,0,25,8,0,0,0,0
FH-2025-02258,2025-01-26,2025-02-03,2025-02-07,2025-05-14,Ganho,1,2025,2025-02,Cíntia Barbosa,Bem-Estar Saúde,Operadora verticalizada,PE,Haste intramedular,Ortopedia,197775,197775,0,,,24,131,155,8,96,5237,1454,3783
FH-2025-01889,2025-01-27,2025-02-03,2025-02-05,2025-05-05,Ganho,1,2025,2025-02,Paulo Menezes,Vitalis Rede Integrada,Operadora verticalizada,PE,Stent farmacológico,Cardiologia,267091,267091,0,,,45,125,170,7,89,22190,7034,15156
FH-2025-01893,2025-01-27,2025-02-12,2025-02-17,2025-05-16,Ganho,1,2025,2025-02,Diego Fontes,Bem-Estar Saúde,Operadora verticalizada,PE,Implante de quadril,Ortopedia,186446,186446,0,,,61,145,206,16,88,25889,14814,11075
FH-2025-02034,2025-01-27,,,,Perdido,0,2025,2025-01,Rogério Lins,Prever Saúde,Operadora não verticalizada,PE,Stent farmacológico,Cardiologia,61051,0,61051,Preço acima do concorrente,E1 Cotacao,0,0,0,0,0,0,0,0
FH-2025-02106,2025-01-27,2025-02-02,2025-02-05,2025-04-15,Ganho,1,2025,2025-02,Marcelo Bastos,Hospital Vale do Capibaribe,Hospital privado,PE,Placas e parafusos,Ortopedia,26566,26566,0,,,45,130,175,6,69,1384,405,979
FH-2025-01982,2025-02-01,,,,Perdido,0,2025,2025-02,Anderson Melo,Vitalis Rede Integrada,Operadora verticalizada,PE,Haste intramedular,Ortopedia,92046,0,92046,Produto indisponível em estoque,E1 Cotacao,0,0,0,0,0,0,0,0
FH-2025-02066,2025-02-01,,,,Perdido,0,2025,2025-02,Anderson Melo,Vitalis Rede Integrada,Operadora verticalizada,PE,Kit de consumo cirúrgico,Cirurgia geral,113038,0,113038,Cotação respondida fora do prazo,E1 Cotacao,0,0,0,0,0,0,0,0
FH-2025-01998,2025-02-02,,,,Perdido,0,2025,2025-02,Joana Rios,Hospital Madalena,Hospital privado,AL,Implante de joelho,Ortopedia,54485,0,54485,Preço acima do concorrente,E1 Cotacao,0,0,0,0,0,0,0,0
FH-2025-02052,2025-02-02,,,,Perdido,0,2025,2025-02,Rogério Lins,Bem-Estar Saúde,Operadora verticalizada,PE,Implante de joelho,Ortopedia,59160,0,59160,Cotação respondida fora do prazo,E1 Cotacao,0,0,0,0,0,0,0,0
FH-2025-02308,2025-02-02,,,,Perdido,0,2025,2025-02,Paulo Menezes,Clínica Ortopédica Boa Viagem,Hospital privado,PE,Implante de joelho,Ortopedia,156233,0,156233,Cotação respondida fora do prazo,E1 Cotacao,0,0,0,0,0,0,0,0
FH-2025-02138,2025-02-03,,,,Perdido,0,2025,2025-02,Marcelo Bastos,Hospital Farol de Maceió,Hospital privado,AL,Stent farmacológico,Cardiologia,154043,0,154043,Cliente com fornecedor exclusivo,E1 Cotacao,0,0,0,0,0,0,0,0
FH-2025-02185,2025-02-03,2025-02-07,2025-02-18,,Perdido,0,2025,2025-02,Diego Fontes,Bem-Estar Saúde,Operadora verticalizada,PE,Material para artroscopia,Ortopedia,372260,0,372260,Material devolvido sem uso,E3 Cirurgia,64,0,64,4,0,0,0,0
FH-2025-02266,2025-02-03,2025-02-23,2025-02-27,2025-04-30,Ganho,1,2025,2025-02,Ricardo Aragão,Vitalis Rede Integrada,Operadora verticalizada,PE,Implante de quadril,Ortopedia,185844,185844,0,,,61,173,234,20,62,26248,14717,11531
FH-2025-02344,2025-02-03,2025-02-16,2025-03-05,2025-04-24,Ganho,1,2025,2025-03,Rogério Lins,Hospital Madalena,Hospital privado,AL,Implante de joelho,Ortopedia,307198,307198,0,,,51,132,183,13,50,15614,9712,5902
FH-2025-01851,2025-02-05,2025-02-14,2025-02-21,,Perdido,0,2025,2025-02,Tatiana Coelho,Vitalis Rede Integrada,Operadora verticalizada,PE,Material para artroscopia,Ortopedia,505337,0,505337,Troca de fornecedor em sala,E3 Cirurgia,12,0,12,9,0,0,0,0
FH-2025-01941,2025-02-06,2025-02-23,2025-03-15,2025-05-28,Ganho,1,2025,2025-03,Cíntia Barbosa,Bem-Estar Saúde,Operadora verticalizada,PE,Kit de consumo cirúrgico,Cirurgia geral,74968,74968,0,,,26,108,134,17,74,3091,1412,1679
FH-2025-02128,2025-02-06,2025-02-12,2025-03-03,2025-06-02,Ganho,1,2025,2025-03,Tatiana Coelho,Hospital Cabo Branco,Hospital privado,PE,Placas e parafusos,Ortopedia,48778,48778,0,,,20,98,118,6,91,1279,842,437
FH-2025-02233,2025-02-06,2025-03-01,2025-03-10,2025-04-10,Ganho,1,2025,2025-03,Ricardo Aragão,Vitalis Rede Integrada,Operadora verticalizada,PE,Implante de joelho,Ortopedia,237698,237698,0,,,49,144,193,23,31,32040,13341,18699
FH-2025-01908,2025-02-08,2025-03-04,2025-03-07,2025-06-10,Ganho,1,2025,2025-03,Verônica Sá,Vitalis Rede Integrada,Operadora verticalizada,PE,Implante de quadril,Ortopedia,124344,124344,0,,,31,120,151,24,95,4416,2759,1657
FH-2025-02144,2025-02-08,2025-02-13,,,Perdido,0,2025,2025-02,Paulo Menezes,Centro Cirúrgico Casa Forte,Hospital privado,PE,Implante de quadril,Ortopedia,131582,0,131582,Procedimento não autorizado pelo pagador,E2 Autorizacao,0,0,0,5,0,0,0,0
FH-2025-01912,2025-02-09,2025-03-03,2025-03-11,2025-04-27,Ganho,1,2025,2025-03,Joana Rios,Hospital Vale do Capibaribe,Hospital privado,PE,Implante de quadril,Ortopedia,16793,16793,0,,,17,65,82,22,47,443,309,134
FH-2025-02060,2025-02-09,,,,Perdido,0,2025,2025-02,Marcelo Bastos,AssistCare Planos,Operadora não verticalizada,PE,Haste intramedular,Ortopedia,211221,0,211221,Produto indisponível em estoque,E1 Cotacao,0,0,0,0,0,0,0,0
FH-2025-02245,2025-02-10,2025-03-06,2025-03-16,2025-05-24,Ganho,1,2025,2025-03,Tatiana Coelho,Clínica Cirúrgica Derby,Hospital privado,PB,Grampeador cirúrgico,Cirurgia geral,53473,53473,0,,,16,108,124,24,69,1569,1073,496
FH-2025-01898,2025-02-12,2025-02-15,2025-02-19,2025-04-24,Ganho,1,2025,2025-02,Cíntia Barbosa,Bem-Estar Saúde,Operadora verticalizada,PE,Implante de quadril,Ortopedia,43006,43006,0,,,19,132,151,3,64,1914,622,1292
FH-2025-02167,2025-02-12,2025-02-23,,,Perdido,0,2025,2025-02,Paulo Menezes,Hospital Piedade,Hospital privado,RN,Malha e tela cirúrgica,Cirurgia geral,32326,0,32326,Cirurgia cancelada,E2 Autorizacao,0,0,0,11,0,0,0,0
FH-2025-02223,2025-02-12,,,,Perdido,0,2025,2025-02,Joana Rios,AssistCare Planos,Operadora não verticalizada,PE,Grampeador cirúrgico,Cirurgia geral,79826,0,79826,Cliente com fornecedor exclusivo,E1 Cotacao,0,0,0,0,0,0,0,0
FH-2025-01839,2025-02-13,2025-02-22,2025-03-03,2025-03-24,Ganho,1,2025,2025-03,Diego Fontes,Vitalis Rede Integrada,Operadora verticalizada,PE,Implante de joelho,Ortopedia,293254,293254,0,,,49,146,195,9,21,28396,12212,16184
FH-2025-01910,2025-02-13,,,,Perdido,0,2025,2025-02,Marcelo Bastos,UniCosta Saúde,Operadora não verticalizada,PB,Haste intramedular,Ortopedia,102721,0,102721,Produto indisponível em estoque,E1 Cotacao,0,0,0,0,0,0,0,0
FH-2025-02362,2025-02-13,2025-03-03,2025-03-12,2025-05-24,Ganho,1,2025,2025-03,Marcelo Bastos,Bem-Estar Saúde,Operadora verticalizada,PE,Marcapasso,Cardiologia,186698,186698,0,,,36,137,173,18,73,13185,7414,5771
FH-2025-02181,2025-02-14,,,,Perdido,0,2025,2025-02,Tatiana Coelho,Bem-Estar Saúde,Operadora verticalizada,PE,Implante de joelho,Ortopedia,344620,0,344620,Preço acima do concorrente,E1 Cotacao,0,0,0,0,0,0,0,0
FH-2025-02028,2025-02-15,2025-03-10,2025-03-24,2025-05-13,Ganho,1,2025,2025-03,Rogério Lins,Vitalis Rede Integrada,Operadora verticalizada,PE,Haste intramedular,Ortopedia,123456,123456,0,,,37,119,156,23,50,8881,5775,3106
FH-2025-01822,2025-02-16,2025-02-20,2025-03-01,2025-05-22,Ganho,1,2025,2025-03,Joana Rios,Hospital Farol de Maceió,Hospital privado,AL,Cateter para angioplastia,Cardiologia,182080,182080,0,,,21,72,93,4,82,5056,2358,2698
FH-2025-01869,2025-02-16,2025-02-24,2025-03-01,2025-05-07,Ganho,1,2025,2025-03,Ricardo Aragão,Vitalis Rede Integrada,Operadora verticalizada,PE,Stent farmacológico,Cardiologia,360109,360109,0,,,72,172,244,8,67,40978,20913,20065
FH-2025-02057,2025-02-16,2025-03-13,2025-03-21,2025-06-02,Ganho,1,2025,2025-03,Ricardo Aragão,Vitalis Rede Integrada,Operadora verticalizada,PE,Marcapasso,Cardiologia,435051,435051,0,,,46,145,191,25,73,54460,35080,19380
FH-2025-02058,2025-02-16,2025-03-11,2025-03-19,2025-04-25,Ganho,1,2025,2025-03,Ricardo Aragão,Bem-Estar Saúde,Operadora verticalizada,PE,Marcapasso,Cardiologia,217077,217077,0,,,46,178,224,23,37,20200,7704,12496
FH-2025-01862,2025-02-17,,,,Perdido,0,2025,2025-02,Anderson Melo,Clínica Ortopédica Boa Viagem,Hospital privado,PE,Kit de consumo cirúrgico,Cirurgia geral,72612,0,72612,Cotação respondida fora do prazo,E1 Cotacao,0,0,0,0,0,0,0,0
FH-2025-02281,2025-02-17,2025-03-14,2025-04-01,2025-05-29,Perdido,0,2025,2025-04,Joana Rios,Hospital Rio Doce,Hospital privado,AL,Grampeador cirúrgico,Cirurgia geral,138587,0,138587,Inadimplência do cliente,E4 Faturamento,17,0,17,25,58,0,0,0
FH-2025-02360,2025-02-17,2025-03-13,2025-03-29,2025-06-27,Ganho,1,2025,2025-03,Marcelo Bastos,Vitalis Rede Integrada,Operadora verticalizada,PE,Malha e tela cirúrgica,Cirurgia geral,156397,156397,0,,,35,145,180,24,90,18116,7032,11084
FH-2025-01892,2025-02-18,,,,Perdido,0,2025,2025-02,Marcelo Bastos,Prever Saúde,Operadora não verticalizada,PE,Implante de quadril,Ortopedia,73187,0,73187,Cliente com fornecedor exclusivo,E1 Cotacao,0,0,0,0,0,0,0,0
FH-2025-02030,2025-02-18,2025-03-03,2025-03-22,2025-04-11,Ganho,1,2025,2025-03,Ricardo Aragão,Vitalis Rede Integrada,Operadora verticalizada,PE,Grampeador cirúrgico,Cirurgia geral,134512,134512,0,,,76,151,227,13,20,16293,7652,8641
FH-2025-02139,2025-02-18,2025-02-22,2025-03-01,2025-05-03,Ganho,1,2025,2025-03,Marcelo Bastos,Vitalis Rede Integrada,Operadora verticalizada,PE,Implante de quadril,Ortopedia,165644,165644,0,,,37,125,162,4,63,17148,7195,9953
FH-2025-02278,2025-02-18,2025-03-02,2025-03-18,2025-05-12,Perdido,0,2025,2025-03,Joana Rios,Hospital Geral de Mossoró,Hospital público,RN,Material para artroscopia,Ortopedia,118531,0,118531,Glosa não recuperada,E4 Faturamento,15,0,15,12,55,0,0,0
FH-2025-02304,2025-02-18,2025-02-23,2025-03-09,2025-04-30,Ganho,1,2025,2025-03,Diego Fontes,Bem-Estar Saúde,Operadora verticalizada,PE,Material para artroscopia,Ortopedia,151408,151408,0,,,59,156,215,5,52,17901,10959,6942
FH-2025-02184,2025-02-19,2025-02-26,2025-03-18,2025-05-17,Ganho,1,2025,2025-03,Joana Rios,Hospital Graças,Hospital privado,PE,Implante de joelho,Ortopedia,105878,105878,0,,,16,67,83,7,60,4232,1861,2371
FH-2025-02021,2025-02-20,,,,Perdido,0,2025,2025-02,Ricardo Aragão,Vitalis Rede Integrada,Operadora verticalizada,PE,Cateter para angioplastia,Cardiologia,296562,0,296562,Preço acima do concorrente,E1 Cotacao,0,0,0,0,0,0,0,0
FH-2025-02059,2025-02-22,2025-03-06,2025-03-17,2025-05-21,Ganho,1,2025,2025-03,Diego Fontes,Bem-Estar Saúde,Operadora verticalizada,PE,Haste intramedular,Ortopedia,83378,83378,0,,,59,141,200,12,65,6598,3397,3201
FH-2025-02149,2025-02-22,2025-02-25,2025-03-03,2025-03-29,Ganho,1,2025,2025-03,Marcelo Bastos,Hospital Municipal de Jaboatão,Hospital público,PE,Haste intramedular,Ortopedia,66880,66880,0,,,37,121,158,3,26,3648,2235,1413
FH-2025-02017,2025-02-23,,,,Perdido,0,2025,2025-02,Cíntia Barbosa,Hospital Geral de Maceió,Hospital público,RN,Implante de joelho,Ortopedia,47401,0,47401,Preço acima do concorrente,E1 Cotacao,0,0,0,0,0,0,0,0
FH-2025-02141,2025-02-23,2025-03-18,2025-04-02,2025-05-09,Ganho,1,2025,2025-04,Diego Fontes,Prever Saúde,Operadora não verticalizada,PE,Material para artroscopia,Ortopedia,71205,71205,0,,,62,154,216,23,37,6503,3557,2946
FH-2025-02398,2025-02-23,2025-03-17,2025-03-19,2025-05-22,Ganho,1,2025,2025-03,Diego Fontes,Prever Saúde,Operadora não verticalizada,PE,Haste intramedular,Ortopedia,231863,231863,0,,,62,146,208,22,64,21241,15268,5973
FH-2025-01929,2025-02-24,2025-03-20,2025-04-08,2025-04-27,Ganho,1,2025,2025-04,Paulo Menezes,Hospital Universitário de João Pessoa,Hospital público,PE,Grampeador cirúrgico,Cirurgia geral,102457,102457,0,,,34,115,149,24,19,5639,2204,3435
FH-2025-01907,2025-02-25,2025-03-05,2025-03-23,2025-06-08,Ganho,1,2025,2025-03,Verônica Sá,UniCosta Saúde,Operadora não verticalizada,PB,Cateter para angioplastia,Cardiologia,100447,100447,0,,,37,116,153,8,77,6939,2703,4236
FH-2025-02243,2025-02-25,2025-03-01,2025-03-12,2025-04-20,Ganho,1,2025,2025-03,Rogério Lins,AssistCare Planos,Operadora não verticalizada,PE,Kit de consumo cirúrgico,Cirurgia geral,87457,87457,0,,,50,126,176,4,39,5814,2904,2910
FH-2025-02366,2025-02-25,2025-03-19,2025-03-22,2025-04-27,Ganho,1,2025,2025-03,Marcelo Bastos,Hospital Nossa Senhora do Carmo,Hospital privado,PE,Kit de consumo cirúrgico,Cirurgia geral,29285,29285,0,,,34,114,148,22,36,3174,2060,1114
FH-2025-02130,2025-02-26,2025-03-19,2025-03-23,2025-06-11,Ganho,1,2025,2025-03,Diego Fontes,Vitalis Rede Integrada,Operadora verticalizada,PE,Placas e parafusos,Ortopedia,55384,55384,0,,,52,127,179,21,80,6265,1875,4390
FH-2025-02334,2025-02-26,2025-03-18,2025-04-07,2025-06-11,Ganho,1,2025,2025-04,Marcelo Bastos,AssistCare Planos,Operadora não verticalizada,PE,Introdutor e guia,Cardiologia,75160,75160,0,,,45,138,183,20,65,6150,2759,3391
FH-2025-02157,2025-02-27,2025-03-25,2025-04-06,2025-06-14,Ganho,1,2025,2025-04,Marcelo Bastos,Vitalis Rede Integrada,Operadora verticalizada,PE,Implante de quadril,Ortopedia,78350,78350,0,,,36,134,170,26,69,6041,2285,3756
FH-2025-01853,2025-03-01,,,,Perdido,0,2025,2025-03,Ricardo Aragão,Bem-Estar Saúde,Operadora verticalizada,PE,Malha e tela cirúrgica,Cirurgia geral,155475,0,155475,Cliente com fornecedor exclusivo,E1 Cotacao,0,0,0,0,0,0,0,0
FH-2025-02250,2025-03-01,2025-03-17,,,Perdido,0,2025,2025-03,Tatiana Coelho,Hospital Regional de Campina Grande,Hospital público,PB,Implante de quadril,Ortopedia,83120,0,83120,Procedimento não autorizado pelo pagador,E2 Autorizacao,0,0,0,16,0,0,0,0
FH-2025-02332,2025-03-01,2025-03-08,2025-03-22,2025-05-18,Ganho,1,2025,2025-03,Marcelo Bastos,Centro Cirúrgico Casa Forte,Hospital privado,PE,Cateter para angioplastia,Cardiologia,468743,468743,0,,,57,125,182,7,57,28025,17790,10235
FH-2025-02400,2025-03-01,2025-03-08,,,Perdido,0,2025,2025-03,Marcelo Bastos,Vitalis Rede Integrada,Operadora verticalizada,PE,Marcapasso,Cardiologia,244149,0,244149,Autorização expirou,E2 Autorizacao,0,0,0,7,0,0,0,0
FH-2025-01861,2025-03-02,,,,Perdido,0,2025,2025-03,Marcelo Bastos,Vitalis Rede Integrada,Operadora verticalizada,PE,Marcapasso,Cardiologia,826090,0,826090,Sem contrato para atender,E1 Cotacao,0,0,0,0,0,0,0,0
FH-2025-01920,2025-03-02,2025-03-13,2025-03-24,2025-06-12,Ganho,1,2025,2025-03,Rogério Lins,AssistCare Planos,Operadora não verticalizada,PE,Haste intramedular,Ortopedia,51681,51681,0,,,40,134,174,11,80,4819,2141,2678
FH-2025-01939,2025-03-02,,,,Perdido,0,2025,2025-03,Tatiana Coelho,Hospital São Fidélis,Hospital privado,PE,Stent farmacológico,Cardiologia,250777,0,250777,Preço acima do concorrente,E1 Cotacao,0,0,0,0,0,0,0,0
FH-2025-02098,2025-03-02,,,,Perdido,0,2025,2025-03,Cíntia Barbosa,AssistCare Planos,Operadora não verticalizada,PE,Implante de quadril,Ortopedia,78234,0,78234,Cliente com fornecedor exclusivo,E1 Cotacao,0,0,0,0,0,0,0,0
FH-2025-02123,2025-03-02,2025-03-19,2025-03-30,2025-06-10,Perdido,0,2025,2025-03,Ricardo Aragão,Bem-Estar Saúde,Operadora verticalizada,PE,Haste intramedular,Ortopedia,211785,0,211785,Inadimplência do cliente,E4 Faturamento,58,0,58,17,72,0,0,0
FH-2025-02246,2025-03-02,,,,Perdido,0,2025,2025-03,Ricardo Aragão,Vitalis Rede Integrada,Operadora verticalizada,PE,Introdutor e guia,Cardiologia,222598,0,222598,Cotação respondida fora do prazo,E1 Cotacao,0,0,0,0,0,0,0,0
FH-2025-02348,2025-03-02,,,,Perdido,0,2025,2025-03,Diego Fontes,Vitalis Rede Integrada,Operadora verticalizada,PE,Marcapasso,Cardiologia,178437,0,178437,Preço acima do concorrente,E1 Cotacao,0,0,0,0,0,0,0,0
FH-2025-01913,2025-03-04,2025-03-15,,,Perdido,0,2025,2025-03,Joana Rios,Centro Cirúrgico Casa Forte,Hospital privado,PE,Introdutor e guia,Cardiologia,36128,0,36128,Procedimento não autorizado pelo pagador,E2 Autorizacao,0,0,0,11,0,0,0,0
FH-2025-02192,2025-03-04,2025-03-17,2025-03-31,2025-05-25,Ganho,1,2025,2025-03,Ricardo Aragão,Bem-Estar Saúde,Operadora verticalizada,PE,Material para artroscopia,Ortopedia,250525,250525,0,,,61,151,212,13,55,17776,5283,12493
FH-2025-01966,2025-03-05,2025-03-21,,,Perdido,0,2025,2025-03,Diego Fontes,Centro Cirúrgico Casa Forte,Hospital privado,PE,Stent farmacológico,Cardiologia,228154,0,228154,Autorização expirou,E2 Autorizacao,0,0,0,16,0,0,0,0
FH-2025-02061,2025-03-05,2025-03-14,,,Perdido,0,2025,2025-03,Rogério Lins,Hospital Prazeres,Hospital privado,PE,Cateter para angioplastia,Cardiologia,315036,0,315036,Cirurgia cancelada,E2 Autorizacao,0,0,0,9,0,0,0,0
FH-2025-02206,2025-03-05,2025-03-28,2025-04-02,2025-06-16,Ganho,1,2025,2025-04,Diego Fontes,Hospital Candeias,Hospital privado,PB,Haste intramedular,Ortopedia,57939,57939,0,,,54,138,192,23,75,3989,1180,2809
FH-2025-01887,2025-03-07,2025-04-01,,,Perdido,0,2025,2025-03,Joana Rios,Hospital Boa Vista,Hospital privado,PB,Material para artroscopia,Ortopedia,62129,0,62129,Procedimento não autorizado pelo pagador,E2 Autorizacao,0,0,0,25,0,0,0,0
FH-2025-02085,2025-03-07,2025-03-21,2025-04-07,2025-05-26,Ganho,1,2025,2025-04,Rogério Lins,Hospital São Fidélis,Hospital privado,PE,Malha e tela cirúrgica,Cirurgia geral,41255,41255,0,,,27,115,142,14,49,3024,1399,1625
FH-2025-02218,2025-03-08,2025-04-01,2025-04-22,2025-05-18,Ganho,1,2025,2025-04,Marcelo Bastos,Bem-Estar Saúde,Operadora verticalizada,PE,Implante de joelho,Ortopedia,211211,211211,0,,,39,128,167,24,26,17076,9327,7749
FH-2025-02300,2025-03-08,2025-03-19,2025-03-24,2025-06-27,Ganho,1,2025,2025-03,Diego Fontes,Vitalis Rede Integrada,Operadora verticalizada,PE,Placas e parafusos,Ortopedia,762432,762432,0,,,44,152,196,11,95,108848,71581,37267
FH-2025-02262,2025-03-09,2025-04-04,,,Perdido,0,2025,2025-03,Tatiana Coelho,Hospital Candeias,Hospital privado,PB,Introdutor e guia,Cardiologia,37571,0,37571,Autorização expirou,E2 Autorizacao,0,0,0,26,0,0,0,0
FH-2025-01944,2025-03-10,2025-04-03,,,Perdido,0,2025,2025-03,Marcelo Bastos,Vitalis Rede Integrada,Operadora verticalizada,PE,Stent farmacológico,Cardiologia,178677,0,178677,Troca de fonte pagadora no meio do processo,E2 Autorizacao,0,0,0,24,0,0,0,0
FH-2025-02346,2025-03-11,2025-04-03,2025-04-09,2025-07-13,Ganho,1,2025,2025-04,Rogério Lins,Hospital Graças,Hospital privado,PE,Malha e tela cirúrgica,Cirurgia geral,53088,53088,0,,,44,122,166,23,95,5309,3680,1629
FH-2025-02158,2025-03-12,2025-03-21,2025-04-02,2025-06-07,Perdido,0,2025,2025-04,Paulo Menezes,Bem-Estar Saúde,Operadora verticalizada,PE,Marcapasso,Cardiologia,740580,0,740580,Divergência na folha de sala,E4 Faturamento,25,0,25,9,66,0,0,0
FH-2025-02320,2025-03-13,2025-04-02,2025-04-15,2025-07-05,Ganho,1,2025,2025-04,Diego Fontes,Bem-Estar Saúde,Operadora verticalizada,PE,Material para artroscopia,Ortopedia,110025,110025,0,,,34,127,161,20,81,9968,5007,4961
FH-2025-02051,2025-03-14,2025-03-17,2025-03-25,2025-05-12,Ganho,1,2025,2025-03,Tatiana Coelho,Hospital Santa Cecília,Hospital privado,PE,Stent farmacológico,Cardiologia,52431,52431,0,,,19,108,127,3,48,2898,942,1956
FH-2025-02188,2025-03-14,2025-03-19,2025-03-21,,Perdido,0,2025,2025-03,Paulo Menezes,Vitalis Rede Integrada,Operadora verticalizada,PE,Haste intramedular,Ortopedia,33772,0,33772,Material devolvido sem uso,E3 Cirurgia,30,0,30,5,0,0,0,0
FH-2025-02256,2025-03-14,2025-03-20,2025-04-01,2025-06-01,Ganho,1,2025,2025-04,Tatiana Coelho,Hospital Manaíra,Hospital privado,PE,Grampeador cirúrgico,Cirurgia geral,38399,38399,0,,,27,93,120,6,61,1324,822,502
FH-2025-02339,2025-03-14,2025-03-23,2025-03-27,2025-06-21,Ganho,1,2025,2025-03,Tatiana Coelho,Prever Saúde,Operadora não verticalizada,PE,Implante de quadril,Ortopedia,260950,260950,0,,,22,91,113,9,86,7704,2346,5358
FH-2025-02395,2025-03-14,2025-04-09,2025-04-29,2025-07-08,Ganho,1,2025,2025-04,Diego Fontes,Bem-Estar Saúde,Operadora verticalizada,PE,Marcapasso,Cardiologia,367320,367320,0,,,62,137,199,26,70,26589,13338,13251
FH-2025-01829,2025-03-15,,,,Perdido,0,2025,2025-03,Diego Fontes,Hospital Cabo Branco,Hospital privado,PE,Marcapasso,Cardiologia,112370,0,112370,Produto indisponível em estoque,E1 Cotacao,0,0,0,0,0,0,0,0
FH-2025-02354,2025-03-15,2025-04-09,2025-04-23,2025-05-27,Ganho,1,2025,2025-04,Paulo Menezes,Prever Saúde,Operadora não verticalizada,PE,Stent farmacológico,Cardiologia,187759,187759,0,,,37,108,145,25,34,14673,8970,5703
FH-2025-01826,2025-03-16,2025-03-31,2025-04-04,2025-05-07,Ganho,1,2025,2025-04,Ricardo Aragão,Vitalis Rede Integrada,Operadora verticalizada,PE,Implante de joelho,Ortopedia,321805,321805,0,,,45,172,217,15,33,41598,12402,29196
FH-2025-02063,2025-03-16,2025-03-20,2025-04-09,2025-07-11,Ganho,1,2025,2025-04,Paulo Menezes,Hospital Monte Sinai,Hospital privado,PE,Implante de joelho,Ortopedia,295011,295011,0,,,36,110,146,4,93,22198,7590,14608
FH-2025-02132,2025-03-16,2025-04-02,2025-04-14,2025-06-08,Ganho,1,2025,2025-04,Cíntia Barbosa,Hospital Nossa Senhora do Carmo,Hospital privado,PE,Introdutor e guia,Cardiologia,109075,109075,0,,,14,109,123,17,55,2697,1129,1568
FH-2025-02230,2025-03-16,2025-03-31,2025-04-06,2025-04-25,Ganho,1,2025,2025-04,Diego Fontes,Vitalis Rede Integrada,Operadora verticalizada,PE,Grampeador cirúrgico,Cirurgia geral,215052,215052,0,,,38,141,179,15,19,29664,16343,13321
FH-2025-02357,2025-03-16,2025-03-31,2025-04-13,2025-06-09,Ganho,1,2025,2025-04,Joana Rios,Clínica Cirúrgica Derby,Hospital privado,PB,Placas e parafusos,Ortopedia,11945,11945,0,,,22,62,84,15,57,498,187,311
FH-2025-01945,2025-03-18,,,,Perdido,0,2025,2025-03,Verônica Sá,AssistCare Planos,Operadora não verticalizada,PE,Grampeador cirúrgico,Cirurgia geral,31728,0,31728,Produto indisponível em estoque,E1 Cotacao,0,0,0,0,0,0,0,0
FH-2025-02088,2025-03-20,2025-04-04,2025-04-08,2025-07-05,Ganho,1,2025,2025-04,Joana Rios,Hospital Nossa Senhora do Carmo,Hospital privado,PE,Haste intramedular,Ortopedia,40589,40589,0,,,15,83,98,15,88,1753,1288,465
FH-2025-02276,2025-03-20,2025-03-27,2025-04-08,2025-06-01,Ganho,1,2025,2025-04,Ricardo Aragão,Bem-Estar Saúde,Operadora verticalizada,PE,Implante de joelho,Ortopedia,412852,412852,0,,,72,152,224,7,54,62441,35077,27364
FH-2025-02118,2025-03-21,2025-04-05,,,Perdido,0,2025,2025-03,Ricardo Aragão,Vitalis Rede Integrada,Operadora verticalizada,PE,Implante de quadril,Ortopedia,397713,0,397713,Procedimento não autorizado pelo pagador,E2 Autorizacao,0,0,0,15,0,0,0,0
FH-2025-02359,2025-03-21,,,,Perdido,0,2025,2025-03,Tatiana Coelho,Hospital Areia Preta,Hospital privado,AL,Cateter para angioplastia,Cardiologia,89581,0,89581,Cotação respondida fora do prazo,E1 Cotacao,0,0,0,0,0,0,0,0
FH-2025-01852,2025-03-22,2025-04-10,2025-04-26,2025-05-18,Ganho,1,2025,2025-04,Ricardo Aragão,Hospital Municipal de Caruaru,Hospital público,RN,Haste intramedular,Ortopedia,242603,242603,0,,,58,146,204,19,22,19700,14583,5117
FH-2025-02340,2025-03-22,2025-04-08,2025-04-29,2025-07-13,Ganho,1,2025,2025-04,Rogério Lins,Centro Cirúrgico Casa Forte,Hospital privado,PE,Material para artroscopia,Ortopedia,131287,131287,0,,,37,110,147,17,75,9041,2548,6493
FH-2025-02341,2025-03-23,,,,Perdido,0,2025,2025-03,Ricardo Aragão,Vitalis Rede Integrada,Operadora verticalizada,PE,Material para artroscopia,Ortopedia,208274,0,208274,Preço acima do concorrente,E1 Cotacao,0,0,0,0,0,0,0,0
FH-2025-01878,2025-03-25,,,,Perdido,0,2025,2025-03,Ricardo Aragão,Vitalis Rede Integrada,Operadora verticalizada,PE,Haste intramedular,Ortopedia,125231,0,125231,Preço acima do concorrente,E1 Cotacao,0,0,0,0,0,0,0,0
FH-2025-02384,2025-03-25,,,,Perdido,0,2025,2025-03,Ricardo Aragão,Vitalis Rede Integrada,Operadora verticalizada,PE,Haste intramedular,Ortopedia,49106,0,49106,Preço acima do concorrente,E1 Cotacao,0,0,0,0,0,0,0,0
FH-2025-01954,2025-03-26,2025-04-05,,,Perdido,0,2025,2025-03,Paulo Menezes,AssistCare Planos,Operadora não verticalizada,PE,Cateter para angioplastia,Cardiologia,348287,0,348287,Autorização expirou,E2 Autorizacao,0,0,0,10,0,0,0,0
FH-2025-02081,2025-03-26,,,,Perdido,0,2025,2025-03,Marcelo Bastos,Hospital Monte Sinai,Hospital privado,PE,Haste intramedular,Ortopedia,150071,0,150071,Preço acima do concorrente,E1 Cotacao,0,0,0,0,0,0,0,0
FH-2025-02131,2025-03-26,2025-04-19,2025-04-22,2025-05-21,Ganho,1,2025,2025-04,Tatiana Coelho,Hospital Monte Sinai,Hospital privado,PE,Placas e parafusos,Ortopedia,126318,126318,0,,,25,97,122,24,29,6726,3436,3290
FH-2025-02273,2025-03-26,,,,Perdido,0,2025,2025-03,Cíntia Barbosa,Hospital Sete Coqueiros,Hospital privado,PE,Haste intramedular,Ortopedia,70311,0,70311,Preço acima do concorrente,E1 Cotacao,0,0,0,0,0,0,0,0
FH-2025-02296,2025-03-26,2025-04-06,2025-04-10,2025-06-16,Ganho,1,2025,2025-04,Joana Rios,Vitalis Rede Integrada,Operadora verticalizada,PE,Implante de quadril,Ortopedia,912742,912742,0,,,22,79,101,11,67,36656,26824,9832
FH-2025-01868,2025-03-27,,,,Perdido,0,2025,2025-03,Tatiana Coelho,Hospital Regional do Agreste,Hospital público,RN,Implante de quadril,Ortopedia,255023,0,255023,Cliente com fornecedor exclusivo,E1 Cotacao,0,0,0,0,0,0,0,0
FH-2025-01886,2025-03-27,2025-04-12,2025-04-24,2025-05-12,Ganho,1,2025,2025-04,Tatiana Coelho,Hospital Universitário de João Pessoa,Hospital público,PE,Stent farmacológico,Cardiologia,95978,95978,0,,,27,104,131,16,18,3741,2433,1308
FH-2025-01857,2025-03-28,,,,Perdido,0,2025,2025-03,Ricardo Aragão,Bem-Estar Saúde,Operadora verticalizada,PE,Haste intramedular,Ortopedia,50595,0,50595,Produto indisponível em estoque,E1 Cotacao,0,0,0,0,0,0,0,0
FH-2025-02194,2025-03-28,2025-04-15,2025-05-01,2025-06-21,Ganho,1,2025,2025-05,Anderson Melo,Hospital Casa Amarela,Hospital privado,PE,Malha e tela cirúrgica,Cirurgia geral,95559,95559,0,,,24,97,121,18,51,7474,4180,3294
FH-2025-02129,2025-04-02,2025-04-24,2025-04-29,2025-06-30,Ganho,1,2025,2025-04,Anderson Melo,Hospital Madalena,Hospital privado,AL,Implante de joelho,Ortopedia,65298,65298,0,,,27,107,134,22,62,2226,1417,809
FH-2025-02196,2025-04-03,2025-04-07,2025-04-28,2025-06-30,Ganho,1,2025,2025-04,Ricardo Aragão,Vitalis Rede Integrada,Operadora verticalizada,PE,Implante de joelho,Ortopedia,174306,174306,0,,,55,147,202,4,63,26158,10891,15267
FH-2025-01962,2025-04-04,2025-04-15,2025-05-06,2025-06-27,Ganho,1,2025,2025-05,Rogério Lins,Bem-Estar Saúde,Operadora verticalizada,PE,Material para artroscopia,Ortopedia,108646,108646,0,,,42,136,178,11,52,7743,4837,2906
FH-2025-01899,2025-04-06,2025-04-09,2025-04-16,2025-07-03,Perdido,0,2025,2025-04,Ricardo Aragão,Vitalis Rede Integrada,Operadora verticalizada,PE,Kit de consumo cirúrgico,Cirurgia geral,148882,0,148882,Glosa não recuperada,E4 Faturamento,62,0,62,3,78,0,0,0
FH-2025-02390,2025-04-06,2025-04-10,2025-04-16,2025-06-21,Ganho,1,2025,2025-04,Ricardo Aragão,Vitalis Rede Integrada,Operadora verticalizada,PE,Malha e tela cirúrgica,Cirurgia geral,23901,23901,0,,,60,156,216,4,66,3899,2771,1128
FH-2025-01860,2025-04-07,2025-05-02,,,Perdido,0,2025,2025-04,Rogério Lins,Bem-Estar Saúde,Operadora verticalizada,PE,Grampeador cirúrgico,Cirurgia geral,28661,0,28661,Cirurgia cancelada,E2 Autorizacao,0,0,0,25,0,0,0,0
FH-2025-02050,2025-04-07,2025-04-24,2025-05-10,2025-07-05,Perdido,0,2025,2025-05,Ricardo Aragão,Vitalis Rede Integrada,Operadora verticalizada,PE,Introdutor e guia,Cardiologia,232866,0,232866,Inadimplência do cliente,E4 Faturamento,57,0,57,17,56,0,0,0
FH-2025-02265,2025-04-07,2025-04-17,,,Perdido,0,2025,2025-04,Ricardo Aragão,Bem-Estar Saúde,Operadora verticalizada,PE,Marcapasso,Cardiologia,212831,0,212831,Cirurgia cancelada,E2 Autorizacao,0,0,0,10,0,0,0,0
FH-2025-01842,2025-04-08,2025-04-16,2025-04-21,,Perdido,0,2025,2025-04,Tatiana Coelho,Hospital Monte Sinai,Hospital privado,PE,Marcapasso,Cardiologia,95208,0,95208,Material devolvido sem uso,E3 Cirurgia,15,0,15,8,0,0,0,0
FH-2025-01916,2025-04-08,,,,Perdido,0,2025,2025-04,Tatiana Coelho,Hospital Municipal de Caruaru,Hospital público,RN,Marcapasso,Cardiologia,121555,0,121555,Cliente com fornecedor exclusivo,E1 Cotacao,0,0,0,0,0,0,0,0
FH-2025-01969,2025-04-08,,,,Perdido,0,2025,2025-04,Verônica Sá,Hospital Jaguaribe,Hospital privado,AL,Implante de joelho,Ortopedia,72686,0,72686,Produto indisponível em estoque,E1 Cotacao,0,0,0,0,0,0,0,0
FH-2025-02331,2025-04-09,,,,Perdido,0,2025,2025-04,Anderson Melo,Hospital Boa Vista,Hospital privado,PB,Marcapasso,Cardiologia,36507,0,36507,Cliente com fornecedor exclusivo,E1 Cotacao,0,0,0,0,0,0,0,0
FH-2025-02393,2025-04-09,2025-04-18,2025-04-20,2025-05-28,Ganho,1,2025,2025-04,Ricardo Aragão,Hospital Regional de Campina Grande,Hospital público,PB,Material para artroscopia,Ortopedia,172125,172125,0,,,69,143,212,9,38,21825,15656,6169
FH-2025-02120,2025-04-10,,,,Perdido,0,2025,2025-04,Tatiana Coelho,Bem-Estar Saúde,Operadora verticalizada,PE,Implante de quadril,Ortopedia,84641,0,84641,Sem contrato para atender,E1 Cotacao,0,0,0,0,0,0,0,0
FH-2025-02369,2025-04-10,,,,Perdido,0,2025,2025-04,Paulo Menezes,AssistCare Planos,Operadora não verticalizada,PE,Stent farmacológico,Cardiologia,263408,0,263408,Cliente com fornecedor exclusivo,E1 Cotacao,0,0,0,0,0,0,0,0
FH-2025-02375,2025-04-10,,,,Perdido,0,2025,2025-04,Paulo Menezes,Hospital Municipal de Jaboatão,Hospital público,PE,Grampeador cirúrgico,Cirurgia geral,102886,0,102886,Cliente com fornecedor exclusivo,E1 Cotacao,0,0,0,0,0,0,0,0
FH-2025-01980,2025-04-11,2025-04-19,2025-05-08,2025-07-02,Ganho,1,2025,2025-05,Ricardo Aragão,Bem-Estar Saúde,Operadora verticalizada,PE,Marcapasso,Cardiologia,146269,146269,0,,,78,159,237,8,55,21812,6401,15411
FH-2025-01915,2025-04-12,2025-04-15,2025-05-04,2025-06-11,Perdido,0,2025,2025-05,Tatiana Coelho,Hospital São Fidélis,Hospital privado,PE,Haste intramedular,Ortopedia,163081,0,163081,Nota fiscal não autorizada pelo hospital,E4 Faturamento,17,0,17,3,38,0,0,0
FH-2025-02336,2025-04-12,2025-04-29,,,Perdido,0,2025,2025-04,Ricardo Aragão,AssistCare Planos,Operadora não verticalizada,PE,Cateter para angioplastia,Cardiologia,1583848,0,1583848,Cirurgia cancelada,E2 Autorizacao,0,0,0,17,0,0,0,0
FH-2025-02166,2025-04-13,,,,Perdido,0,2025,2025-04,Paulo Menezes,Vitalis Rede Integrada,Operadora verticalizada,PE,Grampeador cirúrgico,Cirurgia geral,50009,0,50009,Cliente com fornecedor exclusivo,E1 Cotacao,0,0,0,0,0,0,0,0
FH-2025-02269,2025-04-13,2025-04-17,2025-05-01,2025-07-30,Ganho,1,2025,2025-05,Cíntia Barbosa,Hospital Municipal do Cabo,Hospital público,PE,Implante de quadril,Ortopedia,103029,103029,0,,,16,127,143,4,90,6069,4211,1858
FH-2025-01906,2025-04-14,2025-05-09,2025-05-26,2025-08-29,Ganho,1,2025,2025-05,Ricardo Aragão,Vitalis Rede Integrada,Operadora verticalizada,PE,Implante de quadril,Ortopedia,274446,274446,0,,,61,139,200,25,95,21139,9077,12062
FH-2025-02045,2025-04-14,2025-05-02,2025-05-18,2025-07-11,Ganho,1,2025,2025-05,Ricardo Aragão,Vitalis Rede Integrada,Operadora verticalizada,PE,Implante de quadril,Ortopedia,330158,330158,0,,,62,176,238,18,54,38906,23138,15768
FH-2025-02306,2025-04-14,2025-05-08,2025-05-26,2025-07-31,Ganho,1,2025,2025-05,Diego Fontes,Bem-Estar Saúde,Operadora verticalizada,PE,Kit de consumo cirúrgico,Cirurgia geral,89674,89674,0,,,45,130,175,24,66,9796,6700,3096
FH-2025-01937,2025-04-16,2025-04-24,2025-05-14,,Perdido,0,2025,2025-05,Tatiana Coelho,Hospital São Fidélis,Hospital privado,PE,Material para artroscopia,Ortopedia,191619,0,191619,Material devolvido sem uso,E3 Cirurgia,32,0,32,8,0,0,0,0
FH-2025-02068,2025-04-16,2025-04-20,2025-04-27,2025-07-05,Ganho,1,2025,2025-04,Rogério Lins,Hospital Jaguaribe,Hospital privado,AL,Placas e parafusos,Ortopedia,24951,24951,0,,,44,137,181,4,69,1775,723,1052
FH-2025-02239,2025-04-16,2025-04-26,2025-05-06,2025-08-01,Ganho,1,2025,2025-05,Paulo Menezes,Hospital Vila Nova,Hospital privado,AL,Implante de quadril,Ortopedia,17546,17546,0,,,45,118,163,10,87,686,437,249
FH-2025-01985,2025-04-17,2025-04-25,2025-04-29,2025-05-18,Ganho,1,2025,2025-04,Rogério Lins,Hospital Piedade,Hospital privado,RN,Marcapasso,Cardiologia,139906,139906,0,,,48,128,176,8,19,7439,4536,2903
FH-2025-01927,2025-04-18,,,,Perdido,0,2025,2025-04,Paulo Menezes,Hospital Costa Verde,Hospital privado,RN,Haste intramedular,Ortopedia,70070,0,70070,Preço acima do concorrente,E1 Cotacao,0,0,0,0,0,0,0,0
FH-2025-02108,2025-04-19,2025-04-26,2025-05-17,2025-07-13,Ganho,1,2025,2025-05,Tatiana Coelho,Hospital Casa Amarela,Hospital privado,PE,Malha e tela cirúrgica,Cirurgia geral,44862,44862,0,,,25,110,135,7,57,2071,1037,1034
FH-2025-02190,2025-04-19,,,,Perdido,0,2025,2025-04,Ricardo Aragão,Vitalis Rede Integrada,Operadora verticalizada,PE,Material para artroscopia,Ortopedia,162691,0,162691,Preço acima do concorrente,E1 Cotacao,0,0,0,0,0,0,0,0
FH-2025-01931,2025-04-20,,,,Perdido,0,2025,2025-04,Verônica Sá,Clínica Cardio Espinheiro,Hospital privado,AL,Cateter para angioplastia,Cardiologia,31753,0,31753,Cotação respondida fora do prazo,E1 Cotacao,0,0,0,0,0,0,0,0
FH-2025-02159,2025-04-20,2025-05-15,2025-05-26,2025-07-02,Ganho,1,2025,2025-05,Tatiana Coelho,Clínica Cardio Espinheiro,Hospital privado,AL,Implante de quadril,Ortopedia,46050,46050,0,,,31,96,127,25,37,1141,528,613
FH-2025-01989,2025-04-21,,,,Perdido,0,2025,2025-04,Rogério Lins,Vitalis Rede Integrada,Operadora verticalizada,PE,Implante de quadril,Ortopedia,177137,0,177137,Cotação respondida fora do prazo,E1 Cotacao,0,0,0,0,0,0,0,0
FH-2025-02069,2025-04-21,2025-05-06,2025-05-21,2025-07-27,Ganho,1,2025,2025-05,Joana Rios,Hospital São Fidélis,Hospital privado,PE,Material para artroscopia,Ortopedia,18697,18697,0,,,16,70,86,15,67,741,331,410
FH-2025-02082,2025-04-22,,,,Perdido,0,2025,2025-04,Verônica Sá,AssistCare Planos,Operadora não verticalizada,PE,Stent farmacológico,Cardiologia,210723,0,210723,Sem contrato para atender,E1 Cotacao,0,0,0,0,0,0,0,0
FH-2025-02355,2025-04-22,,,,Perdido,0,2025,2025-04,Ricardo Aragão,Bem-Estar Saúde,Operadora verticalizada,PE,Material para artroscopia,Ortopedia,889088,0,889088,Preço acima do concorrente,E1 Cotacao,0,0,0,0,0,0,0,0
FH-2025-02173,2025-04-24,2025-04-27,2025-05-13,2025-06-23,Ganho,1,2025,2025-05,Rogério Lins,UniCosta Saúde,Operadora não verticalizada,PB,Cateter para angioplastia,Cardiologia,282453,282453,0,,,50,114,164,3,41,22836,8778,14058
FH-2025-02169,2025-04-27,2025-05-21,,,Perdido,0,2025,2025-04,Paulo Menezes,Bem-Estar Saúde,Operadora verticalizada,PE,Implante de quadril,Ortopedia,69269,0,69269,Procedimento não autorizado pelo pagador,E2 Autorizacao,0,0,0,24,0,0,0,0
FH-2025-01972,2025-04-28,2025-05-10,2025-05-22,2025-08-07,Perdido,0,2025,2025-05,Ricardo Aragão,Vitalis Rede Integrada,Operadora verticalizada,PE,Placas e parafusos,Ortopedia,591877,0,591877,Inadimplência do cliente,E4 Faturamento,62,0,62,12,77,0,0,0
FH-2025-02037,2025-04-28,2025-05-14,2025-05-18,2025-07-21,Ganho,1,2025,2025-05,Verônica Sá,Vitalis Rede Integrada,Operadora verticalizada,PE,Malha e tela cirúrgica,Cirurgia geral,37250,37250,0,,,27,121,148,16,64,2324,722,1602
FH-2025-02236,2025-05-01,2025-05-23,2025-06-10,2025-08-07,Perdido,0,2025,2025-06,Marcelo Bastos,UniCosta Saúde,Operadora não verticalizada,PB,Malha e tela cirúrgica,Cirurgia geral,122825,0,122825,Glosa não recuperada,E4 Faturamento,33,0,33,22,58,0,0,0
FH-2025-01870,2025-05-03,2025-05-23,2025-06-09,2025-07-06,Perdido,0,2025,2025-06,Rogério Lins,Prever Saúde,Operadora não verticalizada,PE,Implante de joelho,Ortopedia,367277,0,367277,Glosa não recuperada,E4 Faturamento,48,0,48,20,27,0,0,0
FH-2025-02033,2025-05-03,2025-05-07,2025-05-15,2025-06-12,Ganho,1,2025,2025-05,Verônica Sá,Hospital Vila Nova,Hospital privado,AL,Implante de joelho,Ortopedia,38594,38594,0,,,39,94,133,4,28,2100,682,1418
FH-2025-02112,2025-05-03,2025-05-12,2025-06-02,2025-08-21,Ganho,1,2025,2025-06,Cíntia Barbosa,UniCosta Saúde,Operadora não verticalizada,PB,Implante de joelho,Ortopedia,95277,95277,0,,,33,108,141,9,80,4686,1831,2855
FH-2025-01955,2025-05-04,,,,Perdido,0,2025,2025-05,Verônica Sá,Hospital Graças,Hospital privado,PE,Implante de joelho,Ortopedia,19627,0,19627,Preço acima do concorrente,E1 Cotacao,0,0,0,0,0,0,0,0
FH-2025-02178,2025-05-04,2025-05-27,2025-06-01,2025-06-24,Ganho,1,2025,2025-06,Rogério Lins,Hospital Madalena,Hospital privado,AL,Material para artroscopia,Ortopedia,100617,100617,0,,,28,119,147,23,23,10302,5954,4348
FH-2025-02399,2025-05-04,,,,Perdido,0,2025,2025-05,Cíntia Barbosa,Hospital Cabo Branco,Hospital privado,PE,Cateter para angioplastia,Cardiologia,36370,0,36370,Sem contrato para atender,E1 Cotacao,0,0,0,0,0,0,0,0
FH-2025-02067,2025-05-05,,,,Perdido,0,2025,2025-05,Diego Fontes,Hospital Rio Doce,Hospital privado,AL,Malha e tela cirúrgica,Cirurgia geral,58154,0,58154,Preço acima do concorrente,E1 Cotacao,0,0,0,0,0,0,0,0
FH-2025-02216,2025-05-06,2025-05-13,2025-05-24,2025-06-21,Ganho,1,2025,2025-05,Rogério Lins,Centro Cirúrgico Casa Forte,Hospital privado,PE,Implante de quadril,Ortopedia,81733,81733,0,,,42,141,183,7,28,6571,3152,3419
FH-2025-02195,2025-05-07,,,,Perdido,0,2025,2025-05,Marcelo Bastos,Hospital Municipal de Olinda,Hospital público,AL,Stent farmacológico,Cardiologia,141007,0,141007,Sem contrato para atender,E1 Cotacao,0,0,0,0,0,0,0,0
FH-2025-02224,2025-05-08,2025-05-21,2025-06-05,2025-07-26,Ganho,1,2025,2025-06,Tatiana Coelho,Hospital Jaguaribe,Hospital privado,AL,Cateter para angioplastia,Cardiologia,27201,27201,0,,,15,105,120,13,51,1104,290,814
FH-2025-02318,2025-05-08,,,,Perdido,0,2025,2025-05,Marcelo Bastos,Bem-Estar Saúde,Operadora verticalizada,PE,Haste intramedular,Ortopedia,361934,0,361934,Cotação respondida fora do prazo,E1 Cotacao,0,0,0,0,0,0,0,0
FH-2025-02220,2025-05-09,,,,Perdido,0,2025,2025-05,Paulo Menezes,Hospital Vale do Capibaribe,Hospital privado,PE,Material para artroscopia,Ortopedia,44085,0,44085,Preço acima do concorrente,E1 Cotacao,0,0,0,0,0,0,0,0
FH-2025-02333,2025-05-11,,,,Perdido,0,2025,2025-05,Ricardo Aragão,Vitalis Rede Integrada,Operadora verticalizada,PE,Implante de quadril,Ortopedia,551499,0,551499,Cliente com fornecedor exclusivo,E1 Cotacao,0,0,0,0,0,0,0,0
FH-2025-02136,2025-05-12,2025-06-07,2025-06-10,2025-07-20,Ganho,1,2025,2025-06,Tatiana Coelho,Vitalis Rede Integrada,Operadora verticalizada,PE,Cateter para angioplastia,Cardiologia,1979146,1979146,0,,,32,109,141,26,40,71530,28772,42758
FH-2025-01909,2025-05-13,2025-05-17,2025-06-07,2025-08-19,Ganho,1,2025,2025-06,Ricardo Aragão,Bem-Estar Saúde,Operadora verticalizada,PE,Kit de consumo cirúrgico,Cirurgia geral,118870,118870,0,,,67,165,232,4,73,13909,8352,5557
FH-2025-01983,2025-05-13,2025-05-19,2025-06-02,2025-08-31,Ganho,1,2025,2025-06,Cíntia Barbosa,AssistCare Planos,Operadora não verticalizada,PE,Implante de quadril,Ortopedia,99667,99667,0,,,22,108,130,6,90,3346,1841,1505
FH-2025-02182,2025-05-13,2025-06-03,2025-06-16,2025-09-03,Ganho,1,2025,2025-06,Paulo Menezes,Hospital Madalena,Hospital privado,AL,Implante de joelho,Ortopedia,158270,158270,0,,,34,108,142,21,79,12097,5821,6276
FH-2025-02377,2025-05-13,2025-05-21,2025-05-30,2025-09-02,Ganho,1,2025,2025-05,Ricardo Aragão,Vitalis Rede Integrada,Operadora verticalizada,PE,Implante de quadril,Ortopedia,150487,150487,0,,,58,168,226,8,95,14773,5379,9394
FH-2025-01854,2025-05-14,2025-05-25,2025-05-29,2025-07-25,Ganho,1,2025,2025-05,Tatiana Coelho,Hospital Cabo Branco,Hospital privado,PE,Stent farmacológico,Cardiologia,52562,52562,0,,,22,91,113,11,57,1398,965,433
FH-2025-02020,2025-05-14,2025-06-04,2025-06-17,2025-07-15,Ganho,1,2025,2025-06,Paulo Menezes,Bem-Estar Saúde,Operadora verticalizada,PE,Haste intramedular,Ortopedia,95132,95132,0,,,22,130,152,21,28,6804,2785,4019
FH-2025-02293,2025-05-17,2025-06-07,2025-06-25,2025-07-21,Ganho,1,2025,2025-06,Diego Fontes,Bem-Estar Saúde,Operadora verticalizada,PE,Implante de quadril,Ortopedia,571378,571378,0,,,49,145,194,21,26,37834,17199,20635
FH-2025-02297,2025-05-17,2025-05-28,2025-06-13,2025-08-24,Perdido,0,2025,2025-06,Diego Fontes,Hospital Real do Recife,Hospital privado,PB,Malha e tela cirúrgica,Cirurgia geral,112239,0,112239,Glosa não recuperada,E4 Faturamento,35,0,35,11,72,0,0,0
FH-2025-01968,2025-05-19,2025-06-11,2025-07-01,,Perdido,0,2025,2025-07,Ricardo Aragão,Vitalis Rede Integrada,Operadora verticalizada,PE,Kit de consumo cirúrgico,Cirurgia geral,98946,0,98946,Material devolvido sem uso,E3 Cirurgia,78,0,78,23,0,0,0,0
FH-2025-02140,2025-05-19,2025-05-24,2025-06-10,2025-08-25,Ganho,1,2025,2025-06,Tatiana Coelho,AssistCare Planos,Operadora não verticalizada,PE,Introdutor e guia,Cardiologia,210857,210857,0,,,16,102,118,5,76,10437,3067,7370
FH-2025-01865,2025-05-20,2025-06-01,2025-06-09,2025-08-24,Ganho,1,2025,2025-06,Rogério Lins,Clínica Ortopédica Boa Viagem,Hospital privado,PE,Marcapasso,Cardiologia,132836,132836,0,,,42,126,168,12,76,12859,5288,7571
FH-2025-01990,2025-05-20,,,,Perdido,0,2025,2025-05,Diego Fontes,Prever Saúde,Operadora não verticalizada,PE,Implante de quadril,Ortopedia,113316,0,113316,Preço acima do concorrente,E1 Cotacao,0,0,0,0,0,0,0,0
FH-2025-01925,2025-05-21,2025-06-08,2025-06-28,2025-07-20,Ganho,1,2025,2025-06,Ricardo Aragão,AssistCare Planos,Operadora não verticalizada,PE,Stent farmacológico,Cardiologia,89366,89366,0,,,49,178,227,18,22,10018,2925,7093
FH-2025-02255,2025-05-21,,,,Perdido,0,2025,2025-05,Joana Rios,Hospital Vila Nova,Hospital privado,AL,Material para artroscopia,Ortopedia,111652,0,111652,Preço acima do concorrente,E1 Cotacao,0,0,0,0,0,0,0,0
FH-2025-01946,2025-05-22,,,,Perdido,0,2025,2025-05,Marcelo Bastos,Prever Saúde,Operadora não verticalizada,PE,Placas e parafusos,Ortopedia,91371,0,91371,Cotação respondida fora do prazo,E1 Cotacao,0,0,0,0,0,0,0,0
FH-2025-02015,2025-05-22,2025-06-05,2025-06-09,2025-07-22,Ganho,1,2025,2025-06,Joana Rios,Hospital Santa Cecília,Hospital privado,PE,Haste intramedular,Ortopedia,112878,112878,0,,,17,71,88,14,43,3510,1898,1612
FH-2025-01883,2025-05-23,2025-06-03,2025-06-10,2025-08-30,Ganho,1,2025,2025-06,Rogério Lins,Hospital Graças,Hospital privado,PE,Material para artroscopia,Ortopedia,19640,19640,0,,,50,125,175,11,81,1226,529,697
FH-2025-02282,2025-05-23,2025-06-05,2025-06-19,2025-09-16,Ganho,1,2025,2025-06,Verônica Sá,Hospital Piedade,Hospital privado,RN,Stent farmacológico,Cardiologia,102491,102491,0,,,36,92,128,13,89,5707,2362,3345
FH-2025-02179,2025-05-26,2025-06-02,2025-06-07,2025-07-03,Ganho,1,2025,2025-06,Marcelo Bastos,Bem-Estar Saúde,Operadora verticalizada,PE,Cateter para angioplastia,Cardiologia,237735,237735,0,,,30,129,159,7,26,21434,16044,5390
FH-2025-02212,2025-05-26,2025-06-10,2025-06-18,2025-09-08,Ganho,1,2025,2025-06,Cíntia Barbosa,Clínica Cardio Espinheiro,Hospital privado,AL,Grampeador cirúrgico,Cirurgia geral,81628,81628,0,,,20,90,110,15,82,3184,856,2328
FH-2025-02025,2025-05-27,,,,Perdido,0,2025,2025-05,Paulo Menezes,Vitalis Rede Integrada,Operadora verticalizada,PE,Placas e parafusos,Ortopedia,527712,0,527712,Preço acima do concorrente,E1 Cotacao,0,0,0,0,0,0,0,0
FH-2025-02097,2025-05-28,2025-06-15,2025-07-01,2025-09-15,Ganho,1,2025,2025-07,Rogério Lins,Hospital Casa Amarela,Hospital privado,PE,Stent farmacológico,Cardiologia,119317,119317,0,,,49,112,161,18,76,6531,2115,4416
FH-2025-02084,2025-06-01,,,,Perdido,0,2025,2025-06,Cíntia Barbosa,Hospital Municipal do Cabo,Hospital público,PE,Malha e tela cirúrgica,Cirurgia geral,111643,0,111643,Preço acima do concorrente,E1 Cotacao,0,0,0,0,0,0,0,0
FH-2025-01827,2025-06-02,,,,Perdido,0,2025,2025-06,Ricardo Aragão,Bem-Estar Saúde,Operadora verticalizada,PE,Stent farmacológico,Cardiologia,336935,0,336935,Cliente com fornecedor exclusivo,E1 Cotacao,0,0,0,0,0,0,0,0
FH-2025-01965,2025-06-02,2025-06-26,2025-07-09,,Perdido,0,2025,2025-07,Ricardo Aragão,Vitalis Rede Integrada,Operadora verticalizada,PE,Haste intramedular,Ortopedia,92144,0,92144,Troca de fornecedor em sala,E3 Cirurgia,48,0,48,24,0,0,0,0
FH-2025-01975,2025-06-04,2025-06-24,2025-07-07,2025-09-23,Ganho,1,2025,2025-07,Ricardo Aragão,Bem-Estar Saúde,Operadora verticalizada,PE,Haste intramedular,Ortopedia,104657,104657,0,,,57,173,230,20,78,9918,2715,7203
FH-2025-02036,2025-06-04,2025-06-14,,,Perdido,0,2025,2025-06,Joana Rios,Vitalis Rede Integrada,Operadora verticalizada,PE,Cateter para angioplastia,Cardiologia,108331,0,108331,Autorização expirou,E2 Autorizacao,0,0,0,10,0,0,0,0
FH-2025-02083,2025-06-04,2025-06-18,,,Perdido,0,2025,2025-06,Paulo Menezes,Bem-Estar Saúde,Operadora verticalizada,PE,Grampeador cirúrgico,Cirurgia geral,113858,0,113858,Procedimento não autorizado pelo pagador,E2 Autorizacao,0,0,0,14,0,0,0,0
FH-2025-02253,2025-06-04,2025-06-27,2025-06-29,2025-09-19,Perdido,0,2025,2025-06,Paulo Menezes,Centro Cirúrgico Casa Forte,Hospital privado,PE,Placas e parafusos,Ortopedia,106079,0,106079,Glosa não recuperada,E4 Faturamento,31,0,31,23,82,0,0,0
FH-2025-02312,2025-06-04,,,,Perdido,0,2025,2025-06,Ricardo Aragão,Hospital Casa Amarela,Hospital privado,PE,Placas e parafusos,Ortopedia,163628,0,163628,Preço acima do concorrente,E1 Cotacao,0,0,0,0,0,0,0,0
FH-2025-02347,2025-06-04,2025-06-10,,,Perdido,0,2025,2025-06,Anderson Melo,Vitalis Rede Integrada,Operadora verticalizada,PE,Implante de quadril,Ortopedia,55772,0,55772,Procedimento não autorizado pelo pagador,E2 Autorizacao,0,0,0,6,0,0,0,0
FH-2025-01986,2025-06-05,2025-06-18,2025-07-05,2025-08-29,Ganho,1,2025,2025-07,Anderson Melo,Vitalis Rede Integrada,Operadora verticalizada,PE,Material para artroscopia,Ortopedia,40125,40125,0,,,25,119,144,13,55,2221,1127,1094
FH-2025-02209,2025-06-05,2025-06-15,2025-07-02,2025-08-19,Perdido,0,2025,2025-07,Joana Rios,Hospital Madalena,Hospital privado,AL,Haste intramedular,Ortopedia,74447,0,74447,Divergência na folha de sala,E4 Faturamento,19,0,19,10,48,0,0,0
FH-2025-01921,2025-06-06,2025-06-20,2025-07-05,2025-08-05,Ganho,1,2025,2025-07,Verônica Sá,Prever Saúde,Operadora não verticalizada,PE,Material para artroscopia,Ortopedia,45965,45965,0,,,28,122,150,14,31,1653,891,762
FH-2025-02277,2025-06-06,2025-06-26,2025-07-02,,Perdido,0,2025,2025-07,Verônica Sá,Prever Saúde,Operadora não verticalizada,PE,Cateter para angioplastia,Cardiologia,114412,0,114412,Material devolvido sem uso,E3 Cirurgia,29,0,29,20,0,0,0,0
FH-2025-02280,2025-06-06,2025-06-12,2025-06-30,2025-08-11,Ganho,1,2025,2025-06,Rogério Lins,Hospital Estadual de Arapiraca,Hospital público,PE,Implante de quadril,Ortopedia,140383,140383,0,,,29,127,156,6,42,13039,8637,4402
FH-2025-02142,2025-06-07,,,,Perdido,0,2025,2025-06,Paulo Menezes,AssistCare Planos,Operadora não verticalizada,PE,Kit de consumo cirúrgico,Cirurgia geral,48233,0,48233,Cliente com fornecedor exclusivo,E1 Cotacao,0,0,0,0,0,0,0,0
FH-2025-02176,2025-06-07,2025-06-18,2025-06-30,,Perdido,0,2025,2025-06,Cíntia Barbosa,Hospital Regional de Campina Grande,Hospital público,PB,Malha e tela cirúrgica,Cirurgia geral,106352,0,106352,Troca de fornecedor em sala,E3 Cirurgia,17,0,17,11,0,0,0,0
FH-2025-02109,2025-06-08,2025-07-03,2025-07-19,,Perdido,0,2025,2025-07,Diego Fontes,Hospital Ponta Verde,Hospital privado,PE,Marcapasso,Cardiologia,75369,0,75369,Extravio intra-hospitalar,E3 Cirurgia,46,0,46,25,0,0,0,0
FH-2025-02115,2025-06-08,2025-06-13,,,Perdido,0,2025,2025-06,Marcelo Bastos,Vitalis Rede Integrada,Operadora verticalizada,PE,Cateter para angioplastia,Cardiologia,741734,0,741734,Troca de fonte pagadora no meio do processo,E2 Autorizacao,0,0,0,5,0,0,0,0
FH-2025-02330,2025-06-08,2025-06-21,2025-07-12,2025-08-04,Ganho,1,2025,2025-07,Joana Rios,Hospital Casa Amarela,Hospital privado,PE,Stent farmacológico,Cardiologia,24696,24696,0,,,16,66,82,13,23,910,497,413
FH-2025-02153,2025-06-09,,,,Perdido,0,2025,2025-06,Ricardo Aragão,Vitalis Rede Integrada,Operadora verticalizada,PE,Haste intramedular,Ortopedia,177874,0,177874,Sem contrato para atender,E1 Cotacao,0,0,0,0,0,0,0,0
FH-2025-02180,2025-06-09,2025-07-03,2025-07-14,2025-09-01,Ganho,1,2025,2025-07,Ricardo Aragão,Prever Saúde,Operadora não verticalizada,PE,Marcapasso,Cardiologia,177720,177720,0,,,75,156,231,24,49,14512,5746,8766
FH-2025-02048,2025-06-10,2025-07-04,2025-07-06,2025-07-26,Ganho,1,2025,2025-07,Diego Fontes,Vitalis Rede Integrada,Operadora verticalizada,PE,Implante de joelho,Ortopedia,157440,157440,0,,,61,157,218,24,20,18151,9833,8318
FH-2025-02126,2025-06-10,2025-07-06,2025-07-11,2025-07-30,Ganho,1,2025,2025-07,Diego Fontes,Bem-Estar Saúde,Operadora verticalizada,PE,Malha e tela cirúrgica,Cirurgia geral,174651,174651,0,,,58,145,203,26,19,21890,14035,7855
FH-2025-01938,2025-06-11,,,,Perdido,0,2025,2025-06,Marcelo Bastos,Clínica Cirúrgica Derby,Hospital privado,PB,Introdutor e guia,Cardiologia,220801,0,220801,Cotação respondida fora do prazo,E1 Cotacao,0,0,0,0,0,0,0,0
FH-2025-02046,2025-06-12,2025-06-24,2025-07-13,2025-07-31,Ganho,1,2025,2025-07,Verônica Sá,Clínica Cardio Espinheiro,Hospital privado,AL,Haste intramedular,Ortopedia,93155,93155,0,,,29,99,128,12,18,6345,4033,2312
FH-2025-01859,2025-06-13,2025-07-04,2025-07-10,2025-10-14,Perdido,0,2025,2025-07,Tatiana Coelho,Vitalis Rede Integrada,Operadora verticalizada,PE,Implante de quadril,Ortopedia,49488,0,49488,Inadimplência do cliente,E4 Faturamento,21,0,21,21,96,0,0,0
FH-2025-02054,2025-06-13,,,,Perdido,0,2025,2025-06,Cíntia Barbosa,Vitalis Rede Integrada,Operadora verticalizada,PE,Stent farmacológico,Cardiologia,116095,0,116095,Produto indisponível em estoque,E1 Cotacao,0,0,0,0,0,0,0,0
FH-2025-01838,2025-06-14,2025-07-08,2025-07-27,2025-10-03,Perdido,0,2025,2025-07,Marcelo Bastos,AssistCare Planos,Operadora não verticalizada,PE,Material para artroscopia,Ortopedia,379471,0,379471,Divergência na folha de sala,E4 Faturamento,53,0,53,24,68,0,0,0
FH-2025-01956,2025-06-14,2025-07-10,2025-07-23,2025-09-21,Ganho,1,2025,2025-07,Joana Rios,Hospital Madalena,Hospital privado,AL,Cateter para angioplastia,Cardiologia,201726,201726,0,,,15,66,81,26,60,6221,3986,2235
FH-2025-02099,2025-06-14,,,,Perdido,0,2025,2025-06,Verônica Sá,Hospital Cabo Branco,Hospital privado,PE,Implante de quadril,Ortopedia,22501,0,22501,Produto indisponível em estoque,E1 Cotacao,0,0,0,0,0,0,0,0
FH-2025-02133,2025-06-15,2025-06-24,,,Perdido,0,2025,2025-06,Paulo Menezes,Vitalis Rede Integrada,Operadora verticalizada,PE,Implante de joelho,Ortopedia,72140,0,72140,Cirurgia cancelada,E2 Autorizacao,0,0,0,9,0,0,0,0
FH-2025-02240,2025-06-15,2025-06-27,2025-07-09,2025-10-07,Ganho,1,2025,2025-07,Marcelo Bastos,Hospital São Fidélis,Hospital privado,PE,Placas e parafusos,Ortopedia,64006,64006,0,,,50,117,167,12,90,3842,2515,1327
FH-2025-02285,2025-06-15,,,,Perdido,0,2025,2025-06,Paulo Menezes,Hospital Farol de Maceió,Hospital privado,AL,Implante de joelho,Ortopedia,35101,0,35101,Sem contrato para atender,E1 Cotacao,0,0,0,0,0,0,0,0
FH-2025-02289,2025-06-15,2025-06-26,2025-07-01,2025-09-29,Ganho,1,2025,2025-07,Ricardo Aragão,AssistCare Planos,Operadora não verticalizada,PE,Haste intramedular,Ortopedia,169155,169155,0,,,67,159,226,11,90,20016,9241,10775
FH-2025-02119,2025-06-16,2025-06-29,2025-07-20,2025-10-19,Ganho,1,2025,2025-07,Ricardo Aragão,Bem-Estar Saúde,Operadora verticalizada,PE,Placas e parafusos,Ortopedia,1189949,1189949,0,,,51,150,201,13,91,199423,114295,85128
FH-2025-02154,2025-06-16,2025-07-10,2025-07-29,2025-09-03,Ganho,1,2025,2025-07,Paulo Menezes,UniCosta Saúde,Operadora não verticalizada,PB,Kit de consumo cirúrgico,Cirurgia geral,16870,16870,0,,,36,136,172,24,36,1241,558,683
FH-2025-02368,2025-06-16,2025-07-06,2025-07-20,2025-09-25,Ganho,1,2025,2025-07,Diego Fontes,AssistCare Planos,Operadora não verticalizada,PE,Stent farmacológico,Cardiologia,606798,606798,0,,,62,146,208,20,67,49454,20869,28585
FH-2025-01981,2025-06-17,,,,Perdido,0,2025,2025-06,Marcelo Bastos,Bem-Estar Saúde,Operadora verticalizada,PE,Cateter para angioplastia,Cardiologia,213624,0,213624,Cliente com fornecedor exclusivo,E1 Cotacao,0,0,0,0,0,0,0,0
FH-2025-02284,2025-06-17,2025-06-29,2025-07-07,2025-10-08,Ganho,1,2025,2025-07,Cíntia Barbosa,UniCosta Saúde,Operadora não verticalizada,PB,Stent farmacológico,Cardiologia,42786,42786,0,,,33,118,151,12,93,2382,1339,1043
FH-2025-01824,2025-06-18,2025-06-26,2025-07-04,2025-09-30,Ganho,1,2025,2025-07,Ricardo Aragão,Centro Cirúrgico Casa Forte,Hospital privado,PE,Placas e parafusos,Ortopedia,222102,222102,0,,,60,161,221,8,88,27853,8171,19682
FH-2025-01911,2025-06-18,,,,Perdido,0,2025,2025-06,Verônica Sá,Prever Saúde,Operadora não verticalizada,PE,Grampeador cirúrgico,Cirurgia geral,70200,0,70200,Produto indisponível em estoque,E1 Cotacao,0,0,0,0,0,0,0,0
FH-2025-02024,2025-06-18,,,,Perdido,0,2025,2025-06,Marcelo Bastos,Hospital Municipal de Caruaru,Hospital público,RN,Implante de quadril,Ortopedia,294617,0,294617,Preço acima do concorrente,E1 Cotacao,0,0,0,0,0,0,0,0
FH-2025-01901,2025-06-19,2025-06-26,2025-07-09,,Perdido,0,2025,2025-07,Marcelo Bastos,Bem-Estar Saúde,Operadora verticalizada,PE,Haste intramedular,Ortopedia,126535,0,126535,Material devolvido sem uso,E3 Cirurgia,50,0,50,7,0,0,0,0
FH-2025-01947,2025-06-19,,,,Perdido,0,2025,2025-06,Ricardo Aragão,Bem-Estar Saúde,Operadora verticalizada,PE,Material para artroscopia,Ortopedia,147245,0,147245,Sem contrato para atender,E1 Cotacao,0,0,0,0,0,0,0,0
FH-2025-02103,2025-06-19,2025-06-30,2025-07-17,,Perdido,0,2025,2025-07,Diego Fontes,Vitalis Rede Integrada,Operadora verticalizada,PE,Implante de quadril,Ortopedia,47637,0,47637,Material devolvido sem uso,E3 Cirurgia,61,0,61,11,0,0,0,0
FH-2025-02383,2025-06-20,,,,Perdido,0,2025,2025-06,Diego Fontes,Hospital Real do Recife,Hospital privado,PB,Placas e parafusos,Ortopedia,53182,0,53182,Cotação respondida fora do prazo,E1 Cotacao,0,0,0,0,0,0,0,0
FH-2025-01881,2025-06-21,,,,Perdido,0,2025,2025-06,Marcelo Bastos,Vitalis Rede Integrada,Operadora verticalizada,PE,Haste intramedular,Ortopedia,237949,0,237949,Cotação respondida fora do prazo,E1 Cotacao,0,0,0,0,0,0,0,0
FH-2025-02365,2025-06-22,2025-07-02,,,Perdido,0,2025,2025-06,Rogério Lins,Bem-Estar Saúde,Operadora verticalizada,PE,Implante de quadril,Ortopedia,220899,0,220899,Cirurgia cancelada,E2 Autorizacao,0,0,0,10,0,0,0,0
FH-2025-02371,2025-06-23,2025-07-09,2025-07-24,2025-10-20,Ganho,1,2025,2025-07,Diego Fontes,Clínica Cardio Espinheiro,Hospital privado,AL,Implante de quadril,Ortopedia,72456,72456,0,,,55,131,186,16,88,8136,3581,4555
FH-2025-01831,2025-06-24,2025-07-17,2025-07-21,2025-08-17,Ganho,1,2025,2025-07,Joana Rios,Hospital São Fidélis,Hospital privado,PE,Cateter para angioplastia,Cardiologia,340794,340794,0,,,17,92,109,23,27,5979,3127,2852
FH-2025-02378,2025-06-24,2025-07-10,2025-07-28,2025-10-04,Ganho,1,2025,2025-07,Rogério Lins,UniCosta Saúde,Operadora não verticalizada,PB,Implante de quadril,Ortopedia,174239,174239,0,,,43,119,162,16,68,9211,5188,4023
FH-2025-02001,2025-06-25,2025-07-11,2025-07-18,2025-10-02,Ganho,1,2025,2025-07,Marcelo Bastos,Vitalis Rede Integrada,Operadora verticalizada,PE,Haste intramedular,Ortopedia,178589,178589,0,,,46,141,187,16,76,15389,6598,8791
FH-2025-02317,2025-06-25,,,,Perdido,0,2025,2025-06,Paulo Menezes,Hospital Cabo Branco,Hospital privado,PE,Grampeador cirúrgico,Cirurgia geral,46699,0,46699,Preço acima do concorrente,E1 Cotacao,0,0,0,0,0,0,0,0
FH-2025-02078,2025-06-26,,,,Perdido,0,2025,2025-06,Ricardo Aragão,Hospital Madalena,Hospital privado,AL,Marcapasso,Cardiologia,497498,0,497498,Cotação respondida fora do prazo,E1 Cotacao,0,0,0,0,0,0,0,0
FH-2025-02299,2025-06-27,,,,Perdido,0,2025,2025-06,Joana Rios,Hospital Candeias,Hospital privado,PB,Implante de joelho,Ortopedia,74954,0,74954,Preço acima do concorrente,E1 Cotacao,0,0,0,0,0,0,0,0
FH-2025-01914,2025-06-28,2025-07-06,2025-07-23,2025-09-16,Ganho,1,2025,2025-07,Ricardo Aragão,Bem-Estar Saúde,Operadora verticalizada,PE,Implante de quadril,Ortopedia,279320,279320,0,,,67,176,243,8,55,43126,27563,15563
FH-2025-02171,2025-06-28,,,,Perdido,0,2025,2025-06,Verônica Sá,Hospital Santa Cecília,Hospital privado,PE,Material para artroscopia,Ortopedia,133716,0,133716,Preço acima do concorrente,E1 Cotacao,0,0,0,0,0,0,0,0
FH-2025-02214,2025-06-28,2025-07-09,2025-07-27,2025-10-28,Ganho,1,2025,2025-07,Rogério Lins,AssistCare Planos,Operadora não verticalizada,PE,Implante de quadril,Ortopedia,139188,139188,0,,,40,118,158,11,93,11185,5425,5760
FH-2025-02080,2025-07-02,,,,Perdido,0,2025,2025-07,Ricardo Aragão,Hospital Ponta Verde,Hospital privado,PE,Cateter para angioplastia,Cardiologia,522019,0,522019,Cliente com fornecedor exclusivo,E1 Cotacao,0,0,0,0,0,0,0,0
FH-2025-01866,2025-07-03,2025-07-26,2025-08-12,2025-10-11,Ganho,1,2025,2025-08,Joana Rios,Hospital Rio Doce,Hospital privado,AL,Implante de joelho,Ortopedia,171356,171356,0,,,12,90,102,23,60,3043,1506,1537
FH-2025-01895,2025-07-04,2025-07-10,2025-07-31,2025-10-25,Perdido,0,2025,2025-07,Ricardo Aragão,Vitalis Rede Integrada,Operadora verticalizada,PE,Implante de quadril,Ortopedia,216942,0,216942,Inadimplência do cliente,E4 Faturamento,45,0,45,6,86,0,0,0
FH-2025-01996,2025-07-04,2025-07-27,2025-08-14,2025-11-01,Ganho,1,2025,2025-08,Diego Fontes,Vitalis Rede Integrada,Operadora verticalizada,PE,Implante de quadril,Ortopedia,85893,85893,0,,,54,133,187,23,79,8026,2359,5667
FH-2025-02164,2025-07-05,,,,Perdido,0,2025,2025-07,Diego Fontes,Clínica Cardio Espinheiro,Hospital privado,AL,Implante de quadril,Ortopedia,50524,0,50524,Preço acima do concorrente,E1 Cotacao,0,0,0,0,0,0,0,0
FH-2025-02291,2025-07-05,,,,Perdido,0,2025,2025-07,Tatiana Coelho,AssistCare Planos,Operadora não verticalizada,PE,Grampeador cirúrgico,Cirurgia geral,117824,0,117824,Preço acima do concorrente,E1 Cotacao,0,0,0,0,0,0,0,0
FH-2025-01963,2025-07-07,,,,Perdido,0,2025,2025-07,Marcelo Bastos,Vitalis Rede Integrada,Operadora verticalizada,PE,Implante de quadril,Ortopedia,161890,0,161890,Sem contrato para atender,E1 Cotacao,0,0,0,0,0,0,0,0
FH-2025-01904,2025-07-08,2025-07-30,2025-08-20,,Perdido,0,2025,2025-08,Diego Fontes,Vitalis Rede Integrada,Operadora verticalizada,PE,Marcapasso,Cardiologia,211379,0,211379,Troca de fornecedor em sala,E3 Cirurgia,57,0,57,22,0,0,0,0
FH-2025-02044,2025-07-09,2025-07-30,2025-08-20,2025-09-21,Ganho,1,2025,2025-08,Diego Fontes,Vitalis Rede Integrada,Operadora verticalizada,PE,Placas e parafusos,Ortopedia,164719,164719,0,,,52,154,206,21,32,16925,5918,11007
FH-2025-02107,2025-07-09,2025-07-21,2025-07-30,2025-08-19,Perdido,0,2025,2025-07,Marcelo Bastos,Bem-Estar Saúde,Operadora verticalizada,PE,Kit de consumo cirúrgico,Cirurgia geral,83334,0,83334,Divergência na folha de sala,E4 Faturamento,56,0,56,12,20,0,0,0
FH-2025-02009,2025-07-10,2025-07-22,,,Perdido,0,2025,2025-07,Tatiana Coelho,AssistCare Planos,Operadora não verticalizada,PE,Placas e parafusos,Ortopedia,100172,0,100172,Troca de fonte pagadora no meio do processo,E2 Autorizacao,0,0,0,12,0,0,0,0
FH-2025-02029,2025-07-11,2025-07-26,2025-07-28,2025-08-23,Ganho,1,2025,2025-07,Diego Fontes,AssistCare Planos,Operadora não verticalizada,PE,Placas e parafusos,Ortopedia,126190,126190,0,,,54,156,210,15,26,12406,7457,4949
FH-2025-02222,2025-07-11,2025-07-29,2025-08-13,2025-10-13,Ganho,1,2025,2025-08,Diego Fontes,Vitalis Rede Integrada,Operadora verticalizada,PE,Kit de consumo cirúrgico,Cirurgia geral,37048,37048,0,,,35,134,169,18,61,3713,1358,2355
FH-2025-02018,2025-07-13,2025-07-22,2025-07-30,2025-10-19,Ganho,1,2025,2025-07,Anderson Melo,Vitalis Rede Integrada,Operadora verticalizada,PE,Malha e tela cirúrgica,Cirurgia geral,72334,72334,0,,,29,102,131,9,81,5519,2041,3478
FH-2025-02124,2025-07-13,,,,Perdido,0,2025,2025-07,Joana Rios,Hospital Monte Sinai,Hospital privado,PE,Malha e tela cirúrgica,Cirurgia geral,40940,0,40940,Cotação respondida fora do prazo,E1 Cotacao,0,0,0,0,0,0,0,0
FH-2025-01850,2025-07-14,2025-07-23,2025-08-07,2025-10-22,Perdido,0,2025,2025-08,Paulo Menezes,Hospital Boa Vista,Hospital privado,PB,Implante de joelho,Ortopedia,50661,0,50661,Divergência na folha de sala,E4 Faturamento,30,0,30,9,76,0,0,0
FH-2025-02101,2025-07-15,,,,Perdido,0,2025,2025-07,Diego Fontes,Vitalis Rede Integrada,Operadora verticalizada,PE,Kit de consumo cirúrgico,Cirurgia geral,98442,0,98442,Produto indisponível em estoque,E1 Cotacao,0,0,0,0,0,0,0,0
FH-2025-01951,2025-07-17,2025-07-25,2025-08-06,2025-10-27,Ganho,1,2025,2025-08,Cíntia Barbosa,Hospital Municipal de Jaboatão,Hospital público,PE,Stent farmacológico,Cardiologia,150121,150121,0,,,23,99,122,8,82,8744,4388,4356
FH-2025-02298,2025-07-17,2025-08-04,2025-08-19,2025-11-21,Ganho,1,2025,2025-08,Cíntia Barbosa,Hospital Universitário de João Pessoa,Hospital público,PE,Material para artroscopia,Ortopedia,169552,169552,0,,,23,122,145,18,94,4263,2615,1648
FH-2025-02349,2025-07-17,2025-08-11,2025-09-01,2025-11-21,Ganho,1,2025,2025-09,Verônica Sá,Hospital Prazeres,Hospital privado,PE,Stent farmacológico,Cardiologia,164498,164498,0,,,29,106,135,25,81,9258,6715,2543
FH-2025-02074,2025-07-18,,,,Perdido,0,2025,2025-07,Ricardo Aragão,Bem-Estar Saúde,Operadora verticalizada,PE,Implante de joelho,Ortopedia,138847,0,138847,Sem contrato para atender,E1 Cotacao,0,0,0,0,0,0,0,0
FH-2025-01959,2025-07-19,2025-08-05,2025-08-16,2025-09-05,Ganho,1,2025,2025-08,Cíntia Barbosa,Hospital Monte Sinai,Hospital privado,PE,Implante de quadril,Ortopedia,39601,39601,0,,,21,105,126,17,20,1581,637,944
FH-2025-02014,2025-07-19,2025-08-08,2025-08-16,2025-11-15,Ganho,1,2025,2025-08,Rogério Lins,Prever Saúde,Operadora não verticalizada,PE,Placas e parafusos,Ortopedia,183740,183740,0,,,45,141,186,20,91,10739,6197,4542
FH-2025-02121,2025-07-19,2025-08-14,2025-08-21,2025-09-25,Ganho,1,2025,2025-08,Diego Fontes,Vitalis Rede Integrada,Operadora verticalizada,PE,Placas e parafusos,Ortopedia,90450,90450,0,,,35,130,165,26,35,5299,1484,3815
FH-2025-01823,2025-07-20,2025-08-03,2025-08-15,2025-11-03,Ganho,1,2025,2025-08,Diego Fontes,Vitalis Rede Integrada,Operadora verticalizada,PE,Implante de quadril,Ortopedia,249085,249085,0,,,64,150,214,14,80,25719,18522,7197
FH-2025-02041,2025-07-20,2025-08-04,2025-08-19,2025-11-10,Ganho,1,2025,2025-08,Marcelo Bastos,Hospital Jaguaribe,Hospital privado,AL,Material para artroscopia,Ortopedia,45677,45677,0,,,51,125,176,15,83,3484,1327,2157
FH-2025-02092,2025-07-20,2025-08-05,2025-08-24,2025-11-01,Perdido,0,2025,2025-08,Verônica Sá,Vitalis Rede Integrada,Operadora verticalizada,PE,Cateter para angioplastia,Cardiologia,67446,0,67446,Divergência na folha de sala,E4 Faturamento,28,0,28,16,69,0,0,0
FH-2025-02279,2025-07-21,,,,Perdido,0,2025,2025-07,Verônica Sá,Vitalis Rede Integrada,Operadora verticalizada,PE,Placas e parafusos,Ortopedia,109940,0,109940,Preço acima do concorrente,E1 Cotacao,0,0,0,0,0,0,0,0
FH-2025-02335,2025-07-22,,,,Perdido,0,2025,2025-07,Ricardo Aragão,Bem-Estar Saúde,Operadora verticalizada,PE,Stent farmacológico,Cardiologia,118068,0,118068,Produto indisponível em estoque,E1 Cotacao,0,0,0,0,0,0,0,0
FH-2025-01849,2025-07-23,,,,Perdido,0,2025,2025-07,Marcelo Bastos,Hospital Jaguaribe,Hospital privado,AL,Implante de joelho,Ortopedia,345332,0,345332,Preço acima do concorrente,E1 Cotacao,0,0,0,0,0,0,0,0
FH-2025-01888,2025-07-23,,,,Perdido,0,2025,2025-07,Diego Fontes,Vitalis Rede Integrada,Operadora verticalizada,PE,Implante de quadril,Ortopedia,120704,0,120704,Cliente com fornecedor exclusivo,E1 Cotacao,0,0,0,0,0,0,0,0
FH-2025-01979,2025-07-23,2025-08-08,,,Perdido,0,2025,2025-07,Diego Fontes,Vitalis Rede Integrada,Operadora verticalizada,PE,Haste intramedular,Ortopedia,298167,0,298167,Procedimento não autorizado pelo pagador,E2 Autorizacao,0,0,0,16,0,0,0,0
FH-2025-02325,2025-07-23,,,,Perdido,0,2025,2025-07,Marcelo Bastos,Vitalis Rede Integrada,Operadora verticalizada,PE,Stent farmacológico,Cardiologia,176934,0,176934,Cliente com fornecedor exclusivo,E1 Cotacao,0,0,0,0,0,0,0,0
FH-2025-01872,2025-07-24,2025-08-19,2025-08-22,2025-09-10,Ganho,1,2025,2025-08,Ricardo Aragão,Vitalis Rede Integrada,Operadora verticalizada,PE,Material para artroscopia,Ortopedia,296642,296642,0,,,71,171,242,26,19,35697,20540,15157
FH-2025-01991,2025-07-24,,,,Perdido,0,2025,2025-07,Ricardo Aragão,Prever Saúde,Operadora não verticalizada,PE,Stent farmacológico,Cardiologia,81490,0,81490,Sem contrato para atender,E1 Cotacao,0,0,0,0,0,0,0,0
FH-2025-02251,2025-07-24,2025-08-12,,,Perdido,0,2025,2025-07,Ricardo Aragão,Vitalis Rede Integrada,Operadora verticalizada,PE,Kit de consumo cirúrgico,Cirurgia geral,40822,0,40822,Cirurgia cancelada,E2 Autorizacao,0,0,0,19,0,0,0,0
FH-2025-02313,2025-07-24,,,,Perdido,0,2025,2025-07,Marcelo Bastos,Vitalis Rede Integrada,Operadora verticalizada,PE,Kit de consumo cirúrgico,Cirurgia geral,107226,0,107226,Preço acima do concorrente,E1 Cotacao,0,0,0,0,0,0,0,0
FH-2025-01935,2025-07-25,2025-08-12,2025-08-21,2025-11-10,Ganho,1,2025,2025-08,Cíntia Barbosa,Hospital Municipal de Caruaru,Hospital público,RN,Marcapasso,Cardiologia,583794,583794,0,,,32,97,129,18,81,19914,10192,9722
FH-2025-01992,2025-07-25,2025-08-09,2025-08-12,2025-09-04,Ganho,1,2025,2025-08,Tatiana Coelho,Instituto do Coração de Petrolina,Hospital privado,AL,Implante de quadril,Ortopedia,288639,288639,0,,,14,108,122,15,23,13732,5857,7875
FH-2025-02012,2025-07-25,2025-08-15,,,Perdido,0,2025,2025-07,Marcelo Bastos,Hospital Prazeres,Hospital privado,PE,Haste intramedular,Ortopedia,131880,0,131880,Cirurgia cancelada,E2 Autorizacao,0,0,0,21,0,0,0,0
FH-2025-02035,2025-07-25,2025-08-04,2025-08-08,2025-09-02,Ganho,1,2025,2025-08,Ricardo Aragão,Vitalis Rede Integrada,Operadora verticalizada,PE,Introdutor e guia,Cardiologia,163458,163458,0,,,71,166,237,10,25,19526,12725,6801
FH-2025-02261,2025-07-26,2025-08-20,,,Perdido,0,2025,2025-07,Cíntia Barbosa,Hospital Santa Cecília,Hospital privado,PE,Placas e parafusos,Ortopedia,119460,0,119460,Procedimento não autorizado pelo pagador,E2 Autorizacao,0,0,0,25,0,0,0,0
FH-2025-02272,2025-07-26,2025-08-07,2025-08-15,2025-10-09,Ganho,1,2025,2025-08,Rogério Lins,Centro Cirúrgico Casa Forte,Hospital privado,PE,Implante de quadril,Ortopedia,140637,140637,0,,,28,119,147,12,55,8912,3076,5836
FH-2025-02155,2025-07-27,2025-08-18,2025-08-26,2025-11-05,Ganho,1,2025,2025-08,Verônica Sá,Hospital Areia Preta,Hospital privado,AL,Haste intramedular,Ortopedia,19692,19692,0,,,20,98,118,22,71,1146,495,651
FH-2025-01830,2025-07-28,,,,Perdido,0,2025,2025-07,Verônica Sá,Bem-Estar Saúde,Operadora verticalizada,PE,Stent farmacológico,Cardiologia,182754,0,182754,Preço acima do concorrente,E1 Cotacao,0,0,0,0,0,0,0,0
FH-2025-01917,2025-07-28,2025-08-08,,,Perdido,0,2025,2025-07,Tatiana Coelho,Clínica Cirúrgica Derby,Hospital privado,PB,Implante de joelho,Ortopedia,64726,0,64726,Autorização expirou,E2 Autorizacao,0,0,0,11,0,0,0,0
FH-2025-02010,2025-07-28,2025-08-14,2025-08-21,2025-11-12,Ganho,1,2025,2025-08,Rogério Lins,Hospital Universitário de João Pessoa,Hospital público,PE,Haste intramedular,Ortopedia,151416,151416,0,,,50,107,157,17,83,9768,6174,3594
FH-2025-02283,2025-07-28,,,,Perdido,0,2025,2025-07,Diego Fontes,Bem-Estar Saúde,Operadora verticalizada,PE,Implante de quadril,Ortopedia,131019,0,131019,Cotação respondida fora do prazo,E1 Cotacao,0,0,0,0,0,0,0,0
FH-2025-01833,2025-08-01,,,,Perdido,0,2025,2025-08,Marcelo Bastos,Prever Saúde,Operadora não verticalizada,PE,Malha e tela cirúrgica,Cirurgia geral,38582,0,38582,Cliente com fornecedor exclusivo,E1 Cotacao,0,0,0,0,0,0,0,0
FH-2025-01905,2025-08-01,2025-08-06,2025-08-27,2025-10-03,Ganho,1,2025,2025-08,Rogério Lins,Hospital Rio Doce,Hospital privado,AL,Material para artroscopia,Ortopedia,130669,130669,0,,,32,113,145,5,37,10668,2965,7703
FH-2025-02122,2025-08-02,2025-08-14,2025-08-30,,Perdido,0,2025,2025-08,Joana Rios,Clínica Ortopédica Boa Viagem,Hospital privado,PE,Introdutor e guia,Cardiologia,85892,0,85892,Extravio intra-hospitalar,E3 Cirurgia,9,0,9,12,0,0,0,0
FH-2025-01858,2025-08-03,2025-08-10,2025-08-30,2025-10-21,Ganho,1,2025,2025-08,Tatiana Coelho,Hospital Real do Recife,Hospital privado,PB,Kit de consumo cirúrgico,Cirurgia geral,8765,8765,0,,,27,99,126,7,52,211,143,68
FH-2025-01896,2025-08-03,2025-08-21,2025-08-28,2025-11-22,Ganho,1,2025,2025-08,Marcelo Bastos,AssistCare Planos,Operadora não verticalizada,PE,Implante de joelho,Ortopedia,61157,61157,0,,,40,120,160,18,86,6170,4438,1732
FH-2025-02143,2025-08-03,,,,Perdido,0,2025,2025-08,Ricardo Aragão,Hospital Prazeres,Hospital privado,PE,Implante de joelho,Ortopedia,443875,0,443875,Preço acima do concorrente,E1 Cotacao,0,0,0,0,0,0,0,0
FH-2025-02148,2025-08-05,2025-08-28,2025-09-06,2025-11-14,Ganho,1,2025,2025-09,Anderson Melo,Hospital Vila Nova,Hospital privado,AL,Malha e tela cirúrgica,Cirurgia geral,24183,24183,0,,,38,113,151,23,69,1765,617,1148
FH-2025-01973,2025-08-06,2025-09-01,2025-09-08,2025-10-09,Ganho,1,2025,2025-09,Joana Rios,Hospital Farol de Maceió,Hospital privado,AL,Marcapasso,Cardiologia,94887,94887,0,,,8,86,94,26,31,2659,710,1949
FH-2025-02373,2025-08-06,2025-08-11,2025-08-14,2025-11-12,Perdido,0,2025,2025-08,Cíntia Barbosa,Hospital Cabo Branco,Hospital privado,PE,Haste intramedular,Ortopedia,75655,0,75655,Glosa não recuperada,E4 Faturamento,34,0,34,5,90,0,0,0
FH-2025-01958,2025-08-07,2025-08-28,,,Perdido,0,2025,2025-08,Diego Fontes,Vitalis Rede Integrada,Operadora verticalizada,PE,Implante de quadril,Ortopedia,286196,0,286196,Procedimento não autorizado pelo pagador,E2 Autorizacao,0,0,0,21,0,0,0,0
FH-2025-02032,2025-08-07,2025-08-12,2025-08-24,2025-09-22,Ganho,1,2025,2025-08,Anderson Melo,UniCosta Saúde,Operadora não verticalizada,PB,Implante de quadril,Ortopedia,34925,34925,0,,,22,97,119,5,29,1596,706,890
FH-2025-02125,2025-08-07,2025-09-02,2025-09-07,2025-11-11,Ganho,1,2025,2025-09,Joana Rios,Hospital Geral de Maceió,Hospital público,RN,Material para artroscopia,Ortopedia,42912,42912,0,,,12,82,94,26,65,1723,480,1243
FH-2025-02160,2025-08-09,2025-08-17,2025-09-01,2025-11-08,Ganho,1,2025,2025-09,Rogério Lins,Bem-Estar Saúde,Operadora verticalizada,PE,Material para artroscopia,Ortopedia,1019635,1019635,0,,,45,136,181,8,68,93283,62058,31225
FH-2025-02363,2025-08-09,2025-08-25,2025-09-01,2025-11-16,Ganho,1,2025,2025-09,Ricardo Aragão,Vitalis Rede Integrada,Operadora verticalizada,PE,Implante de joelho,Ortopedia,427527,427527,0,,,66,169,235,16,76,65888,35151,30737
FH-2025-02147,2025-08-10,,,,Perdido,0,2025,2025-08,Anderson Melo,Hospital Regional de Campina Grande,Hospital público,PB,Implante de quadril,Ortopedia,118816,0,118816,Cotação respondida fora do prazo,E1 Cotacao,0,0,0,0,0,0,0,0
FH-2025-02191,2025-08-10,2025-08-15,2025-08-19,2025-11-13,Ganho,1,2025,2025-08,Joana Rios,Hospital Areia Preta,Hospital privado,AL,Implante de quadril,Ortopedia,55271,55271,0,,,11,78,89,5,86,977,664,313
FH-2025-02305,2025-08-10,,,,Perdido,0,2025,2025-08,Ricardo Aragão,Bem-Estar Saúde,Operadora verticalizada,PE,Stent farmacológico,Cardiologia,196908,0,196908,Cotação respondida fora do prazo,E1 Cotacao,0,0,0,0,0,0,0,0
FH-2025-02111,2025-08-11,2025-09-02,2025-09-16,2025-11-07,Ganho,1,2025,2025-09,Verônica Sá,UniCosta Saúde,Operadora não verticalizada,PB,Implante de quadril,Ortopedia,103136,103136,0,,,31,102,133,22,52,5313,3054,2259
FH-2025-02234,2025-08-11,,,,Perdido,0,2025,2025-08,Marcelo Bastos,Hospital Municipal de Paulista,Hospital público,PE,Implante de joelho,Ortopedia,363889,0,363889,Sem contrato para atender,E1 Cotacao,0,0,0,0,0,0,0,0
FH-2025-01840,2025-08-13,2025-09-04,2025-09-17,2025-12-09,Perdido,0,2025,2025-09,Cíntia Barbosa,Hospital Candeias,Hospital privado,PB,Implante de joelho,Ortopedia,189158,0,189158,Nota fiscal não autorizada pelo hospital,E4 Faturamento,28,0,28,22,83,0,0,0
FH-2025-01924,2025-08-13,,,,Perdido,0,2025,2025-08,Verônica Sá,Clínica Ortopédica Boa Viagem,Hospital privado,PE,Stent farmacológico,Cardiologia,119830,0,119830,Produto indisponível em estoque,E1 Cotacao,0,0,0,0,0,0,0,0
FH-2025-02271,2025-08-13,2025-08-25,2025-08-30,2025-10-09,Ganho,1,2025,2025-08,Marcelo Bastos,Vitalis Rede Integrada,Operadora verticalizada,PE,Introdutor e guia,Cardiologia,134947,134947,0,,,41,134,175,12,40,10478,3200,7278
FH-2025-02290,2025-08-13,2025-09-03,,,Perdido,0,2025,2025-08,Rogério Lins,Bem-Estar Saúde,Operadora verticalizada,PE,Implante de quadril,Ortopedia,34643,0,34643,Procedimento não autorizado pelo pagador,E2 Autorizacao,0,0,0,21,0,0,0,0
FH-2025-02292,2025-08-13,2025-08-22,2025-08-24,2025-11-22,Ganho,1,2025,2025-08,Diego Fontes,Vitalis Rede Integrada,Operadora verticalizada,PE,Implante de joelho,Ortopedia,868114,868114,0,,,49,158,207,9,90,124441,59707,64734
FH-2025-01876,2025-08-14,2025-08-31,2025-09-17,2025-12-10,Ganho,1,2025,2025-09,Marcelo Bastos,AssistCare Planos,Operadora não verticalizada,PE,Cateter para angioplastia,Cardiologia,218885,218885,0,,,57,144,201,17,84,17895,8874,9021
FH-2025-01894,2025-08-14,2025-08-19,2025-08-21,,Perdido,0,2025,2025-08,Paulo Menezes,UniCosta Saúde,Operadora não verticalizada,PB,Cateter para angioplastia,Cardiologia,92652,0,92652,Troca de fornecedor em sala,E3 Cirurgia,48,0,48,5,0,0,0,0
FH-2025-02241,2025-08-14,2025-09-04,2025-09-21,2025-10-12,Ganho,1,2025,2025-09,Joana Rios,Vitalis Rede Integrada,Operadora verticalizada,PE,Cateter para angioplastia,Cardiologia,284035,284035,0,,,22,90,112,21,21,5489,3694,1795
FH-2025-02004,2025-08-15,2025-09-05,2025-09-20,2025-11-01,Ganho,1,2025,2025-09,Ricardo Aragão,Bem-Estar Saúde,Operadora verticalizada,PE,Placas e parafusos,Ortopedia,570621,570621,0,,,49,157,206,21,42,44765,32289,12476
FH-2025-02022,2025-08-15,2025-08-22,2025-09-11,2025-10-02,Ganho,1,2025,2025-09,Diego Fontes,Vitalis Rede Integrada,Operadora verticalizada,PE,Placas e parafusos,Ortopedia,144506,144506,0,,,48,135,183,7,21,12384,7168,5216
FH-2025-02263,2025-08-16,2025-08-28,2025-09-13,2025-11-09,Ganho,1,2025,2025-09,Anderson Melo,Hospital Boa Vista,Hospital privado,PB,Cateter para angioplastia,Cardiologia,150928,150928,0,,,44,99,143,12,57,8958,4873,4085
FH-2025-02343,2025-08-16,2025-08-29,,,Perdido,0,2025,2025-08,Joana Rios,Hospital Farol de Maceió,Hospital privado,AL,Marcapasso,Cardiologia,70959,0,70959,Cirurgia cancelada,E2 Autorizacao,0,0,0,13,0,0,0,0
FH-2025-01835,2025-08-18,2025-08-30,2025-09-02,,Perdido,0,2025,2025-09,Cíntia Barbosa,Prever Saúde,Operadora não verticalizada,PE,Marcapasso,Cardiologia,144088,0,144088,Material devolvido sem uso,E3 Cirurgia,29,0,29,12,0,0,0,0
FH-2025-02309,2025-08-18,,,,Perdido,0,2025,2025-08,Ricardo Aragão,Vitalis Rede Integrada,Operadora verticalizada,PE,Kit de consumo cirúrgico,Cirurgia geral,95297,0,95297,Cliente com fornecedor exclusivo,E1 Cotacao,0,0,0,0,0,0,0,0
FH-2025-02350,2025-08-18,2025-09-02,2025-09-07,2025-11-14,Ganho,1,2025,2025-09,Ricardo Aragão,Hospital Sete Coqueiros,Hospital privado,PE,Haste intramedular,Ortopedia,31802,31802,0,,,46,138,184,15,68,3838,1206,2632
FH-2025-01828,2025-08-19,2025-09-05,2025-09-20,2025-11-04,Perdido,0,2025,2025-09,Rogério Lins,Prever Saúde,Operadora não verticalizada,PE,Cateter para angioplastia,Cardiologia,183487,0,183487,Glosa não recuperada,E4 Faturamento,36,0,36,17,45,0,0,0
FH-2025-02094,2025-08-19,2025-08-31,2025-09-14,2025-11-11,Perdido,0,2025,2025-09,Marcelo Bastos,Vitalis Rede Integrada,Operadora verticalizada,PE,Malha e tela cirúrgica,Cirurgia geral,117010,0,117010,Glosa não recuperada,E4 Faturamento,39,0,39,12,58,0,0,0
FH-2025-01891,2025-08-20,,,,Perdido,0,2025,2025-08,Diego Fontes,AssistCare Planos,Operadora não verticalizada,PE,Malha e tela cirúrgica,Cirurgia geral,43940,0,43940,Cliente com fornecedor exclusivo,E1 Cotacao,0,0,0,0,0,0,0,0
FH-2025-02242,2025-08-23,,,,Perdido,0,2025,2025-08,Marcelo Bastos,Vitalis Rede Integrada,Operadora verticalizada,PE,Haste intramedular,Ortopedia,140942,0,140942,Cotação respondida fora do prazo,E1 Cotacao,0,0,0,0,0,0,0,0
FH-2025-01856,2025-08-24,2025-09-17,2025-10-06,2025-12-31,Ganho,1,2025,2025-10,Marcelo Bastos,AssistCare Planos,Operadora não verticalizada,PE,Material para artroscopia,Ortopedia,246619,246619,0,,,28,123,151,24,86,14639,3695,10944
FH-2025-02352,2025-08-24,2025-09-13,2025-09-24,2025-10-19,Ganho,1,2025,2025-09,Marcelo Bastos,Vitalis Rede Integrada,Operadora verticalizada,PE,Implante de joelho,Ortopedia,402679,402679,0,,,55,123,178,20,25,20769,13369,7400
FH-2025-02388,2025-08-24,,,,Perdido,0,2025,2025-08,Paulo Menezes,Vitalis Rede Integrada,Operadora verticalizada,PE,Marcapasso,Cardiologia,154565,0,154565,Preço acima do concorrente,E1 Cotacao,0,0,0,0,0,0,0,0
FH-2025-01874,2025-08-26,,,,Perdido,0,2025,2025-08,Joana Rios,Hospital Areia Preta,Hospital privado,AL,Haste intramedular,Ortopedia,123861,0,123861,Cliente com fornecedor exclusivo,E1 Cotacao,0,0,0,0,0,0,0,0
FH-2025-02016,2025-08-26,,,,Perdido,0,2025,2025-08,Joana Rios,Centro Cirúrgico Casa Forte,Hospital privado,PE,Introdutor e guia,Cardiologia,94409,0,94409,Preço acima do concorrente,E1 Cotacao,0,0,0,0,0,0,0,0
FH-2025-02183,2025-08-27,2025-09-10,2025-09-17,2025-11-16,Ganho,1,2025,2025-09,Joana Rios,Prever Saúde,Operadora não verticalizada,PE,Placas e parafusos,Ortopedia,64390,64390,0,,,12,76,88,14,60,1528,583,945
FH-2025-02208,2025-08-27,,,,Perdido,0,2025,2025-08,Joana Rios,Clínica Ortopédica Boa Viagem,Hospital privado,PE,Introdutor e guia,Cardiologia,35541,0,35541,Produto indisponível em estoque,E1 Cotacao,0,0,0,0,0,0,0,0
FH-2025-02076,2025-08-28,2025-09-21,2025-09-24,,Perdido,0,2025,2025-09,Paulo Menezes,Hospital Rio Doce,Hospital privado,AL,Implante de quadril,Ortopedia,141580,0,141580,Troca de fornecedor em sala,E3 Cirurgia,29,0,29,24,0,0,0,0
FH-2025-02391,2025-08-28,,,,Perdido,0,2025,2025-08,Verônica Sá,Hospital Vale do Capibaribe,Hospital privado,PE,Material para artroscopia,Ortopedia,72523,0,72523,Preço acima do concorrente,E1 Cotacao,0,0,0,0,0,0,0,0
FH-2025-02073,2025-09-02,,,,Perdido,0,2025,2025-09,Paulo Menezes,Hospital Santa Cecília,Hospital privado,PE,Malha e tela cirúrgica,Cirurgia geral,25705,0,25705,Sem contrato para atender,E1 Cotacao,0,0,0,0,0,0,0,0
FH-2025-02364,2025-09-03,2025-09-22,,,Perdido,0,2025,2025-09,Joana Rios,Hospital Vila Nova,Hospital privado,AL,Stent farmacológico,Cardiologia,42541,0,42541,Procedimento não autorizado pelo pagador,E2 Autorizacao,0,0,0,19,0,0,0,0
FH-2025-01877,2025-09-04,2025-09-23,2025-10-05,2025-11-26,Ganho,1,2025,2025-10,Anderson Melo,Clínica Cardio Espinheiro,Hospital privado,AL,Stent farmacológico,Cardiologia,25901,25901,0,,,35,109,144,19,52,1947,567,1380
FH-2025-02249,2025-09-04,,,,Perdido,0,2025,2025-09,Tatiana Coelho,Clínica Cirúrgica Derby,Hospital privado,PB,Material para artroscopia,Ortopedia,15570,0,15570,Cliente com fornecedor exclusivo,E1 Cotacao,0,0,0,0,0,0,0,0
FH-2025-02219,2025-09-06,2025-09-28,2025-10-12,2025-11-12,Ganho,1,2025,2025-10,Ricardo Aragão,Vitalis Rede Integrada,Operadora verticalizada,PE,Implante de joelho,Ortopedia,184760,184760,0,,,63,156,219,22,31,27049,16100,10949
FH-2025-02327,2025-09-06,,,,Perdido,0,2025,2025-09,Verônica Sá,AssistCare Planos,Operadora não verticalizada,PE,Introdutor e guia,Cardiologia,134543,0,134543,Cliente com fornecedor exclusivo,E1 Cotacao,0,0,0,0,0,0,0,0
FH-2025-02042,2025-09-07,2025-09-25,2025-09-29,2025-12-02,Ganho,1,2025,2025-09,Marcelo Bastos,Vitalis Rede Integrada,Operadora verticalizada,PE,Implante de joelho,Ortopedia,379121,379121,0,,,56,128,184,18,64,30178,17277,12901
FH-2025-02065,2025-09-07,2025-09-14,,,Perdido,0,2025,2025-09,Marcelo Bastos,Vitalis Rede Integrada,Operadora verticalizada,PE,Grampeador cirúrgico,Cirurgia geral,20465,0,20465,Procedimento não autorizado pelo pagador,E2 Autorizacao,0,0,0,7,0,0,0,0
FH-2025-01864,2025-09-09,2025-09-20,2025-10-04,2025-11-24,Ganho,1,2025,2025-10,Marcelo Bastos,Centro Cirúrgico Casa Forte,Hospital privado,PE,Placas e parafusos,Ortopedia,128207,128207,0,,,56,112,168,11,51,8660,3481,5179
FH-2025-01942,2025-09-09,2025-09-12,2025-09-15,2025-11-03,Ganho,1,2025,2025-09,Rogério Lins,Vitalis Rede Integrada,Operadora verticalizada,PE,Marcapasso,Cardiologia,56148,56148,0,,,39,121,160,3,49,2515,1713,802
FH-2025-02328,2025-09-09,,,,Perdido,0,2025,2025-09,Diego Fontes,Vitalis Rede Integrada,Operadora verticalizada,PE,Implante de joelho,Ortopedia,229352,0,229352,Cliente com fornecedor exclusivo,E1 Cotacao,0,0,0,0,0,0,0,0
FH-2025-01926,2025-09-10,,,,Perdido,0,2025,2025-09,Diego Fontes,Vitalis Rede Integrada,Operadora verticalizada,PE,Cateter para angioplastia,Cardiologia,277963,0,277963,Cotação respondida fora do prazo,E1 Cotacao,0,0,0,0,0,0,0,0
FH-2025-02345,2025-09-10,2025-09-24,2025-10-12,2026-01-08,Ganho,1,2025,2025-10,Rogério Lins,Hospital Geral de Mossoró,Hospital público,RN,Stent farmacológico,Cardiologia,94409,94409,0,,,38,134,172,14,88,4224,2354,1870
FH-2025-02152,2025-09-12,2025-10-08,2025-10-11,2026-01-11,Ganho,1,2025,2025-10,Cíntia Barbosa,Hospital Municipal de Jaboatão,Hospital público,PE,Cateter para angioplastia,Cardiologia,786713,786713,0,,,34,119,153,26,92,44582,11269,33313
FH-2025-02221,2025-09-12,,,,Perdido,0,2025,2025-09,Verônica Sá,Bem-Estar Saúde,Operadora verticalizada,PE,Cateter para angioplastia,Cardiologia,121366,0,121366,Preço acima do concorrente,E1 Cotacao,0,0,0,0,0,0,0,0
FH-2025-02252,2025-09-12,,,,Perdido,0,2025,2025-09,Ricardo Aragão,Hospital Real do Recife,Hospital privado,PB,Implante de quadril,Ortopedia,128143,0,128143,Preço acima do concorrente,E1 Cotacao,0,0,0,0,0,0,0,0
FH-2025-01934,2025-09-14,2025-09-21,2025-10-05,2025-11-21,Ganho,1,2025,2025-10,Tatiana Coelho,Bem-Estar Saúde,Operadora verticalizada,PE,Kit de consumo cirúrgico,Cirurgia geral,78145,78145,0,,,19,84,103,7,47,2017,776,1241
FH-2025-02307,2025-09-14,2025-10-04,2025-10-10,2025-12-24,Ganho,1,2025,2025-10,Paulo Menezes,AssistCare Planos,Operadora não verticalizada,PE,Placas e parafusos,Ortopedia,81435,81435,0,,,31,121,152,20,75,6560,1742,4818
FH-2025-02127,2025-09-15,2025-10-01,2025-10-17,2025-12-08,Ganho,1,2025,2025-10,Ricardo Aragão,Vitalis Rede Integrada,Operadora verticalizada,PE,Implante de quadril,Ortopedia,304932,304932,0,,,56,163,219,16,52,29164,17266,11898
FH-2025-02323,2025-09-15,2025-10-05,2025-10-14,2025-11-02,Ganho,1,2025,2025-10,Marcelo Bastos,Hospital Boa Vista,Hospital privado,PB,Malha e tela cirúrgica,Cirurgia geral,50630,50630,0,,,57,126,183,20,19,5046,2635,2411
FH-2025-02232,2025-09-16,2025-09-19,,,Perdido,0,2025,2025-09,Paulo Menezes,Vitalis Rede Integrada,Operadora verticalizada,PE,Placas e parafusos,Ortopedia,184317,0,184317,Procedimento não autorizado pelo pagador,E2 Autorizacao,0,0,0,3,0,0,0,0
FH-2025-02000,2025-09-17,2025-09-22,2025-10-09,2025-12-22,Ganho,1,2025,2025-10,Paulo Menezes,Hospital Prazeres,Hospital privado,PE,Malha e tela cirúrgica,Cirurgia geral,18597,18597,0,,,35,99,134,5,74,1516,462,1054
FH-2025-02079,2025-09-17,,,,Perdido,0,2025,2025-09,Cíntia Barbosa,Hospital Estadual de Arapiraca,Hospital público,PE,Haste intramedular,Ortopedia,156746,0,156746,Produto indisponível em estoque,E1 Cotacao,0,0,0,0,0,0,0,0
FH-2025-02095,2025-09-17,2025-10-07,2025-10-20,2025-11-16,Perdido,0,2025,2025-10,Paulo Menezes,Hospital Municipal do Cabo,Hospital público,PE,Malha e tela cirúrgica,Cirurgia geral,57734,0,57734,Glosa não recuperada,E4 Faturamento,35,0,35,20,27,0,0,0
FH-2025-02100,2025-09-17,,,,Perdido,0,2025,2025-09,Verônica Sá,AssistCare Planos,Operadora não verticalizada,PE,Haste intramedular,Ortopedia,203579,0,203579,Cotação respondida fora do prazo,E1 Cotacao,0,0,0,0,0,0,0,0
FH-2025-02114,2025-09-17,2025-09-26,2025-10-14,2025-12-21,Ganho,1,2025,2025-10,Diego Fontes,Vitalis Rede Integrada,Operadora verticalizada,PE,Stent farmacológico,Cardiologia,285974,285974,0,,,47,149,196,9,68,31391,18202,13189
FH-2025-02321,2025-09-18,2025-10-13,2025-10-23,2025-12-24,Ganho,1,2025,2025-10,Rogério Lins,Bem-Estar Saúde,Operadora verticalizada,PE,Implante de quadril,Ortopedia,198895,198895,0,,,50,131,181,25,62,18777,9774,9003
FH-2025-02314,2025-09-22,2025-09-29,2025-10-07,2025-12-23,Ganho,1,2025,2025-10,Rogério Lins,Prever Saúde,Operadora não verticalizada,PE,Material para artroscopia,Ortopedia,254795,254795,0,,,45,118,163,7,77,11765,4792,6973
FH-2025-02086,2025-09-24,,,,Perdido,0,2025,2025-09,Ricardo Aragão,Vitalis Rede Integrada,Operadora verticalizada,PE,Introdutor e guia,Cardiologia,197357,0,197357,Produto indisponível em estoque,E1 Cotacao,0,0,0,0,0,0,0,0
FH-2025-02316,2025-09-24,2025-10-10,2025-10-29,2025-12-06,Perdido,0,2025,2025-10,Paulo Menezes,Vitalis Rede Integrada,Operadora verticalizada,PE,Placas e parafusos,Ortopedia,470052,0,470052,Divergência na folha de sala,E4 Faturamento,27,0,27,16,38,0,0,0
FH-2025-02380,2025-09-24,2025-10-07,2025-10-17,2025-12-06,Ganho,1,2025,2025-10,Diego Fontes,Bem-Estar Saúde,Operadora verticalizada,PE,Grampeador cirúrgico,Cirurgia geral,106758,106758,0,,,39,146,185,13,50,12238,8954,3284
FH-2025-01957,2025-09-25,,,,Perdido,0,2025,2025-09,Diego Fontes,Hospital Real do Recife,Hospital privado,PB,Implante de quadril,Ortopedia,54774,0,54774,Preço acima do concorrente,E1 Cotacao,0,0,0,0,0,0,0,0
FH-2025-02003,2025-09-26,2025-10-17,2025-10-23,2026-01-06,Ganho,1,2025,2025-10,Diego Fontes,Vitalis Rede Integrada,Operadora verticalizada,PE,Implante de quadril,Ortopedia,162962,162962,0,,,37,130,167,21,75,22476,10548,11928
FH-2025-02370,2025-09-26,2025-09-29,2025-10-15,2025-11-08,Ganho,1,2025,2025-10,Tatiana Coelho,Hospital Pina,Hospital privado,AL,Haste intramedular,Ortopedia,92256,92256,0,,,30,82,112,3,24,4351,2103,2248
FH-2025-01880,2025-09-27,2025-10-05,2025-10-18,2025-12-29,Ganho,1,2025,2025-10,Ricardo Aragão,Vitalis Rede Integrada,Operadora verticalizada,PE,Implante de joelho,Ortopedia,403653,403653,0,,,75,161,236,8,72,38835,16597,22238
FH-2025-02005,2025-09-27,,,,Perdido,0,2025,2025-09,Verônica Sá,Hospital Farol de Maceió,Hospital privado,AL,Marcapasso,Cardiologia,152956,0,152956,Produto indisponível em estoque,E1 Cotacao,0,0,0,0,0,0,0,0
FH-2025-02007,2025-09-27,2025-10-03,2025-10-05,2025-11-04,Ganho,1,2025,2025-10,Verônica Sá,AssistCare Planos,Operadora não verticalizada,PE,Malha e tela cirúrgica,Cirurgia geral,25217,25217,0,,,28,112,140,6,30,1013,516,497
FH-2025-01875,2025-09-28,2025-10-10,2025-10-29,2026-01-30,Ganho,1,2025,2025-10,Tatiana Coelho,Hospital Casa Amarela,Hospital privado,PE,Implante de joelho,Ortopedia,120072,120072,0,,,12,103,115,12,93,4101,1533,2568
FH-2025-02202,2025-09-28,2025-10-07,2025-10-24,2026-01-01,Ganho,1,2025,2025-10,Diego Fontes,Prever Saúde,Operadora não verticalizada,PE,Stent farmacológico,Cardiologia,101499,101499,0,,,38,157,195,9,69,10009,7111,2898
FH-2025-02039,2025-10-01,2025-10-08,,,Perdido,0,2025,2025-10,Tatiana Coelho,Hospital Real do Recife,Hospital privado,PB,Cateter para angioplastia,Cardiologia,274843,0,274843,Procedimento não autorizado pelo pagador,E2 Autorizacao,0,0,0,7,0,0,0,0
FH-2025-02064,2025-10-01,2025-10-24,,,Perdido,0,2025,2025-10,Marcelo Bastos,Hospital Prazeres,Hospital privado,PE,Implante de joelho,Ortopedia,95684,0,95684,Autorização expirou,E2 Autorizacao,0,0,0,23,0,0,0,0
FH-2025-01834,2025-10-02,2025-10-25,2025-11-10,2025-12-14,Ganho,1,2025,2025-11,Marcelo Bastos,Vitalis Rede Integrada,Operadora verticalizada,PE,Stent farmacológico,Cardiologia,346894,346894,0,,,54,142,196,23,34,38873,9768,29105
FH-2025-02089,2025-10-02,2025-10-17,2025-10-23,2025-12-14,Ganho,1,2025,2025-10,Diego Fontes,AssistCare Planos,Operadora não verticalizada,PE,Haste intramedular,Ortopedia,201282,201282,0,,,59,152,211,15,52,15819,9820,5999
FH-2025-02193,2025-10-02,2025-10-06,2025-10-17,2025-12-05,Ganho,1,2025,2025-10,Tatiana Coelho,Hospital São Fidélis,Hospital privado,PE,Material para artroscopia,Ortopedia,47520,47520,0,,,14,109,123,4,49,2523,1176,1347
FH-2025-01948,2025-10-03,,,,Perdido,0,2025,2025-10,Diego Fontes,Bem-Estar Saúde,Operadora verticalizada,PE,Haste intramedular,Ortopedia,139622,0,139622,Preço acima do concorrente,E1 Cotacao,0,0,0,0,0,0,0,0
FH-2025-02113,2025-10-04,2025-10-27,,,Perdido,0,2025,2025-10,Verônica Sá,Hospital Vale do Capibaribe,Hospital privado,PE,Marcapasso,Cardiologia,137535,0,137535,Procedimento não autorizado pelo pagador,E2 Autorizacao,0,0,0,23,0,0,0,0
FH-2025-02070,2025-10-05,2025-10-30,2025-11-07,,Perdido,0,2025,2025-11,Verônica Sá,Prever Saúde,Operadora não verticalizada,PE,Marcapasso,Cardiologia,102534,0,102534,Troca de fornecedor em sala,E3 Cirurgia,30,0,30,25,0,0,0,0
FH-2025-02231,2025-10-05,2025-10-28,2025-11-15,2025-12-21,Ganho,1,2025,2025-11,Diego Fontes,Vitalis Rede Integrada,Operadora verticalizada,PE,Stent farmacológico,Cardiologia,162578,162578,0,,,63,132,195,23,36,22978,13490,9488
FH-2025-02087,2025-10-06,2025-10-17,2025-10-30,2025-12-17,Ganho,1,2025,2025-10,Tatiana Coelho,Hospital Real do Recife,Hospital privado,PB,Malha e tela cirúrgica,Cirurgia geral,158398,158398,0,,,26,82,108,11,48,7316,2511,4805
FH-2025-02204,2025-10-06,2025-10-10,2025-10-12,2025-11-25,Ganho,1,2025,2025-10,Cíntia Barbosa,AssistCare Planos,Operadora não verticalizada,PE,Malha e tela cirúrgica,Cirurgia geral,88044,88044,0,,,18,111,129,4,44,3606,1410,2196
FH-2025-01882,2025-10-09,,,,Perdido,0,2025,2025-10,Ricardo Aragão,Prever Saúde,Operadora não verticalizada,PE,Material para artroscopia,Ortopedia,199390,0,199390,Preço acima do concorrente,E1 Cotacao,0,0,0,0,0,0,0,0
FH-2025-01930,2025-10-09,2025-10-29,2025-11-16,2025-12-13,Ganho,1,2025,2025-11,Paulo Menezes,Prever Saúde,Operadora não verticalizada,PE,Kit de consumo cirúrgico,Cirurgia geral,57663,57663,0,,,31,116,147,20,27,2390,1719,671
FH-2025-02151,2025-10-10,,,,Perdido,0,2025,2025-10,Ricardo Aragão,Vitalis Rede Integrada,Operadora verticalizada,PE,Implante de quadril,Ortopedia,597632,0,597632,Preço acima do concorrente,E1 Cotacao,0,0,0,0,0,0,0,0
FH-2025-02287,2025-10-10,2025-10-17,,,Perdido,0,2025,2025-10,Ricardo Aragão,Bem-Estar Saúde,Operadora verticalizada,PE,Placas e parafusos,Ortopedia,747630,0,747630,Procedimento não autorizado pelo pagador,E2 Autorizacao,0,0,0,7,0,0,0,0
FH-2025-02165,2025-10-11,,,,Perdido,0,2025,2025-10,Diego Fontes,Bem-Estar Saúde,Operadora verticalizada,PE,Kit de consumo cirúrgico,Cirurgia geral,67004,0,67004,Sem contrato para atender,E1 Cotacao,0,0,0,0,0,0,0,0
FH-2025-02228,2025-10-11,,,,Perdido,0,2025,2025-10,Rogério Lins,Vitalis Rede Integrada,Operadora verticalizada,PE,Cateter para angioplastia,Cardiologia,57195,0,57195,Cotação respondida fora do prazo,E1 Cotacao,0,0,0,0,0,0,0,0
FH-2025-02267,2025-10-11,2025-10-27,2025-11-03,2025-12-17,Ganho,1,2025,2025-11,Diego Fontes,Bem-Estar Saúde,Operadora verticalizada,PE,Malha e tela cirúrgica,Cirurgia geral,185210,185210,0,,,35,148,183,16,44,14071,5228,8843
FH-2025-02023,2025-10-12,2025-10-25,2025-11-10,2026-02-07,Ganho,1,2025,2025-11,Joana Rios,Hospital Casa Amarela,Hospital privado,PE,Stent farmacológico,Cardiologia,134917,134917,0,,,11,82,93,13,89,5224,1823,3401
FH-2025-01922,2025-10-13,2025-11-07,2025-11-16,2026-01-28,Perdido,0,2025,2025-11,Ricardo Aragão,Vitalis Rede Integrada,Operadora verticalizada,PE,Material para artroscopia,Ortopedia,70466,0,70466,Nota fiscal não autorizada pelo hospital,E4 Faturamento,52,0,52,25,73,0,0,0
FH-2025-02361,2025-10-13,2025-10-18,,,Perdido,0,2025,2025-10,Verônica Sá,Bem-Estar Saúde,Operadora verticalizada,PE,Cateter para angioplastia,Cardiologia,131494,0,131494,Cirurgia cancelada,E2 Autorizacao,0,0,0,5,0,0,0,0
FH-2025-02260,2025-10-14,2025-11-05,2025-11-08,2026-01-27,Ganho,1,2025,2025-11,Diego Fontes,Vitalis Rede Integrada,Operadora verticalizada,PE,Stent farmacológico,Cardiologia,514945,514945,0,,,49,139,188,22,80,40721,26687,14034
FH-2025-01971,2025-10-17,2025-10-27,2025-11-10,2026-02-03,Ganho,1,2025,2025-11,Paulo Menezes,Hospital Prazeres,Hospital privado,PE,Kit de consumo cirúrgico,Cirurgia geral,25894,25894,0,,,48,104,152,10,85,1518,760,758
FH-2025-02006,2025-10-17,,,,Perdido,0,2025,2025-10,Ricardo Aragão,UniCosta Saúde,Operadora não verticalizada,PB,Implante de quadril,Ortopedia,60123,0,60123,Sem contrato para atender,E1 Cotacao,0,0,0,0,0,0,0,0
FH-2025-02288,2025-10-17,,,,Perdido,0,2025,2025-10,Ricardo Aragão,Bem-Estar Saúde,Operadora verticalizada,PE,Implante de joelho,Ortopedia,380671,0,380671,Produto indisponível em estoque,E1 Cotacao,0,0,0,0,0,0,0,0
FH-2025-02351,2025-10-17,2025-10-29,2025-11-06,2026-01-20,Ganho,1,2025,2025-11,Marcelo Bastos,Bem-Estar Saúde,Operadora verticalizada,PE,Malha e tela cirúrgica,Cirurgia geral,219090,219090,0,,,35,120,155,12,75,22536,9516,13020
FH-2025-01845,2025-10-19,,,,Perdido,0,2025,2025-10,Marcelo Bastos,Bem-Estar Saúde,Operadora verticalizada,PE,Haste intramedular,Ortopedia,126593,0,126593,Cliente com fornecedor exclusivo,E1 Cotacao,0,0,0,0,0,0,0,0
FH-2025-01978,2025-10-19,2025-11-13,2025-11-23,2025-12-15,Ganho,1,2025,2025-11,Marcelo Bastos,Bem-Estar Saúde,Operadora verticalizada,PE,Marcapasso,Cardiologia,161709,161709,0,,,30,139,169,25,22,8970,3406,5564
FH-2025-02237,2025-10-19,,,,Perdido,0,2025,2025-10,Rogério Lins,Clínica Cirúrgica Derby,Hospital privado,PB,Cateter para angioplastia,Cardiologia,131428,0,131428,Preço acima do concorrente,E1 Cotacao,0,0,0,0,0,0,0,0
FH-2025-02215,2025-10-20,2025-10-24,2025-11-13,2025-12-02,Ganho,1,2025,2025-11,Diego Fontes,Bem-Estar Saúde,Operadora verticalizada,PE,Malha e tela cirúrgica,Cirurgia geral,55532,55532,0,,,47,135,182,4,19,4230,1985,2245
FH-2025-01950,2025-10-21,,,,Perdido,0,2025,2025-10,Tatiana Coelho,Hospital Costa Verde,Hospital privado,RN,Placas e parafusos,Ortopedia,71752,0,71752,Sem contrato para atender,E1 Cotacao,0,0,0,0,0,0,0,0
FH-2025-02026,2025-10-21,2025-11-02,2025-11-16,2026-01-08,Perdido,0,2025,2025-11,Diego Fontes,UniCosta Saúde,Operadora não verticalizada,PB,Introdutor e guia,Cardiologia,573603,0,573603,Divergência na folha de sala,E4 Faturamento,54,0,54,12,53,0,0,0
FH-2025-02342,2025-10-21,2025-11-07,2025-11-18,2026-01-05,Perdido,0,2025,2025-11,Paulo Menezes,Hospital Estadual de Arapiraca,Hospital público,PE,Haste intramedular,Ortopedia,215451,0,215451,Glosa não recuperada,E4 Faturamento,45,0,45,17,48,0,0,0
FH-2025-02387,2025-10-21,,,,Perdido,0,2025,2025-10,Diego Fontes,UniCosta Saúde,Operadora não verticalizada,PB,Stent farmacológico,Cardiologia,732508,0,732508,Cliente com fornecedor exclusivo,E1 Cotacao,0,0,0,0,0,0,0,0
FH-2025-02071,2025-10-22,,,,Perdido,0,2025,2025-10,Diego Fontes,Vitalis Rede Integrada,Operadora verticalizada,PE,Placas e parafusos,Ortopedia,87897,0,87897,Cliente com fornecedor exclusivo,E1 Cotacao,0,0,0,0,0,0,0,0
FH-2025-02177,2025-10-22,2025-11-07,2025-11-21,2026-01-08,Ganho,1,2025,2025-11,Diego Fontes,Bem-Estar Saúde,Operadora verticalizada,PE,Haste intramedular,Ortopedia,376213,376213,0,,,39,145,184,16,48,44468,18766,25702
FH-2025-02203,2025-10-22,2025-10-27,2025-11-01,2026-01-28,Ganho,1,2025,2025-11,Joana Rios,Hospital Pina,Hospital privado,AL,Implante de quadril,Ortopedia,92189,92189,0,,,18,91,109,5,88,3793,2251,1542
FH-2025-01848,2025-10-24,2025-11-19,2025-11-23,2025-12-21,Ganho,1,2025,2025-11,Cíntia Barbosa,Bem-Estar Saúde,Operadora verticalizada,PE,Introdutor e guia,Cardiologia,135968,135968,0,,,22,113,135,26,28,3653,2037,1616
FH-2025-02163,2025-10-24,2025-10-31,,,Perdido,0,2025,2025-10,Rogério Lins,Hospital Costa Verde,Hospital privado,RN,Placas e parafusos,Ortopedia,60065,0,60065,Cirurgia cancelada,E2 Autorizacao,0,0,0,7,0,0,0,0
FH-2025-02225,2025-10-24,2025-11-13,2025-12-03,2026-01-01,Ganho,1,2025,2025-12,Cíntia Barbosa,Hospital Municipal de Olinda,Hospital público,AL,Introdutor e guia,Cardiologia,233615,233615,0,,,26,95,121,20,29,9133,6715,2418
FH-2025-02315,2025-10-24,2025-11-13,,,Perdido,0,2025,2025-10,Tatiana Coelho,UniCosta Saúde,Operadora não verticalizada,PB,Implante de quadril,Ortopedia,131249,0,131249,Cirurgia cancelada,E2 Autorizacao,0,0,0,20,0,0,0,0
FH-2025-01953,2025-10-27,2025-11-22,2025-12-08,2025-12-29,Ganho,1,2025,2025-12,Verônica Sá,Hospital Pina,Hospital privado,AL,Placas e parafusos,Ortopedia,39959,39959,0,,,24,116,140,26,21,1644,532,1112
FH-2025-01943,2025-10-28,,,,Perdido,0,2025,2025-10,Marcelo Bastos,Vitalis Rede Integrada,Operadora verticalizada,PE,Placas e parafusos,Ortopedia,155847,0,155847,Cotação respondida fora do prazo,E1 Cotacao,0,0,0,0,0,0,0,0
FH-2025-01977,2025-10-28,2025-11-10,2025-11-19,2026-02-08,Ganho,1,2025,2025-11,Diego Fontes,AssistCare Planos,Operadora não verticalizada,PE,Stent farmacológico,Cardiologia,215879,215879,0,,,34,130,164,13,81,13109,7011,6098
FH-2025-01993,2025-10-28,2025-11-22,2025-11-24,2026-01-23,Ganho,1,2025,2025-11,Diego Fontes,Bem-Estar Saúde,Operadora verticalizada,PE,Haste intramedular,Ortopedia,113373,113373,0,,,54,138,192,25,60,10803,4149,6654
FH-2025-01884,2025-11-01,2025-11-06,,,Perdido,0,2025,2025-11,Paulo Menezes,Vitalis Rede Integrada,Operadora verticalizada,PE,Kit de consumo cirúrgico,Cirurgia geral,121472,0,121472,Cirurgia cancelada,E2 Autorizacao,0,0,0,5,0,0,0,0
FH-2025-01987,2025-11-01,2025-11-21,2025-11-23,2026-02-17,Ganho,1,2025,2025-11,Diego Fontes,Vitalis Rede Integrada,Operadora verticalizada,PE,Placas e parafusos,Ortopedia,70678,70678,0,,,63,141,204,20,86,6496,2628,3868
FH-2025-02008,2025-11-01,2025-11-26,2025-12-14,2026-02-22,Ganho,1,2025,2025-12,Rogério Lins,Vitalis Rede Integrada,Operadora verticalizada,PE,Implante de quadril,Ortopedia,155090,155090,0,,,45,142,187,25,70,9197,5133,4064
FH-2025-02294,2025-11-01,2025-11-23,2025-11-25,2026-01-07,Ganho,1,2025,2025-11,Marcelo Bastos,Bem-Estar Saúde,Operadora verticalizada,PE,Cateter para angioplastia,Cardiologia,205526,205526,0,,,53,143,196,22,43,17382,10135,7247
FH-2025-02011,2025-11-02,2025-11-24,2025-12-10,2026-03-11,Ganho,1,2025,2025-12,Tatiana Coelho,Vitalis Rede Integrada,Operadora verticalizada,PE,Cateter para angioplastia,Cardiologia,243791,243791,0,,,29,105,134,22,91,13871,4340,9531
FH-2025-02093,2025-11-02,,,,Perdido,0,2025,2025-11,Marcelo Bastos,UniCosta Saúde,Operadora não verticalizada,PB,Implante de quadril,Ortopedia,156282,0,156282,Preço acima do concorrente,E1 Cotacao,0,0,0,0,0,0,0,0
FH-2025-02248,2025-11-02,2025-11-24,2025-11-26,2026-01-02,Ganho,1,2025,2025-11,Anderson Melo,Prever Saúde,Operadora não verticalizada,PE,Implante de quadril,Ortopedia,49716,49716,0,,,28,122,150,22,37,4017,1119,2898
FH-2025-02286,2025-11-02,2025-11-15,2025-11-30,2025-12-30,Ganho,1,2025,2025-11,Cíntia Barbosa,Hospital Casa Amarela,Hospital privado,PE,Haste intramedular,Ortopedia,16278,16278,0,,,31,130,161,13,30,612,159,453
FH-2025-02386,2025-11-02,,,,Perdido,0,2025,2025-11,Cíntia Barbosa,Hospital Municipal de Jaboatão,Hospital público,PE,Grampeador cirúrgico,Cirurgia geral,97707,0,97707,Cliente com fornecedor exclusivo,E1 Cotacao,0,0,0,0,0,0,0,0
FH-2025-02301,2025-11-03,2025-11-29,2025-12-18,,Perdido,0,2025,2025-12,Marcelo Bastos,Clínica Ortopédica Boa Viagem,Hospital privado,PE,Introdutor e guia,Cardiologia,221847,0,221847,Extravio intra-hospitalar,E3 Cirurgia,38,0,38,26,0,0,0,0
FH-2025-02326,2025-11-03,2025-11-25,2025-12-12,2026-01-16,Ganho,1,2025,2025-12,Rogério Lins,AssistCare Planos,Operadora não verticalizada,PE,Haste intramedular,Ortopedia,123549,123549,0,,,42,131,173,22,35,11848,4889,6959
FH-2025-01847,2025-11-04,2025-11-16,2025-11-27,2025-12-30,Ganho,1,2025,2025-11,Paulo Menezes,Hospital Manaíra,Hospital privado,PE,Stent farmacológico,Cardiologia,88374,88374,0,,,30,109,139,12,33,6762,3444,3318
FH-2025-01994,2025-11-04,2025-11-12,2025-11-23,2025-12-11,Ganho,1,2025,2025-11,Marcelo Bastos,Vitalis Rede Integrada,Operadora verticalizada,PE,Placas e parafusos,Ortopedia,227563,227563,0,,,43,130,173,8,18,22464,8081,14383
FH-2025-01999,2025-11-05,2025-11-21,2025-11-30,2026-03-03,Ganho,1,2025,2025-11,Verônica Sá,UniCosta Saúde,Operadora não verticalizada,PB,Kit de consumo cirúrgico,Cirurgia geral,22088,22088,0,,,20,98,118,16,93,1414,935,479
FH-2025-02002,2025-11-05,2025-11-28,2025-12-18,2026-03-13,Ganho,1,2025,2025-12,Diego Fontes,Vitalis Rede Integrada,Operadora verticalizada,PE,Stent farmacológico,Cardiologia,111383,111383,0,,,43,138,181,23,85,9117,2641,6476
FH-2025-02156,2025-11-05,2025-11-24,2025-12-02,2026-01-21,Ganho,1,2025,2025-12,Marcelo Bastos,Bem-Estar Saúde,Operadora verticalizada,PE,Placas e parafusos,Ortopedia,88051,88051,0,,,40,117,157,19,50,6080,1546,4534
FH-2025-02040,2025-11-06,2025-12-01,2025-12-14,2026-02-18,Ganho,1,2025,2025-12,Marcelo Bastos,Hospital Municipal de Paulista,Hospital público,PE,Placas e parafusos,Ortopedia,192037,192037,0,,,38,144,182,25,66,19965,12747,7218
FH-2025-02324,2025-11-06,2025-11-14,2025-11-26,2025-12-16,Ganho,1,2025,2025-11,Ricardo Aragão,Bem-Estar Saúde,Operadora verticalizada,PE,Marcapasso,Cardiologia,307324,307324,0,,,55,160,215,8,20,47386,31942,15444
FH-2025-01855,2025-11-07,,,,Perdido,0,2025,2025-11,Ricardo Aragão,UniCosta Saúde,Operadora não verticalizada,PB,Cateter para angioplastia,Cardiologia,207797,0,207797,Cliente com fornecedor exclusivo,E1 Cotacao,0,0,0,0,0,0,0,0
FH-2025-01900,2025-11-07,2025-11-26,2025-12-02,2026-03-04,Ganho,1,2025,2025-12,Rogério Lins,Hospital Rio Doce,Hospital privado,AL,Placas e parafusos,Ortopedia,89405,89405,0,,,34,132,166,19,92,6570,3930,2640
FH-2025-01903,2025-11-07,2025-11-20,2025-11-26,2025-12-29,Ganho,1,2025,2025-11,Ricardo Aragão,Vitalis Rede Integrada,Operadora verticalizada,PE,Haste intramedular,Ortopedia,624182,624182,0,,,69,175,244,13,33,51180,28208,22972
FH-2025-01949,2025-11-07,2025-11-12,2025-11-29,2026-02-15,Perdido,0,2025,2025-11,Ricardo Aragão,Vitalis Rede Integrada,Operadora verticalizada,PE,Grampeador cirúrgico,Cirurgia geral,370049,0,370049,Inadimplência do cliente,E4 Faturamento,56,0,56,5,78,0,0,0
FH-2025-02329,2025-11-07,2025-11-25,2025-12-11,2026-03-16,Ganho,1,2025,2025-12,Tatiana Coelho,Prever Saúde,Operadora não verticalizada,PE,Stent farmacológico,Cardiologia,189473,189473,0,,,31,86,117,18,95,4786,1667,3119
FH-2025-01976,2025-11-09,2025-11-21,2025-12-07,2026-02-07,Ganho,1,2025,2025-12,Anderson Melo,Hospital Candeias,Hospital privado,PB,Grampeador cirúrgico,Cirurgia geral,3934,3934,0,,,38,103,141,12,62,233,104,129
FH-2025-02096,2025-11-09,2025-11-21,2025-11-26,2026-02-14,Ganho,1,2025,2025-11,Anderson Melo,UniCosta Saúde,Operadora não verticalizada,PB,Cateter para angioplastia,Cardiologia,137919,137919,0,,,26,122,148,12,80,6514,4611,1903
FH-2025-01863,2025-11-11,,,,Perdido,0,2025,2025-11,Verônica Sá,Vitalis Rede Integrada,Operadora verticalizada,PE,Introdutor e guia,Cardiologia,248512,0,248512,Cliente com fornecedor exclusivo,E1 Cotacao,0,0,0,0,0,0,0,0
FH-2025-01961,2025-11-11,2025-11-15,2025-11-28,2025-12-20,Ganho,1,2025,2025-11,Anderson Melo,Hospital Prazeres,Hospital privado,PE,Cateter para angioplastia,Cardiologia,78176,78176,0,,,26,123,149,4,22,4039,2948,1091
FH-2025-02254,2025-11-11,2025-11-17,2025-12-05,2026-02-11,Ganho,1,2025,2025-12,Paulo Menezes,Hospital Jaguaribe,Hospital privado,AL,Grampeador cirúrgico,Cirurgia geral,65012,65012,0,,,45,110,155,6,68,3776,1244,2532
FH-2025-01837,2025-11-12,2025-12-01,2025-12-05,2026-01-26,Ganho,1,2025,2025-12,Diego Fontes,Vitalis Rede Integrada,Operadora verticalizada,PE,Placas e parafusos,Ortopedia,88112,88112,0,,,39,143,182,19,52,6422,3081,3341
FH-2025-01867,2025-11-12,2025-11-29,2025-12-04,2026-01-18,Ganho,1,2025,2025-12,Diego Fontes,Bem-Estar Saúde,Operadora verticalizada,PE,Implante de joelho,Ortopedia,190070,190070,0,,,63,144,207,17,45,16295,6483,9812
FH-2025-02031,2025-11-12,,,,Perdido,0,2025,2025-11,Cíntia Barbosa,Bem-Estar Saúde,Operadora verticalizada,PE,Introdutor e guia,Cardiologia,340963,0,340963,Cliente com fornecedor exclusivo,E1 Cotacao,0,0,0,0,0,0,0,0
FH-2025-02150,2025-11-12,2025-11-16,2025-11-26,2026-01-30,Ganho,1,2025,2025-11,Joana Rios,Prever Saúde,Operadora não verticalizada,PE,Placas e parafusos,Ortopedia,133831,133831,0,,,8,91,99,4,65,3171,1653,1518
FH-2025-02264,2025-11-12,,,,Perdido,0,2025,2025-11,Tatiana Coelho,AssistCare Planos,Operadora não verticalizada,PE,Material para artroscopia,Ortopedia,53930,0,53930,Cliente com fornecedor exclusivo,E1 Cotacao,0,0,0,0,0,0,0,0
FH-2025-01841,2025-11-13,2025-11-16,2025-12-03,2025-12-29,Ganho,1,2025,2025-12,Cíntia Barbosa,Hospital Boa Vista,Hospital privado,PB,Implante de quadril,Ortopedia,258010,258010,0,,,25,118,143,3,26,6783,4879,1904
FH-2025-02174,2025-11-13,2025-12-04,2025-12-14,2026-02-26,Ganho,1,2025,2025-12,Tatiana Coelho,Vitalis Rede Integrada,Operadora verticalizada,PE,Grampeador cirúrgico,Cirurgia geral,20340,20340,0,,,17,104,121,21,74,1154,511,643
FH-2025-02337,2025-11-13,2025-11-18,2025-11-21,2026-01-20,Ganho,1,2025,2025-11,Tatiana Coelho,Centro Cirúrgico Casa Forte,Hospital privado,PE,Placas e parafusos,Ortopedia,55794,55794,0,,,29,82,111,5,60,1628,1200,428
FH-2025-02091,2025-11-14,2025-11-23,2025-12-04,2026-02-19,Ganho,1,2025,2025-12,Tatiana Coelho,Hospital Graças,Hospital privado,PE,Implante de joelho,Ortopedia,66944,66944,0,,,21,104,125,9,77,3527,1536,1991
FH-2025-02145,2025-11-14,,,,Perdido,0,2025,2025-11,Rogério Lins,Vitalis Rede Integrada,Operadora verticalizada,PE,Marcapasso,Cardiologia,262968,0,262968,Preço acima do concorrente,E1 Cotacao,0,0,0,0,0,0,0,0
FH-2025-01879,2025-11-15,,,,Perdido,0,2025,2025-11,Rogério Lins,Hospital Casa Amarela,Hospital privado,PE,Placas e parafusos,Ortopedia,91534,0,91534,Preço acima do concorrente,E1 Cotacao,0,0,0,0,0,0,0,0
FH-2025-02090,2025-11-17,2025-12-12,2025-12-29,2026-02-27,Ganho,1,2025,2025-12,Ricardo Aragão,Hospital Ponta Verde,Hospital privado,PE,Haste intramedular,Ortopedia,266630,266630,0,,,78,141,219,25,60,41953,19597,22356
FH-2025-02319,2025-11-17,2025-11-23,2025-12-09,2026-02-16,Ganho,1,2025,2025-12,Rogério Lins,AssistCare Planos,Operadora não verticalizada,PE,Cateter para angioplastia,Cardiologia,57517,57517,0,,,43,115,158,6,69,6010,3796,2214
FH-2025-02275,2025-11-19,2025-12-08,,,Perdido,0,2025,2025-11,Cíntia Barbosa,Hospital Municipal do Cabo,Hospital público,PE,Marcapasso,Cardiologia,52316,0,52316,Procedimento não autorizado pelo pagador,E2 Autorizacao,0,0,0,19,0,0,0,0
FH-2025-02379,2025-11-19,2025-12-03,2025-12-10,,Perdido,0,2025,2025-12,Cíntia Barbosa,Bem-Estar Saúde,Operadora verticalizada,PE,Grampeador cirúrgico,Cirurgia geral,50773,0,50773,Troca de fornecedor em sala,E3 Cirurgia,15,0,15,14,0,0,0,0
FH-2025-02013,2025-11-20,2025-12-04,2025-12-10,2026-01-22,Ganho,1,2025,2025-12,Verônica Sá,UniCosta Saúde,Operadora não verticalizada,PB,Stent farmacológico,Cardiologia,207486,207486,0,,,35,96,131,14,43,10180,5997,4183
FH-2025-02172,2025-11-20,2025-12-01,2025-12-11,2026-01-21,Ganho,1,2025,2025-12,Paulo Menezes,AssistCare Planos,Operadora não verticalizada,PE,Introdutor e guia,Cardiologia,165388,165388,0,,,30,130,160,11,41,12934,8490,4444
FH-2025-02135,2025-11-21,2025-12-09,2025-12-27,2026-03-01,Ganho,1,2025,2025-12,Marcelo Bastos,Vitalis Rede Integrada,Operadora verticalizada,PE,Kit de consumo cirúrgico,Cirurgia geral,45159,45159,0,,,42,119,161,18,64,4869,2434,2435
FH-2025-02162,2025-11-21,,,,Perdido,0,2025,2025-11,Marcelo Bastos,Bem-Estar Saúde,Operadora verticalizada,PE,Implante de joelho,Ortopedia,95486,0,95486,Cliente com fornecedor exclusivo,E1 Cotacao,0,0,0,0,0,0,0,0
FH-2025-02270,2025-11-22,2025-12-08,2025-12-17,2026-01-07,Ganho,1,2025,2025-12,Ricardo Aragão,Hospital Cabo Branco,Hospital privado,PE,Marcapasso,Cardiologia,71985,71985,0,,,60,160,220,16,21,5922,4337,1585
FH-2025-01902,2025-11-23,2025-11-30,2025-12-02,2026-01-08,Ganho,1,2025,2025-12,Diego Fontes,Hospital Graças,Hospital privado,PE,Implante de quadril,Ortopedia,229464,229464,0,,,59,158,217,7,37,15461,5994,9467
FH-2025-02274,2025-11-24,,,,Perdido,0,2025,2025-11,Joana Rios,Hospital Municipal de Paulista,Hospital público,PE,Material para artroscopia,Ortopedia,144246,0,144246,Preço acima do concorrente,E1 Cotacao,0,0,0,0,0,0,0,0
FH-2025-02338,2025-11-25,2025-12-10,2025-12-26,2026-01-30,Ganho,1,2025,2025-12,Diego Fontes,UniCosta Saúde,Operadora não verticalizada,PB,Malha e tela cirúrgica,Cirurgia geral,107785,107785,0,,,44,128,172,15,35,11049,7850,3199
FH-2025-02197,2025-11-26,2025-12-17,2025-12-27,2026-03-26,Ganho,1,2025,2025-12,Cíntia Barbosa,Hospital Costa Verde,Hospital privado,RN,Haste intramedular,Ortopedia,27329,27329,0,,,32,118,150,21,89,701,181,520
FH-2025-02211,2025-11-26,2025-12-02,2025-12-09,2026-02-06,Ganho,1,2025,2025-12,Tatiana Coelho,Hospital Casa Amarela,Hospital privado,PE,Cateter para angioplastia,Cardiologia,44585,44585,0,,,13,111,124,6,59,2394,1331,1063
FH-2025-01940,2025-11-27,2025-12-09,2025-12-11,2026-02-09,Ganho,1,2025,2025-12,Diego Fontes,Vitalis Rede Integrada,Operadora verticalizada,PE,Stent farmacológico,Cardiologia,408794,408794,0,,,46,157,203,12,60,37217,22632,14585
FH-2025-01932,2025-12-02,2025-12-20,,,Perdido,0,2025,2025-12,Diego Fontes,Vitalis Rede Integrada,Operadora verticalizada,PE,Material para artroscopia,Ortopedia,85751,0,85751,Autorização expirou,E2 Autorizacao,0,0,0,18,0,0,0,0
FH-2025-02102,2025-12-02,,,,Perdido,0,2025,2025-12,Ricardo Aragão,Vitalis Rede Integrada,Operadora verticalizada,PE,Cateter para angioplastia,Cardiologia,349036,0,349036,Cliente com fornecedor exclusivo,E1 Cotacao,0,0,0,0,0,0,0,0
FH-2025-02170,2025-12-03,,,,Perdido,0,2025,2025-12,Diego Fontes,Prever Saúde,Operadora não verticalizada,PE,Malha e tela cirúrgica,Cirurgia geral,36033,0,36033,Preço acima do concorrente,E1 Cotacao,0,0,0,0,0,0,0,0
FH-2025-02227,2025-12-03,2025-12-17,2025-12-24,2026-03-24,Perdido,0,2025,2025-12,Cíntia Barbosa,Hospital Municipal de Jaboatão,Hospital público,PE,Placas e parafusos,Ortopedia,28023,0,28023,Nota fiscal não autorizada pelo hospital,E4 Faturamento,20,0,20,14,90,0,0,0
FH-2025-02055,2025-12-05,2025-12-10,2025-12-30,2026-03-19,Ganho,1,2025,2025-12,Ricardo Aragão,Bem-Estar Saúde,Operadora verticalizada,PE,Haste intramedular,Ortopedia,191046,191046,0,,,71,147,218,5,79,18063,7528,10535
FH-2025-01936,2025-12-06,2025-12-23,,,Perdido,0,2025,2025-12,Joana Rios,Clínica Cardio Espinheiro,Hospital privado,AL,Cateter para angioplastia,Cardiologia,159259,0,159259,Procedimento não autorizado pelo pagador,E2 Autorizacao,0,0,0,17,0,0,0,0
FH-2025-02146,2025-12-07,2025-12-15,,,Perdido,0,2025,2025-12,Cíntia Barbosa,Hospital Regional de Petrolina,Hospital público,PE,Implante de quadril,Ortopedia,93941,0,93941,Procedimento não autorizado pelo pagador,E2 Autorizacao,0,0,0,8,0,0,0,0
FH-2025-02303,2025-12-08,,,,Perdido,0,2025,2025-12,Anderson Melo,AssistCare Planos,Operadora não verticalizada,PE,Implante de joelho,Ortopedia,48426,0,48426,Preço acima do concorrente,E1 Cotacao,0,0,0,0,0,0,0,0
FH-2025-02217,2025-12-09,,,,Perdido,0,2025,2025-12,Ricardo Aragão,Bem-Estar Saúde,Operadora verticalizada,PE,Stent farmacológico,Cardiologia,283957,0,283957,Cotação respondida fora do prazo,E1 Cotacao,0,0,0,0,0,0,0,0
FH-2025-01970,2025-12-11,2026-01-01,,,Perdido,0,2025,2025-12,Rogério Lins,AssistCare Planos,Operadora não verticalizada,PE,Placas e parafusos,Ortopedia,100128,0,100128,Procedimento não autorizado pelo pagador,E2 Autorizacao,0,0,0,21,0,0,0,0
FH-2025-01873,2025-12-12,2025-12-18,2025-12-24,2026-02-27,Ganho,1,2025,2025-12,Cíntia Barbosa,Hospital Regional de Petrolina,Hospital público,PE,Malha e tela cirúrgica,Cirurgia geral,22115,22115,0,,,15,130,145,6,65,929,289,640
FH-2025-01995,2025-12-12,2025-12-20,2025-12-28,2026-01-24,Ganho,1,2025,2025-12,Marcelo Bastos,Bem-Estar Saúde,Operadora verticalizada,PE,Implante de joelho,Ortopedia,247069,247069,0,,,45,129,174,8,27,24653,10534,14119
FH-2025-01846,2025-12-13,2025-12-21,2025-12-23,2026-03-05,Ganho,1,2025,2025-12,Marcelo Bastos,Vitalis Rede Integrada,Operadora verticalizada,PE,Marcapasso,Cardiologia,107175,107175,0,,,56,119,175,8,72,12408,7098,5310
FH-2025-02027,2025-12-13,2025-12-21,,,Perdido,0,2025,2025-12,Verônica Sá,AssistCare Planos,Operadora não verticalizada,PE,Placas e parafusos,Ortopedia,89036,0,89036,Procedimento não autorizado pelo pagador,E2 Autorizacao,0,0,0,8,0,0,0,0
FH-2025-01952,2025-12-15,2026-01-03,,,Perdido,0,2025,2025-12,Ricardo Aragão,Bem-Estar Saúde,Operadora verticalizada,PE,Implante de joelho,Ortopedia,62870,0,62870,Autorização expirou,E2 Autorizacao,0,0,0,19,0,0,0,0
FH-2025-01960,2025-12-15,,,,Perdido,0,2025,2025-12,Cíntia Barbosa,Hospital Cabo Branco,Hospital privado,PE,Material para artroscopia,Ortopedia,88440,0,88440,Preço acima do concorrente,E1 Cotacao,0,0,0,0,0,0,0,0
FH-2025-02210,2025-12-15,,,,Perdido,0,2025,2025-12,Diego Fontes,Vitalis Rede Integrada,Operadora verticalizada,PE,Introdutor e guia,Cardiologia,892005,0,892005,Sem contrato para atender,E1 Cotacao,0,0,0,0,0,0,0,0
FH-2025-02198,2025-12-18,,,,Perdido,0,2025,2025-12,Ricardo Aragão,Vitalis Rede Integrada,Operadora verticalizada,PE,Material para artroscopia,Ortopedia,221557,0,221557,Preço acima do concorrente,E1 Cotacao,0,0,0,0,0,0,0,0
FH-2025-01967,2025-12-19,2025-12-23,2025-12-26,2026-02-21,Ganho,1,2025,2025-12,Ricardo Aragão,Vitalis Rede Integrada,Operadora verticalizada,PE,Material para artroscopia,Ortopedia,101530,101530,0,,,64,144,208,4,57,15092,10111,4981
FH-2025-02134,2025-12-20,,,,Perdido,0,2025,2025-12,Paulo Menezes,Bem-Estar Saúde,Operadora verticalizada,PE,Grampeador cirúrgico,Cirurgia geral,91471,0,91471,Produto indisponível em estoque,E1 Cotacao,0,0,0,0,0,0,0,0
FH-2025-01825,2025-12-24,,,,Perdido,0,2025,2025-12,Diego Fontes,Bem-Estar Saúde,Operadora verticalizada,PE,Implante de quadril,Ortopedia,98876,0,98876,Cliente com fornecedor exclusivo,E1 Cotacao,0,0,0,0,0,0,0,0
FH-2025-02229,2025-12-24,,,,Perdido,0,2025,2025-12,Verônica Sá,Prever Saúde,Operadora não verticalizada,PE,Implante de joelho,Ortopedia,43231,0,43231,Cliente com fornecedor exclusivo,E1 Cotacao,0,0,0,0,0,0,0,0
FH-2025-02117,2025-12-25,,,,Perdido,0,2025,2025-12,Rogério Lins,UniCosta Saúde,Operadora não verticalizada,PB,Haste intramedular,Ortopedia,97367,0,97367,Preço acima do concorrente,E1 Cotacao,0,0,0,0,0,0,0,0
FH-2025-02322,2025-12-25,,,,Perdido,0,2025,2025-12,Cíntia Barbosa,Hospital Regional de Petrolina,Hospital público,PE,Stent farmacológico,Cardiologia,190597,0,190597,Preço acima do concorrente,E1 Cotacao,0,0,0,0,0,0,0,0
FH-2025-02374,2025-12-25,2026-01-10,,,Perdido,0,2025,2025-12,Diego Fontes,Bem-Estar Saúde,Operadora verticalizada,PE,Haste intramedular,Ortopedia,40764,0,40764,Autorização expirou,E2 Autorizacao,0,0,0,16,0,0,0,0
FH-2025-02358,2025-12-28,,,,Perdido,0,2025,2025-12,Tatiana Coelho,Hospital Sete Coqueiros,Hospital privado,PE,Stent farmacológico,Cardiologia,33667,0,33667,Preço acima do concorrente,E1 Cotacao,0,0,0,0,0,0,0,0